acceptance_rate,account_age_months,activity_trend_ratio,activity_trend_ratio_1to5,avg_struggle_minutes,avg_struggle_minutes_1to5,burnout_flag,contests_per_month,current_rating,ds_solve_rate,ds_solve_rate_1to5,handle,math_solve_rate,math_solve_rate_1to5,max_rating,months_since_last_submission,post_drop_recovery,problems_solved_per_month,rating_volatility,rating_volatility_1to5,status_proxy,total_contests,total_problems_solved,total_submissions,upsolves_per_contest,upsolves_per_contest_1to5
0.491,197.4,0.1,1,10382.7,1,1,0.42,1435,0.35,2,36048517fbe749c8,0.463,2,1713,0.8,7.3,2.72,182.1,1,Active,82,534,1427,1.5,5
0.846,22.0,9.44,5,2257.0,2,0,0.38,1054,0.804,5,bdbe15796b6f4490,0.838,5,1124,0.8,-37.0,14.59,133.6,2,Active,8,309,428,0.5,4
0.415,22.5,0.73,3,1985.9,2,0,3.69,1648,0.299,2,8c3fcd70b33a9336,0.426,2,1702,0.3,15.4,17.81,78.0,5,Active,79,381,945,0.519,4
0.55,43.8,0.5,2,1874.0,2,0,1.97,1926,0.469,3,f7370f88289b68db,0.615,4,2086,0.0,15.4,43.86,82.5,5,Active,86,1918,3513,0.36,3
0.559,83.6,0.33,2,9.4,4,1,0.15,1604,0.404,3,50e8c33cd0a52010,0.589,4,1770,23.2,25.7,1.87,474.7,1,Stopped,9,113,202,1.0,5
0.504,11.0,1.87,4,536.9,3,0,0.93,1217,0.442,3,0b05d4a6e4b1e612,0.502,3,1217,0.0,28.0,22.61,123.5,3,Active,10,242,488,0.3,3
0.556,37.7,0.8,3,23309.4,1,0,0.35,1114,0.688,5,dd5a2993031b8bda,0.572,4,1127,0.6,57.5,8.05,128.9,2,Active,13,298,583,0.077,2
0.422,54.9,0.12,1,212.0,3,1,0.22,1190,0.361,2,f108d83c0c0ddcc4,0.397,1,1190,0.4,86.0,3.89,127.3,3,Active,12,212,507,0.833,5
0.196,21.2,0.29,2,21199.1,1,1,1.62,1185,0.142,1,a8e8744d9aa9af8b,0.188,1,1213,0.4,23.8,20.46,88.5,5,Active,31,392,2019,0.226,3
0.551,84.0,0.15,1,8472.9,1,1,1.43,1055,0.519,4,edbbb60bfecf2fd4,0.559,4,1369,23.1,2.5,11.77,157.7,1,Stopped,87,716,1322,0.747,4
0.507,155.0,0.71,3,20302.5,1,0,1.68,1601,0.404,3,8f7844f34565aafc,0.529,3,2169,0.9,7.1,14.35,106.4,4,Active,259,2206,4826,0.822,5
0.489,22.5,0.8,3,124.1,3,0,0.23,1002,0.421,3,02e9f6095a180113,0.441,2,1002,0.3,0.0,6.48,138.7,2,Active,5,144,321,0.4,4
0.461,24.4,0.43,2,3277.4,2,1,2.3,1370,0.351,2,d9a5263019831147,0.47,2,1624,2.5,13.0,15.67,99.3,4,Active,50,341,787,0.14,3
0.394,10.0,0.29,2,617.7,3,1,1.13,888,0.38,2,780b97eb0ab519a1,0.362,1,956,2.1,-41.5,31.11,143.2,2,Active,9,248,658,0.667,4
0.476,31.3,0.51,2,4051.7,1,0,1.72,1437,0.612,4,73247edb89b79b4c,0.473,2,1437,0.4,12.2,22.0,76.7,5,Active,51,652,1388,0.608,4
0.318,19.1,0.92,3,3114.1,2,0,0.33,954,0.444,3,52534e1567aa5a6e,0.475,2,974,0.4,0.0,9.41,147.2,1,Active,6,170,556,0.0,1
0.252,33.9,3.62,5,94.2,4,0,0.64,919,1.0,5,341d9afe9742f6c0,0.204,1,1081,0.9,-18.2,1.16,121.1,3,Active,15,27,111,0.067,2
0.333,7.8,2.0,4,0.0,5,0,2.21,866,0.333,2,b8392f499c578bb3,0.75,5,866,3.9,0.0,1.76,158.0,1,Stopped,5,4,12,0.0,1
0.548,24.9,0.56,2,2.4,5,0,1.06,1176,0.5,3,92ec2eff83e685cf,0.591,4,1176,0.4,0.0,3.04,161.7,1,Active,8,23,42,0.125,2
0.367,22.3,0.03,1,137.9,3,1,1.04,934,0.0,1,6f7d9d7f95ccb83f,0.579,4,1048,0.8,-56.5,2.87,159.6,1,Active,8,22,60,0.375,3
0.155,14.8,0.2,1,8.2,4,1,1.23,609,0.0,1,9b0d12bc4890681d,0.164,1,815,4.1,-24.4,1.23,125.0,3,Stopped,13,13,84,0.0,1
0.334,43.0,6.55,5,9368.3,1,0,0.22,1092,0.345,2,a15601a2646e7c19,0.333,1,1110,5.6,-1.0,2.6,179.7,1,Stopped,8,96,287,0.125,2
0.414,26.0,0.01,1,1718.9,2,1,0.62,841,0.357,2,2d7a80b4ae687b96,0.388,1,941,10.8,-13.5,4.43,140.1,2,Stopped,9,64,157,1.0,5
0.483,21.3,1.17,4,987.1,2,0,3.69,1012,0.472,3,04edacc92aa398ca,0.534,3,1093,0.0,9.5,43.61,72.9,5,Active,62,732,1659,1.29,5
0.466,66.4,0.03,1,4.0,5,1,0.21,1480,0.519,4,3f131e15a0d8011a,0.472,2,1489,14.2,1.0,1.51,137.0,2,Stopped,11,79,178,0.091,2
0.59,52.6,0.82,3,2372.7,2,0,0.13,1534,0.548,4,c876e931051301c9,0.603,4,1563,0.3,0.0,27.92,170.4,1,Active,7,1460,2703,1.0,5
0.447,23.3,0.4,2,4182.3,1,1,2.52,1125,0.513,4,e10ae09567dbe9c9,0.452,2,1231,0.9,17.5,34.87,84.6,5,Active,56,774,1793,1.161,5
0.571,38.8,0.2,1,14.7,4,1,0.45,1738,0.545,4,c017433fa845f974,0.63,4,1821,0.8,62.5,1.47,135.4,2,Active,17,56,98,0.059,2
0.51,7.4,0.7,3,461.4,3,0,1.37,1389,0.409,3,3c69b82f19ce503e,0.446,2,1389,0.1,0.0,6.71,130.1,2,Active,10,49,102,0.1,2
0.447,6.9,0.86,3,1516.1,2,0,1.36,895,0.273,1,3af7589001a03dda,0.425,2,938,0.0,0.0,64.31,137.0,2,Active,7,330,826,0.143,3
0.353,30.5,3.56,5,5658.1,1,0,0.48,1200,0.25,1,a7e99d461dc1cf12,0.392,1,1266,5.5,-21.7,2.49,144.5,1,Stopped,12,62,187,0.417,4
0.501,20.9,5.69,5,1187.4,2,0,1.16,813,0.522,4,72ac5972d8fed3d6,0.511,3,972,1.1,22.3,12.37,115.8,3,Active,23,245,535,1.13,5
0.254,55.4,0.3,2,772.5,3,1,0.25,1193,0.16,1,ce34bcafee433565,0.309,1,1293,6.1,42.0,2.56,176.1,1,Stopped,10,102,421,0.2,3
0.511,1.7,0.5,2,7.2,5,0,4.76,906,0.4,3,5b2293650a1b072c,0.52,3,988,0.0,-27.5,13.7,146.5,1,Active,8,23,45,0.0,1
0.515,10.6,1.13,4,134.4,3,0,1.35,1292,0.548,4,68fdb13f1932ac08,0.491,3,1308,0.0,38.5,25.38,130.0,2,Active,14,263,513,0.143,3
0.534,21.1,0.71,3,410.4,3,0,1.55,1430,0.4,3,6bae7bfb5c94c978,0.574,4,1500,3.0,20.2,8.7,101.1,4,Active,28,157,305,0.036,2
0.488,23.1,3.09,5,5662.0,1,0,2.58,1476,0.401,3,c9c0a30f77271f5d,0.507,3,1566,0.2,-0.2,28.89,84.7,5,Active,59,661,1452,0.864,5
0.43,19.8,1.59,4,18.3,4,0,0.27,1210,0.429,3,0ce728031dc54cf9,0.463,2,1210,1.1,0.0,2.62,183.9,1,Active,5,49,114,0.0,1
0.214,9.4,2.82,5,832.2,3,0,0.72,1111,0.2,1,494c12be78206cb6,0.203,1,1111,1.1,0.0,3.5,94.0,5,Active,6,29,145,0.0,1
0.436,29.5,0.02,1,835.5,3,1,0.38,1310,0.434,3,12be632c9efb5016,0.358,1,1770,0.2,-127.0,14.44,236.4,1,Active,11,423,1012,0.727,4
0.473,37.6,5.05,5,611.4,3,0,1.28,1111,0.459,3,bbf7821798372164,0.452,2,1561,4.3,-6.7,7.53,101.5,4,Stopped,30,176,393,0.9,5
0.435,21.2,1.28,4,9195.5,1,0,1.2,1231,0.517,4,57726c5cbcaff9da,0.44,2,1257,0.0,27.6,5.72,104.4,4,Active,24,114,262,0.0,1
0.396,24.1,2.87,5,3687.8,1,0,1.24,1381,0.408,3,836758afc24909c7,0.396,1,1381,0.4,49.0,34.28,130.2,2,Active,13,360,944,0.615,4
0.612,22.9,0.22,1,234.6,3,1,0.6,1266,0.091,1,c035d3f90ca9d66b,0.579,4,1266,2.7,0.0,9.29,115.7,3,Active,11,170,278,0.0,1
0.406,49.3,0.34,2,3968.8,1,1,0.5,1454,0.346,2,b65a7f80b942178c,0.401,2,1518,0.2,26.3,4.16,130.5,2,Active,22,183,453,0.727,4
0.368,3.3,0.97,3,4.7,5,0,1.6,1574,0.5,3,eb7c87b6a81473a7,0.28,1,1685,0.2,0.0,6.38,292.0,1,Active,5,20,57,0.0,1
0.672,13.6,0.15,1,6.9,5,1,1.56,1420,0.75,5,f6c73e4ec4f93caf,0.701,5,1514,3.3,-11.7,12.35,171.5,1,Stopped,16,127,189,0.0,1
0.462,25.1,0.39,2,905.5,2,1,4.0,1259,0.385,2,f8898485bb67e7d3,0.481,3,1534,6.6,8.2,29.09,83.0,5,Stopped,74,538,1174,0.608,4
0.618,42.3,0.65,3,4.5,5,0,0.5,2014,0.611,4,a856bbc8351e8e99,0.678,5,2065,0.2,33.0,13.18,160.3,1,Active,21,555,1020,0.333,3
0.846,17.0,2.96,5,8.7,4,0,0.97,1437,0.812,5,5733407ba39b8f28,0.827,5,1437,2.5,-3.0,10.49,124.7,3,Active,14,151,182,0.071,2
0.444,75.0,0.62,2,22718.1,1,0,1.23,2125,0.349,2,2efc762eda44d509,0.442,2,2283,1.5,8.4,14.88,89.5,5,Active,82,988,2286,0.524,4
0.693,27.5,0.42,2,12656.3,1,1,0.22,835,1.0,5,b86c1351d531bf5c,0.675,5,835,0.0,0.0,9.67,127.7,2,Active,6,266,411,0.0,1
0.437,17.0,0.01,1,49.3,4,1,0.91,1453,0.397,3,55009828a4ff3f1d,0.418,2,1453,0.5,45.4,14.49,130.9,2,Active,15,239,554,0.4,4
0.419,43.8,0.07,1,3.7,5,1,0.21,749,0.419,3,6fee948fd9101c51,0.231,1,923,1.1,-20.0,1.57,153.1,1,Active,9,67,160,0.0,1
0.638,41.4,1.06,4,4709.2,1,0,0.12,984,0.933,5,658e9a9e3277d884,0.645,5,984,0.0,0.0,3.19,102.5,4,Active,5,132,229,1.0,5
0.474,15.8,1.08,4,2407.0,2,0,1.65,1704,0.419,3,c87e404fe719e6ec,0.479,3,1726,0.0,42.2,65.21,118.4,3,Active,26,1027,2360,1.0,5
0.597,40.4,11.68,5,1558.6,2,0,1.61,2262,0.487,3,08b51b0806f7fb85,0.617,4,2262,1.2,43.5,16.69,103.1,4,Active,63,655,1116,0.222,3
0.417,4.7,0.62,2,218.0,3,0,6.09,956,0.233,1,74ce9925505a0d73,0.378,1,973,2.6,12.0,16.4,118.6,3,Active,13,35,84,0.308,3
0.521,34.4,2.23,5,3363.4,2,0,0.63,1074,0.492,3,0aa5da0acc534f1a,0.567,4,1153,2.6,25.7,8.61,108.6,4,Active,20,272,539,0.15,3
0.48,52.7,0.14,1,19209.2,1,1,1.03,1219,0.346,2,c23863751a3255b8,0.467,2,1219,0.1,7.3,16.52,99.1,4,Active,54,869,1846,0.481,4
0.33,20.4,0.55,2,1547.8,2,0,0.26,1035,0.441,3,2bdd153c0e2d27dc,0.362,1,1035,1.2,0.0,12.59,104.7,4,Active,5,239,745,1.0,5
0.437,9.5,0.34,2,2.4,5,1,1.8,1846,0.467,3,11ceef555e615fc6,0.52,3,1846,0.5,-9.0,5.5,188.4,1,Active,16,49,126,0.0,1
0.515,47.7,0.58,2,4.0,5,0,0.15,2200,0.692,5,3e614972d4aa4a90,0.406,2,2200,1.1,0.0,0.74,254.3,1,Active,7,34,68,0.286,3
0.385,56.0,3.42,5,11446.5,1,0,1.04,1605,0.363,2,fe67ac35092b778b,0.516,3,1841,0.1,14.9,14.3,103.4,4,Active,58,799,2146,0.759,4
0.455,26.8,0.7,3,1577.7,2,0,0.89,1192,0.32,2,fb4763f3c240a29c,0.46,2,1231,3.2,15.1,3.48,122.4,3,Stopped,21,82,189,0.095,2
0.697,46.3,0.29,2,2588.3,2,1,0.5,953,0.6,4,7ef30826ba544d1a,0.703,5,1128,0.4,-8.3,5.48,106.2,4,Active,23,250,426,0.043,2
0.463,9.4,6.04,5,2994.6,2,0,1.77,981,0.562,4,39c3891907faef34,0.446,2,995,0.0,24.8,16.38,107.0,4,Active,16,148,324,0.5,4
0.592,22.6,1.26,4,3425.2,2,0,1.05,1467,0.481,3,8e05f1f710bdb426,0.567,4,1467,0.3,39.0,21.74,112.6,4,Active,23,476,813,0.435,4
0.456,8.7,0.18,1,908.6,2,1,1.18,644,0.5,3,5c8c16df784253c8,0.391,1,849,0.4,-53.3,10.85,142.4,2,Active,9,83,193,0.333,3
0.51,38.5,0.26,1,27.4,4,1,1.58,940,0.357,2,d1c58bfc6ff8e8e2,0.533,3,1055,6.9,-1.2,3.29,82.2,5,Stopped,50,104,210,0.22,3
0.596,22.4,0.25,1,407.5,3,1,1.11,1253,0.75,5,4ef0410dbfb6bf5d,0.57,4,1253,12.2,42.5,11.22,112.2,4,Stopped,11,111,188,0.0,1
0.582,6.9,0.67,3,1691.4,2,0,2.19,1712,0.552,4,e846dfc840e4c428,0.604,4,1712,0.0,72.5,49.17,173.7,1,Active,15,337,644,2.467,5
0.512,111.0,0.38,2,648.8,3,1,1.86,2128,0.42,3,c8cb89809bd9fa5f,0.52,3,2412,6.1,10.3,30.23,121.2,3,Stopped,195,3167,7085,1.262,5
0.516,5.5,2.05,4,197.5,3,0,1.34,1012,0.385,2,e50ff4576c35b0e9,0.41,2,1012,0.2,0.0,5.35,121.4,3,Active,7,28,64,0.714,4
0.273,49.4,2.2,5,14760.5,1,0,0.48,1697,0.214,1,56e6a01d8f3586ae,0.359,1,1791,1.8,4.7,4.83,123.5,3,Active,23,230,851,1.0,5
0.487,31.2,0.53,2,1225.0,2,0,2.33,315,0.476,3,91d9da2192c6a325,0.55,4,1415,0.4,-10.8,14.26,90.0,5,Active,72,440,1005,0.611,4
0.312,11.4,0.52,2,12.0,4,0,1.51,1237,0.25,1,9afbf0f619d287e1,0.302,1,1237,2.6,86.7,3.47,137.7,2,Active,13,30,96,0.0,1
0.54,63.9,0.06,1,8318.0,1,1,0.52,1232,0.3,2,18de4231f5feb61d,0.537,3,1291,0.5,30.2,5.53,96.7,4,Active,33,350,661,0.424,4
0.5,16.2,0.06,1,8404.1,1,1,1.64,1005,1.0,5,67fbf44ee7295c3c,0.47,2,1005,0.5,51.8,11.09,91.4,5,Active,23,156,312,0.348,3
0.446,41.5,1.49,4,2737.5,2,0,1.91,1899,0.311,2,cf00575dd95004b8,0.488,3,2111,0.0,-1.5,24.55,90.5,5,Active,79,1017,2370,0.57,4
0.553,29.9,0.13,1,2792.3,2,1,0.99,599,0.49,3,75f17993c76dc79a,0.603,4,801,9.7,-7.9,24.84,109.6,4,Stopped,20,503,926,1.05,5
0.45,28.4,2.5,5,14176.3,1,0,0.4,1085,0.5,3,3bdb65c938712879,0.431,2,1085,0.5,72.5,10.12,134.1,2,Active,10,255,616,0.6,4
0.367,11.0,6.5,5,3.1,5,0,0.8,861,0.0,1,509be8471ffe272f,0.353,1,861,1.0,0.0,1.11,116.2,3,Active,8,11,30,0.0,1
0.382,35.0,0.11,1,2158.5,2,1,1.56,1050,0.192,1,97b997ff37d02d4b,0.39,1,1389,0.1,-10.2,8.5,93.4,5,Active,53,289,777,0.283,3
0.361,3.3,1.77,4,73.0,4,0,1.7,960,0.361,2,677e88d94fce1c5f,0.5,3,960,0.4,0.0,4.09,144.9,1,Active,5,12,36,0.0,1
0.52,17.6,0.72,3,2265.5,2,0,1.66,1220,0.58,4,7e2d2af0f9a502d5,0.519,3,1220,0.1,14.0,24.27,98.4,4,Active,29,424,819,0.207,3
0.359,18.8,0.17,1,2777.1,2,1,1.24,1093,0.257,1,a626c38e251f9ca5,0.369,1,1165,0.3,5.2,16.54,109.2,4,Active,23,306,873,0.783,4
0.508,33.7,0.07,1,5.0,5,1,0.4,1013,0.143,1,3c4eaa6c4de1d5e5,0.65,5,1126,4.9,52.0,1.05,130.8,2,Stopped,11,29,59,0.182,3
0.572,43.9,0.16,1,1226.9,2,1,0.83,1027,0.485,3,d9665a3d3d9b1689,0.654,5,1205,0.1,-4.5,4.78,107.6,4,Active,31,178,313,1.161,5
0.435,27.6,0.35,2,921.8,2,1,2.47,1702,0.418,3,65029e6192f8ce8f,0.454,2,1902,0.5,11.1,20.17,107.2,4,Active,53,433,1016,0.377,3
0.468,23.8,0.03,1,794.2,3,1,0.46,1166,0.111,1,b0eb31d01908e2fc,0.515,3,1300,1.9,0.0,1.6,138.4,2,Active,10,35,77,0.3,3
0.447,52.3,0.67,3,12401.5,1,0,0.72,1257,0.458,3,99facabf8b3fb531,0.455,2,1276,2.5,17.6,21.3,78.3,5,Active,36,1058,2657,1.278,5
0.425,12.0,0.53,2,3241.7,2,0,1.66,856,0.182,1,49c619e622112714,0.425,2,992,4.3,-21.0,16.86,128.1,2,Stopped,12,122,294,0.833,5
0.48,75.4,0.13,1,4728.7,1,1,1.02,1158,0.386,2,545f3adfe26d11d1,0.475,2,1365,2.0,6.8,6.43,88.2,5,Active,73,462,993,0.479,4
0.584,145.8,0.42,2,643.0,3,1,0.3,1449,0.42,3,70a5cba0823ccfec,0.618,4,1800,0.9,0.2,5.91,250.6,1,Active,44,854,1589,1.045,5
0.458,90.2,1.03,3,32.1,4,0,0.77,940,0.373,2,df94cceb27a9b257,0.484,3,1551,1.2,-6.8,1.78,196.3,1,Active,67,156,343,0.179,3
0.344,8.1,0.45,2,820.3,3,1,1.67,679,0.0,1,2a7a08118e07b1a2,0.355,1,860,0.5,-4.8,9.89,140.4,2,Active,11,65,192,0.0,1
0.571,10.0,0.34,2,131.1,3,1,2.91,1163,0.524,4,0ad83f306092fe23,0.667,5,1239,2.1,16.8,11.51,103.2,4,Active,23,91,189,1.217,5
0.314,35.6,1.97,4,102.0,3,0,2.1,1229,0.256,1,6b8d7f7b8a0c8ed5,0.288,1,1536,0.5,5.6,6.72,92.6,5,Active,56,179,574,0.054,2
0.575,58.6,0.33,2,835.9,3,1,0.4,1217,0.417,3,96da088fd6d34187,0.5,3,1300,0.6,17.4,2.05,106.0,4,Active,23,119,207,0.478,4
0.599,25.2,0.52,2,135.6,3,0,1.69,881,0.385,2,3b6fdc3652c45315,0.619,4,896,2.0,13.3,20.89,117.2,3,Active,11,136,297,0.182,3
0.734,54.8,2.01,4,20.4,4,0,0.18,728,0.821,5,c7ae036eb176c59b,0.69,5,902,1.0,-54.0,2.42,137.4,2,Active,9,120,229,0.667,4
0.374,18.4,0.63,3,9591.8,1,0,2.96,1347,0.329,2,c8bea698d9adb1d1,0.384,1,1347,0.0,17.4,41.45,79.3,5,Active,52,727,1981,0.212,3
0.204,81.4,0.15,1,13.2,4,1,1.6,766,0.219,1,657707408f907f12,0.236,1,1215,39.3,-5.8,2.15,101.6,4,Stopped,55,74,367,0.0,1
0.5,68.7,1.85,4,3768.3,1,0,1.12,1353,0.435,3,597c558a41ee5c50,0.529,3,1400,0.1,8.3,10.96,79.3,5,Active,77,752,1562,0.935,5
0.741,23.7,423.0,5,180.9,3,0,1.42,1402,0.656,5,ed84841e652d5c75,0.712,5,1402,0.4,-12.0,13.71,117.1,3,Active,32,308,424,0.094,2
0.53,76.6,3.4,5,2973.8,2,0,0.5,2101,0.429,3,fd984a90f9b28196,0.634,4,2405,0.1,-7.1,17.06,149.0,1,Active,38,1300,2498,0.395,4
0.701,13.0,3.19,5,11864.4,1,0,0.4,966,0.167,1,acbcb04ead0843cd,0.8,5,966,0.0,0.0,3.68,149.4,1,Active,5,46,67,0.0,1
0.482,49.1,0.41,2,24531.9,1,1,1.27,1125,0.434,3,675bc7b2abca8e4a,0.458,2,1157,0.0,9.0,13.0,73.5,5,Active,62,637,1332,0.952,5
0.416,90.2,0.38,2,2627.8,2,1,1.41,2190,0.414,3,c4add037c8ed05fe,0.411,2,2422,52.0,17.2,28.8,226.3,1,Stopped,54,1101,2744,0.704,4
0.268,53.3,1.89,4,16102.6,1,0,0.38,780,0.087,1,9b1c754b1dcda3c1,0.367,1,869,0.2,-18.5,0.68,120.9,3,Active,18,32,127,0.278,3
0.341,22.3,0.12,1,3169.3,2,1,0.9,803,0.4,3,0f5ea476bb8a7c10,0.357,1,901,0.8,30.8,4.04,104.4,4,Active,18,81,249,0.5,4
0.369,98.0,0.23,1,10.9,4,1,0.39,1000,0.462,3,fdc6959b364d7dc3,0.326,1,1369,0.4,-10.5,0.69,236.3,1,Active,38,67,187,0.053,2
0.632,30.1,0.27,1,10.0,4,1,0.17,1017,0.632,5,bb92b1f0e778dcd5,0.556,4,1017,0.4,0.0,0.41,119.5,3,Active,5,12,19,0.0,1
0.622,5.6,0.54,2,5.6,5,0,0.99,1716,0.4,3,887f7ebb0438e5f4,0.6,4,1716,0.5,0.0,4.57,208.5,1,Active,5,23,37,0.0,1
0.607,61.5,0.11,1,3800.8,1,1,0.56,1240,0.653,5,583bf87655484f01,0.625,4,1301,1.7,8.1,8.68,104.2,4,Active,28,432,1013,3.036,5
0.32,13.4,0.19,1,3.0,5,1,0.77,1133,0.25,1,425ffd6c433384ac,0.333,1,1133,0.5,26.0,1.53,141.4,2,Active,8,16,50,0.0,1
0.379,19.5,94.0,5,121.5,3,0,0.5,946,0.2,1,0efa32ec8e3969b6,0.4,1,981,0.8,0.0,2.5,130.9,2,Active,7,35,95,0.286,3
0.294,31.0,2.83,5,161.5,3,0,0.23,1037,0.238,1,d01a8b803efea181,0.299,1,1048,0.8,0.0,1.43,138.8,2,Active,7,43,153,2.571,5
0.58,28.0,1.68,4,1228.0,2,0,1.81,1417,0.706,5,c2d6438423f6b8c7,0.544,4,1417,6.0,24.7,20.08,100.6,4,Stopped,40,443,819,0.725,4
0.358,21.5,5.36,5,5075.2,1,0,0.87,1188,0.417,3,7410bc3a59633949,0.349,1,1193,4.3,32.0,6.76,125.7,3,Stopped,15,116,388,0.467,4
0.545,5.5,1.1,4,3.3,5,0,1.76,1642,0.125,1,ae48642282f38456,0.692,5,1642,1.3,0.0,6.05,158.9,1,Active,7,24,44,0.0,1
0.513,17.5,0.2,1,302.0,3,1,1.4,1528,0.472,3,7f190c8e53a72846,0.523,3,1727,0.9,-34.2,22.04,140.3,2,Active,20,315,659,1.2,5
0.47,34.2,0.86,3,6209.2,1,0,0.98,610,0.2,1,3e2fcd4d47b725fb,0.424,2,830,17.0,-28.6,9.21,135.7,2,Stopped,13,122,298,0.308,3
0.479,5.6,0.78,3,1103.1,2,0,1.02,880,0.385,2,e5f0af99493c8d96,0.435,2,880,0.5,0.0,10.61,120.3,3,Active,5,52,121,0.6,4
0.47,71.8,0.84,3,3836.9,1,0,0.64,1674,0.432,3,c9b94a30c35c0d7b,0.488,3,1767,1.4,43.8,10.29,105.8,4,Active,45,723,1582,1.222,5
0.481,21.5,1.54,4,3530.1,1,0,1.42,1017,0.318,2,7add335f6cc5e0fc,0.481,3,1195,0.3,-17.5,19.44,108.4,4,Active,30,411,921,0.233,3
0.618,30.8,0.21,1,3616.5,1,1,0.63,1492,0.633,5,16b0a2e36a029eb4,0.552,4,1492,5.6,6.5,18.86,137.9,2,Stopped,16,476,803,0.25,3
0.518,28.1,3.61,5,6183.8,1,0,0.51,1191,0.5,3,22ff224d7781184e,0.525,3,1248,0.4,-27.0,4.69,129.7,2,Active,9,83,166,0.0,1
0.395,5.1,0.58,2,1351.8,2,0,1.78,1406,0.333,2,3bc5ab59cbd42c4b,0.449,2,1512,0.0,59.0,16.97,195.1,1,Active,9,86,223,0.444,4
0.373,13.6,0.37,2,47.5,4,1,1.56,1716,0.317,2,22cdcd326d66f81a,0.396,1,1724,0.4,41.0,9.27,166.8,1,Active,15,89,276,0.733,4
0.466,33.7,2.18,5,743.1,3,0,1.69,1598,0.292,2,1cf0a9113cb62dc9,0.494,3,1598,0.1,10.5,6.76,99.4,4,Active,22,88,191,0.727,4
0.307,5.9,0.62,2,1136.8,2,0,0.94,989,0.333,2,545fd0a1a8b6b18f,0.283,1,989,0.6,0.0,14.03,133.1,2,Active,5,75,254,0.4,4
0.51,14.1,0.21,1,874.6,2,1,1.02,854,0.2,1,826a3bdea42f18a8,0.464,2,1042,0.3,1.8,3.78,131.2,2,Active,14,52,104,0.286,3
0.532,19.7,1.14,4,1624.8,2,0,1.0,1046,0.439,3,c90996fbc2579f0a,0.494,3,1077,2.6,3.5,20.12,125.9,3,Active,17,341,643,0.294,3
0.406,22.4,0.28,1,64.5,4,1,1.12,489,0.406,3,275c601e4df2cb78,0.36,1,834,9.0,-57.6,2.07,128.3,2,Stopped,13,24,64,0.0,1
0.412,33.2,0.51,2,231.8,3,0,0.44,892,0.243,1,844a7ea818bb75ec,0.402,2,1024,1.1,14.2,5.71,137.4,2,Active,14,182,464,0.643,4
0.348,35.7,0.13,1,3119.2,2,1,0.14,933,0.348,2,29286150279ed587,0.333,1,933,0.3,0.0,1.41,105.1,4,Active,5,50,158,0.2,3
0.448,9.5,0.74,3,9092.5,1,0,0.79,856,0.5,3,fe2bc44ef3da51ab,0.387,1,856,0.0,0.0,8.4,128.5,2,Active,7,74,172,0.571,4
0.317,17.6,0.8,3,8.1,4,0,0.46,1105,0.0,1,9b2edf030fbb8a8a,0.231,1,1105,6.7,0.0,1.84,122.6,3,Stopped,5,20,63,0.0,1
0.412,11.6,0.03,1,0.5,5,1,1.0,785,0.0,1,396a5571ac1e1b15,0.538,3,788,6.5,0.0,2.8,128.0,2,Stopped,5,14,34,0.0,1
0.304,17.1,0.03,1,3369.7,2,1,0.32,839,0.111,1,1994f46f99949446,0.393,1,848,1.2,0.0,1.01,127.0,3,Active,5,16,69,0.4,4
0.421,16.8,1.71,4,1.5,5,0,2.94,855,0.421,3,1575808fb434bdb9,0.308,1,855,14.3,0.0,4.71,143.6,1,Stopped,5,8,19,0.0,1
0.253,11.0,1.32,4,3885.3,1,0,0.56,998,0.143,1,7bf98739000c5c97,0.243,1,1020,0.2,0.0,6.56,121.2,3,Active,6,70,288,0.0,1
0.509,20.9,0.47,2,239.8,3,1,1.89,1008,0.355,2,36a62259f5e4427a,0.55,4,1159,0.5,-13.3,9.75,146.9,1,Active,12,62,171,2.917,5
0.671,13.0,0.45,2,411.5,3,1,2.67,1493,0.724,5,3d47c5ae950a006b,0.712,5,1493,0.0,13.0,37.0,110.3,4,Active,24,333,496,0.417,4
0.416,30.7,1.48,4,4898.7,1,0,1.65,1090,0.444,3,fe7eea82924e3925,0.396,1,1090,1.1,9.0,8.19,81.7,5,Active,44,219,555,0.318,3
0.436,22.6,0.51,2,8370.0,1,0,2.22,1256,0.557,4,ddc3c39e36231836,0.43,2,1256,2.8,25.8,24.1,91.7,5,Active,43,466,1127,0.512,4
0.587,12.4,0.56,2,64.3,4,0,1.21,954,0.667,5,a4e005f6a63a6d33,0.778,5,1003,1.1,-1.0,4.96,135.9,2,Active,10,41,75,0.1,2
0.347,23.1,0.05,1,1653.0,2,1,1.29,1194,0.15,1,0cfe3683179e99e4,0.354,1,1194,1.4,-3.2,3.08,112.8,4,Active,28,67,225,0.5,4
0.438,19.6,0.01,1,266.3,3,1,1.14,1467,0.354,2,9da34452e49064c7,0.528,3,1467,1.6,12.8,13.88,106.6,4,Active,20,243,607,1.05,5
0.489,24.8,0.38,2,45.3,4,1,0.57,1261,0.458,3,8faa3f5b630211fc,0.522,3,1327,0.2,9.5,9.9,120.2,3,Active,14,243,548,1.286,5
0.365,21.2,0.22,1,1442.9,2,1,0.74,801,0.5,3,049141c27c932cb0,0.394,1,917,5.6,33.7,5.48,140.5,2,Stopped,11,81,230,0.364,3
0.447,33.5,3.11,5,2181.4,2,0,1.61,1223,0.143,1,8b00c83731e52fa9,0.496,3,1372,0.8,14.2,5.17,93.5,5,Active,42,135,304,0.19,3
0.615,16.3,0.86,3,85.7,4,0,0.31,879,0.447,3,97124aa789de423c,0.645,5,879,0.4,0.0,36.22,124.8,3,Active,5,578,977,0.2,3
0.346,52.9,24.81,5,7991.1,1,0,0.47,934,0.438,3,27db10773bc553fe,0.325,1,979,0.3,-3.5,4.3,106.1,4,Active,24,222,671,0.25,3
0.418,147.4,1.0,3,3218.1,2,0,0.43,2385,0.395,2,b52627ad51060879,0.476,2,2385,31.1,20.0,13.33,207.5,1,Stopped,50,1550,4012,0.74,4
0.678,21.7,1.11,4,981.5,2,0,2.43,722,0.833,5,02cd211c6c192a54,0.653,5,937,0.1,4.3,28.68,95.2,5,Active,43,507,792,0.558,4
0.518,8.5,0.87,3,3054.9,2,0,1.86,951,0.5,3,54c50c426d43a501,0.519,3,992,0.7,-11.3,22.08,133.8,2,Active,9,107,224,0.667,4
0.204,144.0,6.0,5,38.9,4,0,0.14,1059,0.204,1,1981e41885b8d1d0,0.5,3,1371,73.2,-50.7,0.24,535.7,1,Stopped,6,10,49,0.5,4
0.51,10.4,0.16,1,109.1,3,1,0.51,883,0.51,4,b1a1b603f91d4c2b,0.429,2,883,0.5,0.0,2.65,112.5,4,Active,5,26,51,0.0,1
0.475,9.9,0.15,1,8.5,4,1,1.91,942,0.667,5,147e10bee6946e56,0.462,2,1042,5.5,0.0,7.92,172.3,1,Stopped,7,29,61,0.0,1
0.481,25.8,4.17,5,4091.2,1,0,1.53,1476,0.551,4,c864afb7bd9df020,0.483,3,1476,0.6,33.8,21.32,91.6,5,Active,34,474,1035,0.794,5
0.547,32.0,0.54,2,2708.4,2,0,1.52,1203,0.562,4,bde0eebaec39a694,0.554,4,1307,1.8,-2.2,13.33,82.9,5,Active,46,403,742,0.348,3
0.388,34.4,1.48,4,1447.2,2,0,0.41,1598,0.303,2,1906b4991ba9a7b1,0.504,3,1631,0.4,15.0,6.26,143.4,1,Active,14,213,663,0.214,3
0.524,11.4,0.98,3,31.5,4,0,1.39,888,0.692,5,8c00d210ef82d57e,0.667,5,1034,0.6,-14.3,4.91,119.2,3,Active,15,53,103,0.067,2
0.583,7.3,1.82,4,9.6,4,0,0.91,827,0.583,4,7b43d20757d19079,0.552,4,867,0.0,0.0,4.27,133.4,2,Active,6,28,48,0.0,1
0.479,12.9,1.38,4,8387.5,1,0,1.03,1243,0.714,5,3b5410a842b60ca1,0.566,4,1262,1.3,13.0,11.52,114.5,3,Active,12,134,290,0.25,3
0.407,19.6,0.37,2,83.2,4,1,0.51,1091,0.464,3,7004ad79e0e99df8,0.45,2,1091,3.1,0.0,5.66,150.6,1,Stopped,7,77,189,0.143,3
0.393,22.2,0.32,2,1984.2,2,1,2.21,1206,0.397,3,0e4e6338d65a91c5,0.388,1,1234,3.6,33.1,19.35,88.3,5,Stopped,41,359,1074,0.537,4
0.558,22.8,4.94,5,4329.2,1,0,1.73,1430,0.566,4,dbe6313f997dedee,0.576,4,1465,0.2,28.9,12.86,89.5,5,Active,38,282,505,0.158,3
0.449,10.5,1.27,4,2277.0,2,0,2.01,1529,0.263,1,663313353be91459,0.444,2,1529,0.1,63.0,19.17,123.1,3,Active,21,200,448,0.905,5
0.444,73.8,0.03,1,4555.9,1,1,0.66,842,0.231,1,187d45c01f021adc,0.388,1,974,43.3,23.8,5.64,127.1,3,Stopped,20,172,423,0.25,3
0.224,23.5,0.6,2,93.6,4,0,0.52,1236,1.0,5,f27de02d56b8c94c,0.241,1,1236,10.1,0.0,1.04,85.0,5,Stopped,7,14,67,0.429,4
0.452,47.2,2.94,5,22.6,4,0,2.16,1354,0.333,2,35e9432c8e042dcc,0.383,1,1496,37.5,-8.0,5.86,91.5,5,Stopped,21,57,126,0.0,1
0.667,11.4,0.11,1,0.9,5,1,0.76,858,0.667,5,6397b3888b6cc3a8,0.6,4,869,4.3,0.0,3.65,133.1,2,Stopped,5,24,39,0.0,1
0.441,39.6,0.43,2,927.7,2,1,0.61,1750,0.49,3,283ce870729c5ab3,0.538,3,1842,6.6,-16.0,11.14,161.1,1,Stopped,20,368,846,0.35,3
0.592,34.4,1.05,4,4268.0,1,0,2.48,1447,0.463,3,18d76ad86c41f16b,0.568,4,1447,1.2,18.1,14.29,72.5,5,Active,70,403,692,0.057,2
0.375,23.8,16.6,5,102.8,3,0,0.54,1227,0.222,1,e52478a9f801c561,0.478,3,1268,3.1,23.0,1.97,167.5,1,Stopped,9,33,88,0.556,4
0.547,21.2,25.65,5,1419.8,2,0,2.33,1345,0.609,4,7c696975f0d506f8,0.555,4,1407,0.0,9.9,34.9,82.0,5,Active,40,600,1146,1.1,5
0.465,24.2,1.52,4,10585.2,1,0,0.23,905,0.0,1,00b73dd5b6fb432a,0.5,3,905,0.4,0.0,1.99,118.4,3,Active,5,43,101,0.0,1
0.533,36.1,4.35,5,11472.9,1,0,2.19,1321,0.454,3,71c2291fa41496d3,0.568,4,1347,0.0,2.9,32.41,75.0,5,Active,79,1169,3107,3.797,5
0.466,5.0,0.03,1,2.7,5,1,1.1,1073,0.2,1,c73a4d730e78aa0f,0.538,3,1073,0.5,0.0,16.32,117.2,3,Active,5,74,161,0.0,1
0.57,43.3,2.07,4,3920.3,1,0,0.93,1143,0.509,4,9d8dd45ab30ae719,0.604,4,1172,0.3,0.0,32.27,100.8,4,Active,23,796,1502,0.565,4
0.584,25.5,0.21,1,2624.8,2,1,3.46,1205,0.548,4,f1205b10b88d3b65,0.579,4,1205,13.1,4.6,18.89,82.5,5,Stopped,43,235,404,0.256,3
0.309,51.0,0.61,2,2688.4,2,0,1.14,1320,0.223,1,c78944792910b849,0.325,1,1435,17.7,14.8,10.9,110.4,4,Stopped,38,364,1196,0.632,4
0.536,18.3,0.38,2,4.4,5,1,1.5,1100,0.2,1,049c98fd990d22a5,0.514,3,1100,0.5,18.7,5.4,111.8,4,Active,25,90,168,0.0,1
0.543,32.0,4.58,5,11935.6,1,0,0.89,1948,0.539,4,cc1815b8f7d46909,0.53,3,2060,0.2,46.4,11.57,135.0,2,Active,26,338,647,0.5,4
0.423,27.9,0.61,2,741.4,3,0,2.54,1613,0.305,2,a6198d409242d64f,0.416,2,1613,0.9,15.0,9.19,99.0,4,Active,57,206,494,0.386,3
0.367,21.3,1.08,4,292.0,3,0,1.06,1492,0.245,1,f493f390cf702168,0.329,1,1623,6.2,62.3,7.14,180.6,1,Stopped,16,108,297,0.188,3
0.459,21.5,1.18,4,2156.8,2,0,0.42,1153,0.556,4,e7f7e264618ce33a,0.393,1,1153,8.7,0.0,8.77,121.3,3,Stopped,5,104,231,0.2,3
0.484,22.3,1.0,3,1899.3,2,0,2.55,1112,0.467,3,345e974efe592c0a,0.494,3,1406,0.0,14.4,36.74,95.7,4,Active,36,519,1129,1.111,5
0.27,40.6,0.33,2,69.8,4,1,0.75,1418,0.182,1,d411a7d1ed34455c,0.315,1,1515,0.5,16.8,5.63,173.6,1,Active,16,120,456,0.0,1
0.386,74.3,0.09,1,116.7,3,1,0.68,1295,0.388,2,35c792fb08094e36,0.351,1,1465,31.4,-10.6,3.56,273.4,1,Stopped,29,153,404,0.483,4
0.677,13.7,2.28,5,1279.1,2,0,2.05,1385,0.656,5,c4007410e090912a,0.706,5,1388,0.0,19.5,28.37,107.0,4,Active,24,332,499,0.708,4
0.404,15.4,3.12,5,499.5,3,0,0.75,1267,0.385,2,68031d3b6e4a2edb,0.474,2,1267,0.5,164.0,13.29,115.9,3,Active,11,196,495,0.0,1
0.456,116.8,0.81,3,563.7,3,0,0.66,1545,0.5,3,4c9b08e140cef877,0.577,4,1685,32.8,17.0,3.69,200.0,1,Stopped,55,310,688,0.291,3
0.554,12.4,1.24,4,381.0,3,0,4.46,1789,0.533,4,3bebbe78e61bc53e,0.558,4,1837,0.0,17.7,80.59,101.7,4,Active,55,994,1913,0.527,4
0.49,80.1,12.73,5,945.6,2,0,0.41,1406,0.431,3,5a2ac5adde9638a4,0.477,2,1504,0.1,4.7,8.98,83.6,5,Active,33,719,1565,0.333,3
0.278,22.2,1.89,4,132.2,3,0,0.23,995,0.053,1,a6e6342db2d5025b,0.253,1,995,0.2,0.0,2.06,156.1,1,Active,5,45,176,0.0,1
0.396,47.6,0.14,1,257.2,3,1,0.3,2210,0.341,2,06b26e24583c9b1e,0.482,3,2274,0.0,164.0,4.23,213.1,1,Active,11,157,439,1.273,5
0.525,72.9,0.06,1,1233.1,2,1,0.68,1428,0.465,3,d8cdc7b9fc5f5da3,0.506,3,1460,12.4,8.0,11.16,101.1,4,Stopped,41,674,1344,1.171,5
0.555,49.3,5.46,5,291.6,3,0,0.73,1077,0.818,5,43381ac79706e254,0.541,3,1138,22.9,55.2,6.7,107.8,4,Stopped,16,147,265,0.5,4
0.345,19.9,1.02,3,249.4,3,0,3.92,1277,0.271,1,ac2c8c9a2703a927,0.37,1,1529,0.2,-4.9,29.62,78.7,5,Active,75,566,1748,0.973,5
0.538,23.1,4.57,5,2.9,5,0,0.4,1127,1.0,5,dc5a307b06a34e39,0.531,3,1127,0.4,86.0,0.93,114.8,3,Active,9,21,39,0.0,1
0.449,23.0,0.47,2,503.9,3,1,1.53,1477,0.52,4,48c3a9b80532aaf3,0.494,3,1477,2.7,9.5,25.14,101.4,4,Active,29,478,1161,2.069,5
0.635,30.7,0.16,1,40.5,4,1,0.52,1388,0.367,2,20db01a896175d29,0.632,4,1388,7.5,116.0,16.16,129.7,2,Stopped,12,376,617,0.25,3
0.498,16.0,0.3,2,4684.7,1,1,1.15,1219,0.446,3,d9c2e0305bc11a9c,0.581,4,1247,0.4,19.5,9.09,124.6,3,Active,18,142,301,0.222,3
0.414,20.7,1.71,4,4274.2,1,0,0.73,1691,0.279,1,d4f28911221ce858,0.409,2,1691,0.2,12.0,8.71,106.9,4,Active,15,179,469,0.467,4
0.462,20.1,1.01,3,1166.7,2,0,3.22,1490,0.403,3,a319bed130086b96,0.503,3,1680,0.2,11.0,32.46,89.0,5,Active,64,646,1598,0.625,4
0.433,115.0,0.01,1,17.0,4,1,0.29,1729,0.218,1,68992dbf5dd7678c,0.622,4,1853,0.4,47.4,1.22,253.4,1,Active,32,134,323,0.219,3
0.325,5.4,0.74,3,37.4,4,0,3.14,836,0.143,1,e9e2770413af90fb,0.3,1,990,1.3,-31.0,6.29,126.3,3,Active,13,26,80,0.077,2
0.601,19.0,1.06,4,9.7,4,0,1.75,1782,0.524,4,946b45d4d24dfa8a,0.62,4,1782,0.2,45.5,7.28,95.0,5,Active,30,125,208,0.1,2
0.448,71.6,2.86,5,199.6,3,0,0.11,1341,0.35,2,5ef991d37d62f904,0.524,3,1419,0.3,-23.0,0.86,141.9,2,Active,8,61,143,1.0,5
0.472,30.7,0.79,3,1344.3,2,0,1.8,1476,0.528,4,4b0824cf7d2336b9,0.488,3,1476,0.1,33.1,31.41,76.9,5,Active,55,962,2417,0.473,4
0.55,20.2,19.0,5,9.4,4,0,0.47,819,0.375,2,b932460627bd0f5e,0.5,3,819,1.8,0.0,1.02,137.4,2,Active,5,11,20,0.0,1
0.422,32.2,1.11,4,20.8,4,0,2.56,931,0.333,2,dc9115404251f12d,0.494,3,1012,7.9,-2.8,3.15,83.7,5,Stopped,60,74,192,0.05,2
0.35,8.5,0.25,1,2.6,5,1,1.1,1311,0.167,1,e0f9a2e4b33bc5c0,0.333,1,1442,0.8,-34.0,2.89,214.5,1,Active,8,21,60,0.0,1
0.335,109.1,0.02,1,360.7,3,1,0.64,1429,0.26,1,e95cb40c16af4f63,0.27,1,1619,0.3,11.6,4.1,170.2,1,Active,70,446,1416,0.271,3
0.58,27.3,0.51,2,14219.8,1,0,0.22,852,0.5,3,8aa2f0bdcb2b056b,0.601,4,898,0.0,0.0,9.0,151.2,1,Active,6,245,452,0.333,3
0.327,9.4,1.04,4,13273.7,1,0,1.14,1102,0.125,1,c646f2114af71813,0.475,2,1374,0.2,-84.0,6.87,186.7,1,Active,9,54,165,0.0,1
0.443,32.5,0.68,3,800.5,3,0,1.54,1012,0.533,4,c90fcbf015046e5e,0.462,2,1200,0.1,-14.4,11.44,83.0,5,Active,42,311,713,0.667,4
0.448,55.0,0.74,3,2135.9,2,0,1.9,1183,0.495,3,bbdc15806fc55088,0.441,2,1225,22.2,3.9,12.57,83.9,5,Stopped,48,318,792,0.562,4
0.857,8.6,1.33,4,0.5,5,0,4.28,930,0.857,5,1f82eadcfd046bf3,0.875,5,940,1.3,0.0,8.57,124.5,3,Active,6,12,14,0.0,1
0.4,21.5,0.05,1,2980.7,2,1,0.9,1091,0.571,4,ed9db018fe0a77c0,0.385,1,1129,6.3,15.5,6.73,139.8,2,Stopped,13,97,260,0.154,3
0.748,9.6,1.49,4,28.0,4,0,1.89,1563,0.75,5,9cd6fbf6b37010a4,0.718,5,1632,0.0,35.0,29.73,147.9,1,Active,16,252,361,0.0,1
0.395,10.4,0.41,2,18.5,4,1,1.03,897,0.395,2,8a4660dd0b8a0551,0.273,1,905,0.5,0.0,3.08,132.8,2,Active,5,15,38,0.0,1
0.399,58.9,2.8,5,122.7,3,0,0.1,825,0.556,4,aeabe01c933a89a7,0.472,2,825,9.5,0.0,1.82,116.1,3,Stopped,5,90,243,0.4,4
0.486,6.6,0.76,3,288.3,3,0,4.13,1661,0.41,3,88ffc98d71066f9e,0.465,2,1853,0.0,21.4,64.75,134.4,2,Active,27,423,912,0.519,4
0.495,26.6,0.94,3,385.4,3,0,2.99,1427,0.385,2,44d6075675f10c34,0.611,4,1427,0.0,0.0,25.74,103.6,4,Active,5,43,91,0.8,5
0.394,49.1,1.7,4,4327.6,1,0,1.0,1945,0.27,1,ef44ebf6bfcc8753,0.393,1,1945,17.0,29.4,8.59,112.1,4,Stopped,32,276,780,0.031,2
0.636,7.1,0.27,1,4.7,5,1,3.66,1603,0.542,4,bb1fdbb77f40b0f2,0.6,4,1603,4.4,4.0,24.51,189.7,1,Stopped,10,67,107,0.4,4
0.295,16.8,0.27,1,6.6,5,1,0.8,2026,0.159,1,ebd99817307aa4dd,0.297,1,2026,0.4,162.5,4.8,176.6,1,Active,11,66,224,0.0,1
0.504,26.9,0.02,1,343.2,3,1,0.66,1719,0.512,4,55c1ea8d24ef2835,0.529,3,1719,1.0,56.8,16.46,130.0,2,Active,17,426,869,0.882,5
0.533,53.2,0.69,3,47.8,4,0,0.56,972,0.208,1,3b550dc9f56065c1,0.513,3,1159,0.4,4.7,2.54,104.1,4,Active,29,132,274,0.414,4
0.51,47.6,5.94,5,1612.3,2,0,0.23,1947,0.486,3,edff21570df5c9fa,0.58,4,1990,0.4,15.5,26.74,168.6,1,Active,11,1260,2844,1.727,5
0.526,47.9,31.46,5,323.4,3,0,0.57,1924,0.509,4,efeb9888b69a7f36,0.609,4,1994,0.8,35.0,4.66,146.1,1,Active,27,219,422,0.593,4
0.366,34.7,1.65,4,11.7,4,0,0.4,1041,0.0,1,d45367c10e5f2c28,0.545,4,1100,0.7,-3.7,1.08,134.0,2,Active,11,30,82,0.0,1
0.632,46.4,4.1,5,147.9,3,0,0.5,1408,0.562,4,a4f3aae3519740bd,0.654,5,1563,0.8,22.2,3.42,123.7,3,Active,23,156,250,0.435,4
0.445,22.0,1.05,4,1129.7,2,0,3.95,1392,0.366,2,5143c5aeff7cbd0f,0.482,3,1564,0.2,15.9,33.1,77.1,5,Active,83,695,1577,1.108,5
0.488,39.7,25.47,5,16219.9,1,0,0.78,1356,0.387,2,164a837c5149cd4b,0.502,3,1389,0.2,33.5,11.02,96.7,4,Active,31,436,900,0.774,4
0.41,13.4,3.03,5,200.2,3,0,3.2,1254,0.359,2,d43930911faa0751,0.427,2,1423,0.0,7.0,25.62,97.4,4,Active,41,328,842,0.756,4
0.58,3.1,1.19,4,70.8,4,0,3.98,1459,0.636,5,0f02d3a9e9beb3cb,0.657,5,1485,0.3,56.0,17.02,175.7,1,Active,11,47,81,0.364,3
0.396,29.1,0.71,3,12039.9,1,0,3.24,1475,0.29,1,0c3a6f17e2a89e6a,0.423,2,1475,0.5,9.7,11.56,68.4,5,Active,92,328,830,0.12,2
0.471,9.3,0.69,3,2097.5,2,0,1.24,1399,0.296,2,6957d96b5e988712,0.549,4,1557,0.4,-76.5,12.98,151.7,1,Active,11,115,280,0.818,5
0.252,12.6,0.17,1,216.2,3,1,0.56,991,0.133,1,baeb34881e6b62a5,0.242,1,991,0.0,0.0,18.86,124.8,3,Active,7,237,949,2.571,5
0.443,35.0,23.64,5,6.7,5,0,2.49,1262,0.24,1,59a36e5b8fc12770,0.458,2,1426,18.2,2.9,7.47,100.3,4,Stopped,40,120,271,0.15,3
0.494,58.2,1.17,4,3241.8,2,0,1.86,1859,0.424,3,95cf6afba1df6465,0.52,3,2133,0.1,19.9,21.51,88.0,5,Active,89,1031,2165,0.236,3
0.28,27.2,1.08,4,10.7,4,0,2.9,823,0.0,1,3db80187bc58a805,0.263,1,858,22.4,8.8,2.9,112.4,4,Stopped,14,14,50,0.0,1
0.4,36.0,2.38,5,547.3,3,0,1.62,580,0.111,1,035b89169fef58b0,0.403,2,834,24.1,-7.3,5.39,132.7,2,Stopped,15,50,125,0.067,2
0.467,129.5,0.12,1,13410.7,1,1,0.7,1481,0.436,3,213b80c540ec7b8b,0.497,3,1744,0.1,3.2,8.08,154.7,1,Active,90,1046,2321,0.856,5
0.424,43.8,0.59,2,6490.7,1,0,5.04,1480,0.394,2,b2d0addeada954e3,0.443,2,1750,0.3,9.1,40.72,68.2,5,Active,214,1728,4552,2.028,5
0.561,73.4,0.02,1,346.2,3,1,0.75,1635,0.513,4,e57d3ea3bd00143a,0.567,4,1635,18.4,4.7,12.73,102.5,4,Stopped,41,700,1416,1.39,5
0.505,40.1,0.09,1,1689.8,2,1,1.2,1208,0.415,3,ee9d5d4dbff95644,0.507,3,1398,0.8,14.3,8.48,82.1,5,Active,47,333,673,0.383,3
0.483,50.2,0.13,1,2694.3,2,1,0.68,1186,0.417,3,c1e6769ba8e52300,0.418,2,1346,16.4,0.2,2.49,96.7,4,Stopped,23,84,180,0.13,2
0.376,13.6,1.79,4,7.8,5,0,0.86,1033,0.308,2,ac736bef0de80aee,0.333,1,1133,0.4,-12.7,4.9,140.4,2,Active,11,63,173,0.0,1
0.487,54.6,0.4,2,5154.3,1,1,1.0,2039,0.442,3,8d10dfb2a5319ef1,0.519,3,2059,5.4,38.7,27.92,97.3,4,Stopped,49,1370,3114,1.02,5
0.516,22.6,0.32,2,516.5,3,1,0.53,1244,0.273,1,66ac5f27aba218e5,0.537,3,1266,0.1,10.7,6.27,140.7,2,Active,12,141,279,0.167,3
0.471,57.9,12.8,5,10486.8,1,0,0.37,1070,0.4,3,fb8343692857b096,0.408,2,1101,0.7,-4.6,2.17,104.3,4,Active,21,122,276,0.333,3
0.458,19.1,3.45,5,19.1,4,0,0.97,1271,0.375,2,fa803acdeb1efdcb,0.398,1,1271,0.0,35.0,5.75,93.1,5,Active,18,107,236,0.056,2
0.336,55.2,1.87,4,38.8,4,0,0.33,1677,0.289,1,712ba92fb795eb30,0.313,1,1677,3.8,-18.8,8.45,169.1,1,Stopped,16,410,1274,0.5,4
0.436,20.4,1.28,4,3929.6,1,0,0.42,1220,0.214,1,7f2a1481ee383db0,0.461,2,1220,2.8,0.0,17.81,144.1,1,Active,7,298,685,0.286,3
0.521,11.8,0.26,1,5784.4,1,1,2.11,1008,0.5,3,86f5fd88c47de2ca,0.464,2,1083,0.6,14.4,17.7,92.6,5,Active,22,185,374,0.091,2
0.586,20.8,1.07,4,1509.9,2,0,0.48,1258,0.582,4,fec0e0c55a213ae5,0.514,3,1258,0.0,0.0,13.49,116.3,3,Active,10,279,490,0.1,2
0.467,37.1,0.71,3,2807.1,2,0,2.26,1614,0.38,2,8f4465824b77ae96,0.466,2,1614,0.8,1.9,33.28,76.5,5,Active,82,1208,2644,1.183,5
0.791,5.4,0.37,2,1472.4,2,1,1.94,1343,0.778,5,9b658c92fa13e60e,0.812,5,1343,0.0,0.0,26.33,117.1,3,Active,10,136,182,0.1,2
0.552,32.6,5.62,5,1011.6,2,0,1.13,824,0.429,3,a6d77f19ef37a363,0.517,3,912,0.3,5.2,6.19,115.2,3,Active,17,93,212,0.412,4
0.345,67.1,1.15,4,68.6,4,0,1.12,1589,0.209,1,86e94e364b3f7062,0.4,1,1753,32.1,27.9,4.3,118.5,3,Stopped,39,150,443,0.615,4
0.675,5.8,0.43,2,951.4,2,1,0.88,1010,0.675,5,2788081158588715,0.703,5,1010,0.1,0.0,9.0,110.8,4,Active,5,51,77,0.2,3
0.681,12.5,0.12,1,0.3,5,1,1.91,881,0.333,2,dc37d9383dfeffe1,0.653,5,1087,5.2,-8.0,12.82,132.6,2,Stopped,14,94,138,0.0,1
0.424,32.8,1.03,3,6431.6,1,0,4.76,1419,0.374,2,e11e1c21de0d3a9c,0.443,2,1521,0.0,9.9,46.73,55.7,5,Active,144,1413,3393,0.799,5
0.622,7.6,3.11,5,2.9,5,0,7.0,918,0.5,3,5a4897f9e30a14b3,0.643,5,971,4.8,49.0,23.0,145.7,1,Stopped,7,23,37,0.0,1
0.32,33.2,50.0,5,178.4,3,0,0.38,1044,0.25,1,95d8130fdc876f6a,0.415,2,1108,5.9,78.0,2.05,133.9,2,Stopped,9,48,153,0.444,4
0.47,18.9,1.54,4,974.0,2,0,4.53,1424,0.492,3,e8b513bce75f3c08,0.5,3,1424,0.1,0.0,73.18,71.8,5,Active,85,1374,3344,1.212,5
0.366,63.9,0.05,1,182.8,3,1,0.98,1842,0.288,1,982a60ab939c8d5c,0.387,1,1842,10.0,22.2,3.24,115.0,3,Stopped,51,168,573,0.529,4
0.483,28.0,0.57,2,3075.8,2,0,1.5,1462,0.391,2,1745e34da59bd7f0,0.507,3,1462,0.1,25.1,12.88,96.4,4,Active,41,353,741,0.537,4
0.319,10.1,1.76,4,11.7,4,0,2.34,1252,0.25,1,f0fe5bdcdfd10449,0.305,1,1278,2.0,42.5,7.38,116.2,3,Active,19,60,188,0.0,1
0.481,20.5,3.4,5,164.0,3,0,0.94,1129,0.5,3,8d7a22f169b5f076,0.556,4,1255,0.2,-1.2,5.72,119.9,3,Active,18,110,233,0.722,4
0.459,10.0,2.59,5,34.4,4,0,0.59,1192,0.413,3,7acdedd1876d1f82,0.667,5,1192,0.3,0.0,5.67,151.7,1,Active,5,48,133,0.0,1
0.367,30.6,0.4,2,1820.9,2,1,1.14,921,0.167,1,df876b973df9e079,0.415,2,1106,16.6,-32.7,4.13,137.1,2,Stopped,16,58,158,0.062,2
0.607,69.6,5.63,5,724.5,3,0,0.09,1472,0.538,4,a84f022ab6c05bb5,0.561,4,1472,0.0,0.0,3.98,101.4,4,Active,6,277,484,0.167,3
0.386,44.9,0.47,2,5098.2,1,1,0.28,742,0.375,2,07d6b27a981df10e,0.371,1,890,0.0,-39.0,6.05,131.8,2,Active,11,241,682,0.273,3
0.495,42.3,4.19,5,4.4,5,0,0.28,1613,0.333,2,e238e6232c6aa882,0.529,3,1683,2.9,19.0,1.3,195.0,1,Active,11,51,109,0.273,3
0.552,11.2,0.61,2,2.9,5,0,0.72,924,0.552,4,66c45f21e0a63c28,0.438,2,940,0.2,-7.0,1.45,133.7,2,Active,8,16,29,0.25,3
0.672,18.2,5.9,5,1439.4,2,0,1.45,1160,0.682,5,b6b2ef806f3a156a,0.689,5,1320,0.1,-0.1,13.01,102.5,4,Active,25,225,338,0.48,4
0.514,18.8,0.87,3,23.5,4,0,2.95,979,0.125,1,4baf88fbff1f401c,0.521,3,1148,0.2,3.3,7.39,79.8,5,Active,55,138,278,0.055,2
0.415,8.7,2.31,5,36.1,4,0,0.59,852,0.333,2,ad7b10192112a993,0.562,4,852,0.1,0.0,2.34,121.5,3,Active,5,20,53,0.0,1
0.487,36.5,0.12,1,6614.3,1,1,0.61,1008,0.379,2,7b55bb2f58283e52,0.458,2,1041,0.5,17.3,3.59,118.2,3,Active,22,129,273,1.182,5
0.547,18.5,7.07,5,45.8,4,0,1.19,1084,0.7,5,292a9273a8b1c0b4,0.523,3,1133,0.0,21.2,14.15,92.2,5,Active,22,261,492,0.273,3
0.367,5.9,5.46,5,32.9,4,0,2.27,1542,0.318,2,23a9a742a619c4f6,0.412,2,1630,0.2,34.0,14.37,137.6,2,Active,12,76,226,0.167,3
0.561,30.7,34.67,5,104.9,3,0,0.35,1199,0.0,1,ec6a4be554808383,0.516,3,1199,4.8,179.0,2.28,124.6,3,Stopped,9,59,107,0.333,3
0.271,47.4,0.03,1,14.5,4,1,0.52,1101,0.364,2,817d5fcbcf2ab4f7,0.233,1,1115,1.2,11.8,2.36,105.4,4,Active,24,109,417,0.042,2
0.58,53.7,6.77,5,4132.6,1,0,0.15,1128,0.437,3,a302fdd905e535da,0.601,4,1128,0.0,0.0,13.53,150.2,1,Active,8,726,1336,0.375,3
0.59,118.8,0.07,1,514.2,3,1,1.3,2273,0.514,4,7d7b1b6dead6cfbd,0.598,4,2340,0.2,38.2,20.0,94.2,5,Active,50,770,1338,0.68,4
0.413,31.0,1.14,4,233.4,3,0,0.67,914,0.5,3,82be14ab98f1f365,0.322,1,1016,11.2,-22.0,2.12,117.5,3,Stopped,12,38,92,0.083,2
0.558,23.7,0.11,1,4202.1,1,1,0.9,777,0.478,3,ccf29e2a5ed0ac88,0.53,3,929,0.2,-10.1,13.49,115.1,3,Active,21,316,600,0.667,4
0.417,9.7,3.11,5,86.6,4,0,1.8,1153,0.472,3,d31a81b6e0e69e24,0.431,2,1164,0.2,65.0,11.39,103.2,4,Active,16,101,288,1.625,5
0.333,30.8,7.4,5,42.2,4,0,1.02,1336,0.12,1,510f341be3a7ab7d,0.312,1,1365,0.9,29.0,4.47,123.0,3,Active,16,70,210,0.125,2
0.697,41.3,0.31,2,150.8,3,1,0.38,1176,0.531,4,ab4f6a4f692dbed6,0.688,5,1203,0.2,0.0,7.78,137.5,2,Active,7,144,264,1.714,5
0.395,65.4,0.14,1,4199.7,1,1,0.42,1683,0.314,2,9a49f113239770a8,0.439,2,1683,6.1,45.6,6.02,126.4,3,Stopped,25,357,1065,2.2,5
0.476,91.2,1.22,4,542.4,3,0,1.06,1426,0.402,3,9697992a599ed417,0.477,2,1676,1.0,1.6,8.23,156.3,1,Active,94,733,1545,0.67,4
0.645,4.7,2.67,5,152.6,3,0,2.77,1544,0.727,5,8f1e3a4f39f60512,0.618,4,1549,0.9,20.0,19.39,123.3,3,Active,10,70,110,0.0,1
0.374,35.6,1.99,4,3801.3,1,0,0.54,1312,0.293,2,0f18640985c977be,0.357,1,1429,4.3,0.0,7.14,129.0,2,Stopped,17,223,609,0.353,3
0.566,22.6,6.84,5,675.6,3,0,1.4,1148,0.655,5,1e5cadec9769a12c,0.535,3,1251,0.2,9.9,17.42,104.4,4,Active,26,323,572,0.192,3
0.427,55.2,78.27,5,395.8,3,0,0.44,1525,0.394,2,86950d6931cc050e,0.447,2,1654,0.1,31.5,6.53,131.9,2,Active,24,360,872,0.542,4
0.585,82.7,0.77,3,343.5,3,0,4.01,1649,0.502,4,cb18cceb9e7973cc,0.612,4,1760,0.3,8.7,22.34,91.5,5,Active,330,1838,3510,1.224,5
0.5,22.2,0.88,3,4.9,5,0,0.6,1313,0.667,5,3bc796eae61cb2c6,0.577,4,1313,4.8,113.0,1.92,120.8,3,Stopped,9,29,64,0.0,1
0.375,10.8,2.0,4,0.7,5,0,0.78,794,0.0,1,e7d8d0921aa0c506,0.417,2,800,3.0,0.0,1.41,131.1,2,Stopped,5,9,24,0.0,1
0.557,21.1,9.88,5,252.6,3,0,0.83,1489,0.333,2,500f732893548477,0.596,4,1489,0.0,77.7,5.9,125.7,3,Active,14,99,185,0.0,1
0.448,18.5,1.66,4,824.2,3,0,0.69,1148,0.5,3,d1e7aa8eed557ab5,0.462,2,1148,0.4,101.0,4.68,124.6,3,Active,8,54,125,0.0,1
0.431,28.3,0.09,1,3277.1,2,1,1.65,822,0.385,2,e2c43258e06ebad4,0.404,2,918,10.0,4.2,7.8,97.6,4,Stopped,28,132,311,0.143,3
0.5,5.8,1.0,3,0.5,5,0,3.36,925,0.5,3,5d6c8e982f41bd39,0.833,5,978,2.6,0.0,4.62,142.1,2,Active,8,11,22,0.0,1
0.442,24.3,0.65,3,916.4,2,0,0.91,758,0.667,5,2fc373b36dc143af,0.386,1,899,0.3,-24.0,5.89,138.7,2,Active,10,65,172,0.7,4
0.601,36.8,3.26,5,1416.8,2,0,0.28,964,0.5,3,585b90c22f835e6a,0.526,3,973,12.2,0.0,5.2,126.7,3,Stopped,7,128,213,0.0,1
0.505,44.9,0.01,1,1418.3,2,1,0.11,1031,0.625,5,70661601d1cab413,0.37,1,1031,1.3,0.0,2.11,139.6,2,Active,5,92,214,0.6,4
0.4,38.9,0.07,1,2073.5,2,1,0.75,1074,0.25,1,94c68740d8564e51,0.333,1,1085,8.6,24.2,4.73,104.8,4,Stopped,22,138,370,0.5,4
0.511,21.0,2.55,5,53.6,4,0,0.42,902,0.312,2,301ee54a10b051e3,0.436,2,1035,1.8,-35.0,4.65,152.9,1,Active,8,89,227,0.0,1
0.439,15.1,9.25,5,8.0,4,0,0.64,1417,0.375,2,81dd429fc5c2b945,0.417,2,1417,2.9,0.0,1.93,121.6,3,Active,6,18,41,0.0,1
0.574,34.5,0.65,3,2018.6,2,0,1.54,1320,0.469,3,941c6d2c5c624527,0.655,5,1384,10.4,34.0,7.58,100.1,4,Stopped,27,133,237,0.593,4
0.539,9.2,0.27,1,11.6,4,1,2.24,1213,0.667,5,f737aa6b4ae2f430,0.468,2,1228,2.9,10.3,23.25,118.5,3,Active,14,145,271,0.0,1
0.504,37.1,0.7,3,4961.5,1,0,1.72,943,0.37,2,2d17c81232d5185b,0.604,4,1120,2.6,1.3,17.06,71.5,5,Active,56,556,1169,0.357,3
0.463,54.6,0.76,3,9092.0,1,0,0.73,1717,0.39,2,3a5b928a18de787f,0.488,3,2092,0.5,-20.9,3.96,141.1,2,Active,38,207,454,0.395,4
0.498,107.8,10.33,5,13824.7,1,0,0.16,1658,0.44,3,31dd8e022bbc783f,0.54,3,1709,0.4,11.0,2.95,142.6,2,Active,17,317,850,2.0,5
0.453,82.5,0.93,3,8267.9,1,0,1.44,1618,0.398,3,312c2026b79e6e9d,0.421,2,1618,5.0,2.4,11.39,154.2,1,Stopped,110,868,2072,1.064,5
0.563,21.8,18.94,5,616.1,3,0,1.68,1601,0.53,4,62eb53f8a20a29ac,0.573,4,1665,1.3,32.6,23.48,98.9,4,Active,27,378,678,0.259,3
0.345,30.0,0.19,1,11363.3,1,1,1.59,1285,0.422,3,1dae9dfb85028b85,0.329,1,1341,0.2,22.4,12.67,106.1,4,Active,41,326,965,1.098,5
0.48,17.7,1.09,4,3504.6,1,0,2.35,1546,0.421,3,bc1eddbeeeedcdc8,0.486,3,1624,0.3,-1.5,31.01,106.4,4,Active,30,396,839,0.367,3
0.481,10.6,0.81,3,1203.1,2,0,1.09,983,0.65,5,ba862b1502cd8b6d,0.468,2,1009,0.4,127.0,15.54,117.0,3,Active,10,142,297,0.1,2
0.405,22.6,2.14,4,101.4,3,0,1.56,1876,0.298,2,4dd83a4601399352,0.43,2,1941,0.8,22.5,9.66,101.9,4,Active,34,210,553,0.5,4
0.286,22.4,0.23,1,350.6,3,1,1.75,1701,0.265,1,63c73597733ea4f7,0.28,1,1701,0.2,26.2,5.97,88.7,5,Active,39,133,469,0.077,2
0.429,24.8,0.32,2,206.2,3,1,3.24,1009,0.413,3,78c5585202ea1457,0.436,2,1090,8.4,21.0,23.12,76.3,5,Stopped,53,378,930,0.642,4
0.894,5.4,3.91,5,344.5,3,0,1.15,1017,0.5,3,5d9967dc2cea4b1b,0.971,5,1017,0.2,0.0,18.98,135.9,2,Active,6,99,113,0.0,1
0.602,5.7,4.93,5,71.4,4,0,1.05,1067,0.0,1,9872b474eaf08bc0,0.6,4,1067,0.0,0.0,8.04,106.9,4,Active,6,46,83,0.0,1
0.585,68.3,5.83,5,1.5,5,0,0.21,1120,0.0,1,883de7495807e34c,0.471,2,1138,5.2,0.0,0.62,122.5,3,Stopped,8,24,41,0.0,1
0.622,80.6,0.9,3,895.8,2,0,4.52,1919,0.567,4,ca7e3d03083efa71,0.616,4,1919,52.3,7.2,33.4,135.6,2,Stopped,128,945,1557,0.43,4
0.686,4.8,0.28,1,5.9,5,1,1.07,852,0.686,5,c8ea8f5644b224b4,0.72,5,852,0.1,0.0,7.5,124.1,3,Active,5,35,51,0.0,1
0.667,13.5,0.82,3,6.9,5,0,0.74,754,0.667,5,12ef859875f7a45e,0.667,5,859,2.7,-38.0,4.07,132.3,2,Active,8,44,69,0.0,1
0.505,17.7,0.65,3,9006.9,1,0,2.8,1413,0.494,3,620e7913c59ba1b1,0.498,3,1413,1.3,13.9,39.58,77.4,5,Active,45,636,1263,0.578,4
0.667,24.3,0.5,2,35.7,4,0,1.05,1230,0.667,5,48d8dc8e1aa77dd2,0.875,5,1230,5.0,0.0,3.58,129.6,2,Stopped,7,24,36,0.143,3
0.391,19.7,1.3,4,0.9,5,0,0.34,1061,0.391,2,8a32d4061e46dc1d,0.353,1,1061,0.4,0.0,0.5,121.6,3,Active,6,9,23,0.0,1
0.529,9.8,0.63,3,907.3,2,0,1.8,1123,0.581,4,5d8945a62006400e,0.486,3,1123,1.0,-3.3,21.18,126.1,3,Active,16,188,363,0.125,2
0.583,16.3,7.0,5,10.9,4,0,2.46,1194,0.5,3,54f579566f6c55e7,0.556,4,1194,2.6,0.0,5.74,90.0,5,Active,6,14,24,0.0,1
0.432,20.7,0.94,3,1888.8,2,0,2.05,1275,0.371,2,89352a2a419741e7,0.452,2,1275,0.2,20.9,23.65,96.3,4,Active,42,485,1132,0.405,4
0.368,33.8,18.0,5,17.2,4,0,0.47,893,0.0,1,5c1921f7f50b5b6e,0.5,3,898,12.2,0.0,0.55,132.5,2,Stopped,6,7,19,0.0,1
0.587,41.2,25.0,5,4184.7,1,0,0.78,1680,0.353,2,4cbd5e9f80ebfa24,0.838,5,1759,9.4,82.7,2.63,126.4,3,Stopped,18,61,104,0.111,2
0.509,23.3,0.79,3,3220.8,2,0,1.99,1167,0.587,4,cd55ba111ee498e3,0.478,3,1242,0.0,26.5,36.54,81.7,5,Active,45,826,1637,1.156,5
0.461,10.0,0.83,3,1734.9,2,0,2.0,907,0.5,3,8a5a5074a3a688e3,0.455,2,1047,0.0,1.4,25.55,108.7,4,Active,20,255,601,0.35,3
0.814,6.3,0.02,1,2.6,5,1,1.19,856,0.814,5,7c23ee2b2d595180,0.571,4,937,0.4,0.0,5.95,138.2,2,Active,7,35,43,0.0,1
0.432,24.2,3.31,5,29117.0,1,0,1.41,1588,0.39,2,8b165ad38dcea62e,0.479,3,1588,0.0,33.7,18.82,90.1,5,Active,32,428,1147,1.156,5
0.556,7.6,0.5,2,4.9,5,0,1.56,994,0.556,4,33193d8364a37550,0.667,5,1052,3.1,0.0,2.22,161.9,1,Stopped,7,10,18,0.0,1
0.407,41.0,0.09,1,163.6,3,1,0.62,1589,0.365,2,2741cefd42e342e8,0.481,3,1591,0.9,-9.4,5.54,127.3,3,Active,25,222,589,0.8,5
0.465,39.7,0.72,3,29.5,4,0,0.49,1249,0.502,4,eb1a030faa1097f8,0.443,2,1565,9.0,-27.8,9.43,176.5,1,Stopped,15,290,795,0.933,5
0.62,16.2,3.22,5,3571.0,1,0,0.72,1236,0.573,4,8f276184ede9ad6b,0.637,5,1236,0.0,128.0,34.79,118.5,3,Active,10,481,852,1.2,5
0.505,5.7,0.06,1,10.0,4,1,2.47,1569,0.316,2,038b8411c4b011c5,0.63,4,1573,0.0,-17.0,11.65,166.0,1,Active,11,52,111,0.182,3
0.33,39.7,0.87,3,111.7,3,0,1.33,1021,0.25,1,15453925bdcd7dc2,0.529,3,1053,1.8,174.0,4.3,146.8,1,Active,9,29,112,0.222,3
0.351,30.8,4.99,5,1734.3,2,0,1.08,1101,0.195,1,f5c2221223bc4abf,0.328,1,1174,11.4,2.0,7.08,100.5,4,Stopped,21,138,407,0.381,3
0.309,30.4,0.09,1,751.6,3,1,1.58,1480,0.367,2,32ac976bc806ee43,0.28,1,1499,0.4,20.2,13.17,96.9,4,Active,47,393,1345,1.383,5
0.64,15.9,1.93,4,321.3,3,0,1.04,1091,0.571,4,a3c8bad3ad4082c2,0.67,5,1164,0.0,27.8,24.36,126.8,3,Active,15,353,586,0.867,5
0.511,9.9,0.24,1,1638.1,2,1,1.13,883,0.25,1,00f99d1669e338a9,0.593,4,985,0.1,-31.7,18.44,120.3,3,Active,11,180,362,0.182,3
0.413,17.9,0.75,3,9.5,4,0,0.34,885,0.413,3,af4b3476da2f3e5f,0.415,2,885,0.1,0.0,1.36,117.3,3,Active,6,24,63,0.167,3
0.747,9.7,3.17,5,4.3,5,0,1.13,814,0.747,5,56e08eb012de8a20,0.724,5,904,2.6,29.0,9.06,158.2,1,Active,7,56,75,0.0,1
0.409,84.4,1.06,4,114066.9,1,0,0.86,1655,0.33,2,ebf71c72a801cc6d,0.454,2,1655,7.6,14.3,5.93,178.4,1,Stopped,66,455,1169,0.576,4
0.54,54.2,1.3,4,2446.7,2,0,0.92,1481,0.344,2,4a4c94349b95c564,0.514,3,1481,20.7,-0.3,6.7,101.3,4,Stopped,24,174,324,0.292,3
0.5,11.2,6.29,5,5858.4,1,0,1.81,1033,0.529,4,920f57fae75eb6ad,0.521,3,1075,0.0,9.1,9.96,113.5,3,Active,18,99,204,0.333,3
0.517,65.0,0.16,1,2302.7,2,1,0.76,1470,0.535,4,53c4fec562706ca6,0.502,3,1470,19.0,15.8,8.16,89.9,5,Stopped,35,375,750,0.971,5
0.599,39.7,0.56,2,4334.9,1,0,1.85,1468,0.576,4,72b8ec4d443b4c3f,0.616,4,1609,7.9,-1.4,11.55,79.8,5,Stopped,57,356,601,0.632,4
0.42,19.7,1.91,4,59.4,4,0,0.95,1277,0.314,2,0a291df9e61967ee,0.568,4,1296,0.5,19.8,2.91,130.3,2,Active,17,52,131,0.0,1
0.471,40.2,1.46,4,4.9,5,0,0.3,1102,0.143,1,397eae6065b98f25,0.548,4,1108,0.1,43.3,1.79,143.4,1,Active,12,72,155,0.083,2
0.481,10.2,1.4,4,97.6,4,0,2.1,1292,0.333,2,fa02bb9eadbe4ec0,0.415,2,1371,4.1,40.0,10.94,128.5,2,Stopped,10,52,108,0.3,3
0.108,15.9,0.33,2,23821.6,1,1,0.81,479,0.108,1,479e83b24fa1d65a,0.096,1,785,2.2,-51.0,2.71,143.3,2,Active,11,37,351,0.182,3
0.44,94.4,0.65,3,30828.0,1,0,0.26,1037,0.418,3,725cc2434d3904fe,0.424,2,1411,2.8,-28.4,6.83,289.7,1,Active,24,625,1429,1.0,5
0.422,19.6,5.19,5,3460.6,1,0,1.44,1315,0.402,3,46b0ec90416a6109,0.431,2,1392,0.3,7.7,19.58,95.0,5,Active,27,368,941,0.185,3
0.451,23.2,4.86,5,38.4,4,0,0.56,807,0.5,3,f63257788b74d6a9,0.583,4,969,0.2,-8.7,1.6,124.7,3,Active,13,37,82,0.0,1
0.324,20.9,2.56,5,2798.4,2,0,2.2,1349,0.338,2,55fb7cd343df78b2,0.341,1,1427,0.1,31.5,29.73,82.4,5,Active,41,555,1739,0.341,3
0.39,11.8,1.23,4,17.8,4,0,2.42,1229,0.0,1,3bfc70b0ae72dde0,0.314,1,1355,0.2,0.9,6.31,98.2,4,Active,28,73,187,0.107,2
0.37,137.7,0.43,2,5125.9,1,1,1.08,1549,0.232,1,46f42d33fa23530d,0.358,1,1583,76.4,13.3,3.64,185.6,1,Stopped,66,223,646,0.242,3
0.433,91.7,0.01,1,20136.4,1,1,0.37,1619,0.348,2,b805e744d5da5643,0.41,2,1619,3.0,3.4,10.81,247.9,1,Stopped,32,941,2213,0.844,5
0.461,47.0,0.69,3,2947.9,2,0,2.15,2120,0.351,2,bdf567876c3630a3,0.451,2,2120,22.2,32.3,44.73,101.7,4,Stopped,53,1105,2486,0.321,3
0.276,21.2,1.45,4,3139.5,2,0,0.94,821,0.125,1,d9c7142b0fe29184,0.255,1,942,0.4,-4.0,1.64,129.8,2,Active,12,21,76,0.0,1
0.574,5.2,1.14,4,91.0,4,0,2.83,1007,0.5,3,b892b7e46ce3eda1,0.58,4,1034,1.0,51.0,38.23,113.4,3,Active,12,162,284,0.167,3
0.345,73.0,0.02,1,398.8,3,1,2.16,1127,0.307,2,39b796990ad9b147,0.328,1,1564,18.7,5.1,20.48,72.2,5,Stopped,117,1111,3438,0.667,4
0.44,43.7,0.06,1,1.8,5,1,0.7,717,0.375,2,49ca7148c6a51a8f,0.477,2,1066,1.0,-15.1,0.87,114.8,3,Active,29,36,84,0.069,2
0.536,5.2,0.93,3,1093.4,2,0,3.59,1315,0.519,4,7261c5ce322f3dea,0.607,4,1332,0.2,50.0,42.29,113.5,3,Active,18,212,407,0.278,3
0.523,17.3,0.78,3,2033.4,2,0,1.26,945,0.625,5,6620b205f387e4f4,0.494,3,998,0.2,-49.0,10.8,141.9,2,Active,9,77,153,0.444,4
0.453,16.0,0.4,2,2287.2,2,1,1.71,1467,0.545,4,ea304ad767f9d1ac,0.46,2,1467,0.4,28.0,15.72,117.2,3,Active,18,165,380,0.722,4
0.579,129.5,0.08,1,2465.4,2,1,0.53,1806,0.552,4,1f781af781d02a4e,0.654,5,1806,0.1,6.7,7.49,190.4,1,Active,69,968,1949,1.043,5
0.651,9.4,11.6,5,7.3,5,0,0.98,1172,0.5,3,3103a64a518f4a11,0.702,5,1172,1.2,86.0,10.03,129.0,2,Active,8,82,126,0.125,2
0.691,10.8,0.31,2,7.4,5,1,1.54,1070,0.5,3,3016e7479c68b1e2,0.724,5,1188,0.8,-24.0,4.81,139.6,2,Active,15,47,68,0.267,3
0.408,29.1,14.0,5,68.4,4,0,0.61,1365,0.324,2,f0e795d9227a348d,0.491,3,1468,1.0,-6.5,4.97,130.6,2,Active,17,139,360,0.059,2
0.499,25.4,0.96,3,16974.6,1,0,1.12,1364,0.487,3,c6b396315090da4f,0.513,3,1364,0.1,42.4,10.62,98.6,4,Active,28,266,565,0.393,4
0.717,17.9,0.46,2,2359.8,2,1,1.4,1161,0.333,2,cd5aa51fe6891a71,0.69,5,1161,5.0,-27.2,7.35,125.8,3,Stopped,17,89,127,0.0,1
0.345,10.6,1.01,3,3441.0,1,0,1.43,1241,0.487,3,7d901efd58b6a674,0.463,2,1241,0.0,-7.5,21.11,124.6,3,Active,15,221,702,0.667,4
0.542,29.4,4.63,5,387.8,3,0,0.35,1011,0.5,3,1dc81ea56d723ba3,0.548,4,1028,0.5,-3.0,1.97,137.4,2,Active,10,57,107,0.3,3
0.465,10.2,2.79,5,1040.4,2,0,1.23,1629,0.404,3,2640c3d4632325d7,0.481,3,1629,0.1,51.5,38.36,181.2,1,Active,11,344,785,1.455,5
0.545,8.1,0.83,3,0.0,5,0,3.06,1075,0.545,4,1e13ead64dc1518b,0.571,4,1075,5.2,0.0,3.67,124.9,3,Stopped,5,6,11,0.0,1
0.593,22.1,2.6,5,3.2,5,0,1.14,1746,0.438,3,83f3dbe54252d5e0,0.523,3,1808,0.2,68.5,4.34,110.4,4,Active,25,95,162,0.04,2
0.529,30.3,0.18,1,3219.9,2,1,1.09,1407,0.267,1,a9a2712c17efc12f,0.524,3,1407,2.9,8.2,13.16,105.4,4,Active,30,361,717,0.033,2
0.625,17.9,3.11,5,3255.9,2,0,0.32,873,1.0,5,aab23793b507747f,0.604,4,873,2.4,0.0,4.38,111.1,4,Active,5,68,144,0.0,1
0.496,96.6,0.98,3,4071.3,1,0,2.91,1889,0.351,2,5f510a02fb02cdc9,0.524,3,2342,0.0,7.0,46.9,112.4,4,Active,281,4528,9539,0.961,5
0.45,67.2,0.82,3,385.3,3,0,1.99,1086,0.359,2,e35249156c61b341,0.443,2,1396,19.4,6.2,26.94,74.5,5,Stopped,95,1287,3012,1.221,5
0.855,8.6,0.85,3,277.8,3,0,1.4,1109,0.783,5,7c8dd00b0b533376,0.818,5,1109,0.0,0.0,31.02,137.2,2,Active,8,177,207,0.5,4
0.614,38.1,1.18,4,72.9,4,0,0.62,1521,0.689,5,5db070f8c0335bc2,0.633,4,1521,1.3,5.9,8.03,111.4,4,Active,22,286,479,0.5,4
0.607,7.9,0.09,1,108.1,3,1,1.65,1134,0.429,3,070275083422a5cc,0.515,3,1270,0.4,-28.0,5.09,142.4,2,Active,12,37,61,0.083,2
0.39,45.1,0.89,3,24931.2,1,0,2.44,1432,0.371,2,22e950f2e15cac03,0.456,2,1432,1.1,17.9,20.38,69.0,5,Active,100,836,2185,0.64,4
0.402,18.1,0.57,2,5617.9,1,0,2.26,1211,0.424,3,57ec34b0930a4ffe,0.416,2,1252,0.8,10.8,25.69,86.6,5,Active,39,443,1185,1.205,5
0.5,39.7,3.13,5,6.8,5,0,0.96,1438,0.446,3,240974505f873aec,0.516,3,1654,0.8,0.4,3.77,112.1,4,Active,30,118,260,0.367,3
0.58,19.0,0.69,3,3343.9,2,0,1.28,950,0.5,3,e02e9c52b38328bf,0.598,4,981,4.1,40.0,18.91,109.5,4,Stopped,19,281,491,0.053,2
0.69,8.8,2.85,5,315.5,3,0,2.37,661,0.333,2,a85c87a95ed3690b,0.678,5,830,0.0,-22.3,8.96,121.0,3,Active,18,68,100,0.444,4
0.555,34.3,0.75,3,8291.1,1,0,0.63,882,0.0,1,395cdb064d86ada0,0.524,3,882,0.4,19.0,4.63,120.8,3,Active,8,59,119,0.0,1
0.568,5.6,0.45,2,59.7,4,1,4.12,1053,0.719,5,66ccbb442f75669f,0.585,4,1053,0.0,0.0,109.6,147.3,1,Active,7,186,333,0.857,5
0.336,63.0,0.81,3,5294.0,1,0,1.93,1445,0.207,1,d6349f0ed31b5641,0.338,1,1760,1.8,23.7,11.97,95.8,4,Active,81,503,1523,0.901,5
0.59,7.2,1.1,4,973.7,2,0,1.02,967,0.6,4,dcf8d3dab8a2224f,0.555,4,990,0.0,0.0,32.93,130.7,2,Active,7,225,390,0.571,4
0.234,15.8,0.41,2,1934.0,2,1,0.48,1641,0.199,1,40ae0fcc3234e6b9,0.238,1,1643,0.9,0.0,10.41,146.7,1,Active,7,151,828,0.0,1
0.531,48.0,0.51,2,3605.2,1,0,1.61,1367,0.478,3,fa855c2c6d694160,0.513,3,1738,0.0,-5.9,14.88,83.4,5,Active,76,701,1383,0.75,4
0.611,19.5,0.57,2,3137.9,2,0,1.72,990,0.714,5,b92cb36d3c6bca9d,0.586,4,990,3.8,24.3,10.25,111.8,4,Stopped,26,155,257,0.346,3
0.452,27.6,3.5,5,353.6,3,0,0.86,1062,0.448,3,947f9b830843c8bb,0.44,2,1210,2.8,41.5,8.01,143.2,2,Active,12,112,252,0.25,3
0.595,20.4,0.64,3,405.2,3,0,3.69,1585,0.454,3,a88522c4a15e144d,0.615,4,1585,1.3,22.4,15.92,83.6,5,Active,70,302,509,0.214,3
0.469,62.5,3.33,5,13568.8,1,0,0.68,1262,0.412,3,73400f841ca9b4a2,0.547,4,1382,0.1,26.5,4.29,81.8,5,Active,39,245,524,0.205,3
0.311,27.5,0.2,1,3.0,5,1,0.25,1047,0.5,3,a68ef88a20c41b12,0.458,2,1047,0.5,0.0,0.75,112.0,4,Active,6,18,61,0.0,1
0.662,8.3,1.83,4,2.5,5,0,1.18,1406,0.75,5,0ff41de79ffa1228,0.679,5,1406,4.1,0.0,9.91,132.3,2,Stopped,5,42,65,0.0,1
0.548,50.5,2.34,5,46.9,4,0,0.32,1929,0.546,4,a8af17a3b59efe74,0.602,4,1929,1.0,42.0,15.45,137.4,2,Active,16,765,1539,0.688,4
0.45,35.0,3.63,5,33200.9,1,0,1.66,1249,0.429,3,b296ad59cb2584b1,0.427,2,1359,0.5,18.5,8.2,77.2,5,Active,55,272,616,1.073,5
0.464,18.7,0.58,2,145.8,3,0,1.23,1744,0.521,4,d8094042a4668496,0.386,1,1744,0.5,27.0,7.38,104.6,4,Active,22,132,293,0.364,3
0.353,15.5,7.84,5,78.6,4,0,0.58,1270,0.259,1,502e9f82d7202c0d,0.404,2,1270,0.1,0.0,4.81,135.3,2,Active,9,74,221,0.556,4
0.427,35.9,0.39,2,3651.6,1,1,1.63,1445,0.385,2,bbe279b2670247a4,0.426,2,1445,0.7,28.0,17.96,95.1,5,Active,53,585,1688,0.566,4
0.433,11.8,0.06,1,104.6,3,1,1.73,1250,0.75,5,482a11a7cfbd6b17,0.46,2,1250,8.2,0.0,38.93,115.9,3,Stopped,6,135,335,0.5,4
0.515,48.1,1.58,4,112.9,3,0,0.53,1498,0.336,2,b1c8e58e71f1cd32,0.503,3,1523,0.0,17.1,4.0,101.7,4,Active,25,189,408,0.88,5
0.426,39.5,0.05,1,458.1,3,1,0.43,1178,0.5,3,4d44cde4e1cd11cd,0.341,1,1266,22.2,0.0,6.89,178.7,1,Stopped,7,111,272,0.571,4
0.523,80.7,0.93,3,32498.2,1,0,0.33,663,0.308,2,7900aaab490ada15,0.466,2,763,0.3,-33.0,1.23,115.1,3,Active,22,81,197,0.045,2
0.399,1.5,1.51,4,627.6,3,0,4.63,1278,0.5,3,ed27711ad624957c,0.406,2,1278,0.0,0.0,47.89,117.7,3,Active,6,62,163,0.0,1
0.425,21.6,0.06,1,28.6,4,1,0.67,1196,0.429,3,26bd35220d441c4d,0.397,1,1286,0.7,-4.8,2.59,138.7,2,Active,14,54,127,0.0,1
0.608,49.2,0.04,1,249.0,3,1,0.86,1614,0.449,3,30cd931e3eb9bc48,0.617,4,1614,5.0,17.7,4.54,107.5,4,Stopped,38,201,337,0.711,4
0.583,41.4,0.07,1,8105.8,1,1,1.4,1223,0.413,3,62631bf6fe4c2d0c,0.632,4,1302,15.1,9.5,14.22,113.1,4,Stopped,24,243,460,0.708,4
0.626,2.7,2.85,5,212.7,3,0,3.45,1599,0.444,3,ee770ad0b940a3d3,0.69,5,1678,0.1,-28.0,31.47,199.0,1,Active,9,82,131,0.0,1
0.423,143.2,0.2,1,47.9,4,1,0.15,2009,0.388,2,14f736c972d02711,0.414,2,2112,0.1,24.2,0.55,374.3,1,Active,21,78,196,0.476,4
0.468,15.2,0.74,3,41.1,4,0,2.13,1170,1.0,5,b04179e730ea04bc,0.444,2,1170,0.2,-10.0,5.2,149.7,1,Active,9,22,47,0.444,4
0.522,89.9,1.77,4,16513.6,1,0,1.26,1474,0.426,3,f594133dbdd0adf5,0.561,4,1657,2.9,-3.6,7.09,141.3,2,Active,110,617,1195,0.155,3
0.706,41.6,4.52,5,1.3,5,0,0.48,1090,0.0,1,a37910924f7bc6fd,0.635,4,1090,14.5,0.0,7.38,121.4,3,Stopped,7,107,160,0.0,1
0.375,34.0,0.64,3,3399.7,2,0,2.11,1739,0.326,2,1627049b28d4cf17,0.398,1,1739,0.1,3.7,23.02,82.3,5,Active,71,775,2219,1.38,5
0.239,75.1,0.22,1,8.1,4,1,0.31,1303,0.161,1,d578c0e95a832d5f,0.214,1,1725,1.0,20.7,1.07,321.5,1,Active,23,79,343,0.043,2
0.598,18.3,0.92,3,16.8,4,0,2.17,1359,0.75,5,45576f616f8ad616,0.556,4,1408,10.0,40.5,6.5,127.9,2,Stopped,18,54,92,0.222,3
0.364,7.8,0.69,3,2.5,5,0,2.54,1162,0.231,1,58455ba2af4b2754,0.362,1,1247,1.3,28.0,6.61,123.8,3,Active,15,39,110,0.0,1
0.206,15.4,2.22,5,21096.5,1,0,1.45,1021,0.159,1,0750724a3bdfe502,0.215,1,1057,0.1,18.4,11.13,101.0,4,Active,22,169,824,0.636,4
0.502,13.4,0.4,2,718.1,3,1,2.35,1384,0.365,2,d2caf86490128e18,0.562,4,1384,0.4,22.3,16.73,101.3,4,Active,30,214,546,1.667,5
0.416,68.1,0.75,3,89.1,4,0,0.76,1065,0.319,2,b5bc3c35e2a9405e,0.423,2,1382,4.4,-2.5,3.74,110.4,4,Stopped,40,196,500,0.8,5
0.641,25.9,2.94,5,807.3,3,0,0.63,1349,0.595,4,7dda8ee74cd1c4e0,0.657,5,1474,0.0,3.0,6.97,133.7,2,Active,16,177,276,0.062,2
0.566,15.4,1.04,4,3847.3,1,0,2.48,1260,0.593,4,3a3f99ec32170470,0.571,4,1312,0.0,9.0,24.71,88.9,5,Active,37,369,657,1.243,5
0.352,34.8,3.63,5,207.7,3,0,2.48,1007,0.158,1,5e82d8920616604b,0.246,1,1035,29.0,-43.5,8.81,142.9,2,Stopped,11,39,125,0.636,4
0.52,2.7,0.16,1,84.0,4,1,2.1,1325,0.385,2,e84af0c112216011,0.655,5,1325,0.4,0.0,36.58,230.8,1,Active,5,87,171,0.0,1
0.426,72.1,1.2,4,135.5,3,0,0.79,1051,0.5,3,3ca2e817195c06fd,0.361,1,1088,44.6,1.2,1.7,121.7,3,Stopped,21,45,108,0.333,3
0.52,86.8,1.61,4,16090.1,1,0,0.71,1556,0.403,3,ceb4b2e2cfdfbefa,0.521,3,1556,0.9,18.6,8.1,87.2,5,Active,50,573,1132,0.34,3
0.605,39.2,3.3,5,3.2,5,0,1.19,751,0.0,1,2f61a905efff3935,0.762,5,861,30.0,-12.5,2.59,137.7,2,Stopped,11,24,43,0.273,3
0.398,61.9,0.22,1,614.0,3,1,0.2,1002,0.286,1,2db02e38168f9897,0.352,1,1002,12.3,83.5,5.76,123.0,3,Stopped,10,285,742,0.7,4
0.553,5.5,0.09,1,1756.9,2,1,2.13,932,0.25,1,6d45c439307b45d1,0.559,4,974,1.0,0.0,12.77,136.4,2,Active,7,42,76,0.0,1
0.399,49.4,0.07,1,3090.8,2,1,0.7,1632,0.398,3,8cd0d43a5f941937,0.468,2,1632,0.8,68.8,12.53,103.9,4,Active,31,552,1449,1.194,5
0.528,28.1,0.56,2,5669.1,1,0,1.09,1037,0.521,4,716d2a2cbe55c965,0.56,4,1080,0.2,32.8,21.8,99.6,4,Active,25,499,1010,0.72,4
0.468,71.2,0.02,1,2281.9,2,1,1.31,1200,0.423,3,06e7bb69b2d16014,0.451,2,1373,0.8,0.3,8.42,83.7,5,Active,81,521,1200,1.074,5
0.586,41.6,1.3,4,3271.3,2,0,1.63,1144,0.535,4,3739ec95562bced9,0.576,4,1278,3.1,18.2,18.21,79.4,5,Stopped,62,694,1214,1.387,5
0.267,21.1,3.57,5,2179.1,2,0,0.93,891,0.267,1,f3ed35754eee455c,0.381,1,891,2.7,0.0,4.19,125.4,3,Active,6,27,105,0.0,1
0.497,9.0,0.85,3,6839.2,1,0,2.16,1029,0.5,3,e03d793d9abb248c,0.507,3,1029,0.0,12.8,35.32,107.0,4,Active,17,278,589,0.353,3
0.614,158.3,0.18,1,38.6,4,1,0.33,1799,0.498,3,755f2bdf7c4d24dd,0.628,4,1882,0.7,16.4,6.82,245.3,1,Active,52,1074,1854,0.731,4
0.535,38.8,0.01,1,125.4,3,1,0.26,1249,0.389,2,00e7f72aebfae5f6,0.455,2,1258,7.5,-2.0,1.68,153.8,1,Stopped,8,51,101,0.75,4
0.453,26.6,0.09,1,1276.4,2,1,0.46,686,0.2,1,131b31240e7ae720,0.379,1,837,0.4,-10.8,2.44,126.7,3,Active,12,64,148,0.083,2
0.435,43.4,0.37,2,13650.3,1,1,0.69,1237,0.5,3,5fda8ae626a54bed,0.428,2,1237,11.8,12.3,5.99,87.7,5,Stopped,21,183,437,0.333,3
0.509,32.6,250.5,5,2051.7,2,0,0.38,1214,0.556,4,3bd36d6afb13c9a4,0.498,3,1345,0.1,-43.0,9.51,177.8,1,Active,10,253,503,0.2,3
0.471,53.1,3.83,5,27.5,4,0,0.14,776,0.0,1,48eb84ac0e5b1247,0.481,3,825,1.8,0.0,0.91,137.2,2,Active,6,39,87,0.0,1
0.222,180.1,0.3,2,5966.4,1,1,0.05,1290,0.125,1,201e80662daa24ff,0.189,1,1429,8.5,-4.8,0.27,456.2,1,Stopped,9,49,221,0.444,4
0.573,3.9,0.73,3,124.7,3,0,2.59,1314,0.56,4,7b12931edfc2cf79,0.599,4,1314,0.0,105.0,78.52,160.9,1,Active,10,303,562,0.2,3
0.487,22.1,0.31,2,7403.6,1,1,1.39,1285,0.539,4,41885f1aa2f09849,0.453,2,1285,0.9,40.9,36.09,96.8,4,Active,28,726,1556,0.286,3
0.502,21.7,0.28,1,786.7,3,1,1.2,1412,0.517,4,f56090c1baa45318,0.502,3,1412,2.5,30.3,18.02,98.8,4,Active,23,344,705,0.435,4
0.69,5.9,1.58,4,832.7,3,0,2.16,1182,0.636,5,abd04bbf6320541e,0.706,5,1215,0.0,27.0,50.49,108.1,4,Active,12,281,416,0.0,1
0.396,10.7,0.87,3,9.6,4,0,0.73,1198,0.231,1,7b8a1ecf8c028437,0.316,1,1241,1.1,0.0,3.86,196.1,1,Active,7,37,101,0.0,1
0.563,11.5,3.99,5,2764.5,2,0,1.06,971,0.188,1,789c9ca3507234da,0.536,3,987,0.0,30.0,21.0,131.1,2,Active,12,237,439,0.0,1
0.585,20.9,0.53,2,3667.3,1,0,1.52,1469,0.591,4,9d3330b8e1465dcb,0.561,4,1516,0.0,53.9,20.0,96.8,4,Active,28,368,643,0.429,4
0.466,30.0,5.97,5,845.7,3,0,0.34,1787,0.454,3,5b627c96cb4155b3,0.505,3,1787,0.4,0.0,15.7,123.1,3,Active,10,464,1122,0.5,4
0.583,68.8,0.38,2,804.7,3,1,0.79,1585,0.375,2,26b783e2b11b16da,0.628,4,1656,10.5,3.9,7.05,97.8,4,Stopped,44,391,684,0.341,3
0.313,23.7,0.24,1,14052.3,1,1,1.39,989,0.118,1,37fa3bb8abf3eefb,0.292,1,1013,4.7,-2.7,4.9,98.1,4,Stopped,25,88,291,0.56,4
0.338,12.7,1.17,4,292.8,3,0,0.48,899,0.338,2,fca3e7825e0a1705,0.297,1,906,0.2,0.0,1.76,131.0,2,Active,6,22,65,0.0,1
0.374,54.3,0.04,1,9137.7,1,1,0.8,1356,0.368,2,659cd1037351a559,0.351,1,1356,13.2,0.8,18.56,85.9,5,Stopped,33,763,2156,0.303,3
0.629,34.2,0.03,1,758.4,3,1,0.83,1007,0.455,3,0e964579d5346c8f,0.609,4,1140,0.9,-4.0,10.97,101.3,4,Active,26,343,574,0.962,5
0.777,27.4,2.49,5,38.5,4,0,1.16,1638,0.823,5,bc7f3d8104a24aa4,0.788,5,1638,0.4,19.1,17.67,113.0,4,Active,19,290,377,0.0,1
0.48,58.8,0.68,3,9744.1,1,0,3.29,1836,0.434,3,5c4621df7e7753fc,0.481,3,2076,1.2,-2.9,37.46,75.4,5,Active,190,2161,5261,0.858,5
0.464,21.1,0.47,2,0.5,5,1,0.48,774,0.1,1,29b985ce24293922,0.321,1,901,2.8,3.5,3.6,138.0,2,Active,8,60,140,0.0,1
0.491,64.7,2.63,5,2990.8,2,0,0.24,1485,0.441,3,036a5419637c36c3,0.449,2,1485,8.9,81.0,4.82,150.8,1,Stopped,12,241,584,1.833,5
0.473,20.6,0.64,3,9.9,4,0,0.49,1116,0.425,3,0907c2e925c6f165,0.455,2,1116,2.6,0.0,2.51,125.8,3,Active,6,31,74,0.0,1
0.346,50.4,0.17,1,18117.6,1,1,1.14,1164,0.221,1,ea892704fe2b9a84,0.368,1,1164,1.2,16.5,3.08,85.1,5,Active,56,151,563,0.339,3
0.608,20.9,2.04,4,6055.6,1,0,3.14,1100,0.561,4,bbd660e1c00de68e,0.66,5,1225,0.0,8.6,29.74,67.6,5,Active,59,559,953,0.864,5
0.493,61.8,0.16,1,6019.3,1,1,0.91,1148,0.51,4,0c2deb7b759d184b,0.48,3,1217,0.3,-3.3,10.67,86.7,5,Active,56,657,1453,1.393,5
0.43,17.3,0.38,2,3830.1,1,1,0.96,917,0.5,3,000a6143177b5e7f,0.322,1,1003,3.1,-20.0,6.8,129.5,2,Stopped,12,85,223,1.167,5
0.412,51.8,2.68,5,15075.7,1,0,1.48,1278,0.45,3,1b2fcae92ea528c1,0.381,1,1366,1.9,12.2,7.68,76.6,5,Active,74,383,976,0.23,3
0.465,32.0,0.67,3,181.2,3,0,0.94,1953,0.374,2,9201ab7532cfd955,0.506,3,2081,1.9,2.8,13.75,241.9,1,Active,16,234,527,1.25,5
0.538,29.7,0.41,2,117.8,3,1,1.07,1089,0.521,4,3493e7b20b6b15a9,0.625,4,1089,2.0,42.4,9.23,108.0,4,Active,25,215,422,0.08,2
0.333,61.1,3.84,5,1173.4,2,0,0.5,1754,0.319,2,fcb7be31701b5f8b,0.366,1,1894,0.0,26.8,4.19,137.2,2,Active,28,236,726,0.107,2
0.644,6.1,0.16,1,450.8,3,1,1.23,886,0.644,5,396c7f2a9721e069,0.614,4,894,1.0,0.0,17.82,125.9,3,Active,6,87,149,0.0,1
0.552,8.8,1.41,4,297.6,3,0,2.25,1378,0.306,2,4c32cfcea88b3c6a,0.545,4,1493,2.1,-12.3,107.92,165.2,1,Active,11,528,970,0.273,3
0.524,11.4,14.75,5,53.1,4,0,0.62,1151,0.833,5,ceffd3356e366b5f,0.585,4,1151,0.0,0.0,5.65,122.7,3,Active,7,64,126,0.143,3
0.376,10.4,0.5,2,19.5,4,0,1.63,917,0.125,1,f8f90aa69fcdba92,0.339,1,917,0.2,-11.3,4.35,120.0,3,Active,15,40,117,0.067,2
0.424,15.0,1.33,4,3649.3,1,0,0.47,916,0.25,1,44800286401f3a38,0.432,2,916,0.7,0.0,7.76,118.5,3,Active,6,100,245,0.667,4
0.578,19.0,1.13,4,2.8,5,0,1.13,1080,0.578,4,78baef732b7c220f,0.649,5,1080,0.4,22.4,2.37,106.6,4,Active,21,44,83,0.0,1
0.577,20.0,0.54,2,646.8,3,0,0.85,1025,0.497,3,c3e5708805d71179,0.574,4,1132,0.0,5.8,29.54,126.3,3,Active,17,589,1067,1.824,5
0.49,40.3,0.51,2,85.3,4,0,0.37,1345,0.516,4,8787940dca34eeb3,0.528,3,1416,0.3,17.3,2.55,129.9,2,Active,15,102,210,0.6,4
0.431,15.1,1.63,4,4978.6,1,0,0.51,863,0.364,2,bbb3b83698ebc037,0.373,1,863,0.9,42.0,9.77,123.4,3,Active,7,134,313,1.143,5
0.744,2.2,0.37,2,69.9,4,1,3.23,1343,0.5,3,4d60e80fd35eef36,0.773,5,1343,0.0,0.0,44.8,127.5,2,Active,7,97,133,0.0,1
0.678,50.3,0.08,1,386.0,3,1,1.5,1351,0.535,4,6e97011b9a99b144,0.658,5,1351,4.7,11.0,10.32,72.0,5,Stopped,67,462,696,0.507,4
0.644,33.8,4.0,5,4515.1,1,0,1.77,914,0.697,5,9664fe2a27ebee23,0.646,5,1015,11.6,-5.5,22.83,89.9,5,Stopped,32,413,705,0.625,4
0.794,22.5,1.12,4,5.8,5,0,0.47,837,1.0,5,5b953cb4a6ab6b3d,0.824,5,843,0.6,0.0,4.14,133.2,2,Active,6,53,68,0.167,3
0.566,16.8,71.5,5,5811.2,1,0,0.97,1303,0.545,4,e82933b120e7c65a,0.534,3,1303,3.4,156.0,5.73,112.3,4,Stopped,13,77,145,0.462,4
0.512,8.6,1.05,4,32.7,4,0,1.02,873,0.333,2,63e35221e8815446,0.462,2,886,1.0,0.0,3.2,137.0,2,Active,7,22,43,0.0,1
0.465,27.9,0.69,3,1491.2,2,0,0.77,967,0.0,1,9b69442abfab40ad,0.521,3,967,1.2,17.6,2.15,112.6,4,Active,20,56,127,0.1,2
0.603,58.8,0.94,3,891.7,2,0,0.32,1041,0.5,3,e4e0ee08634a328f,0.632,4,1041,2.2,36.2,2.19,118.0,3,Active,18,123,204,0.222,3
0.517,15.7,0.63,3,5426.4,1,0,4.36,1051,0.472,3,538ad164301de7aa,0.517,3,1169,0.0,15.5,79.64,85.4,5,Active,68,1243,2656,1.985,5
0.417,11.1,4.41,5,915.2,2,0,1.0,1337,0.394,2,6ad161fed477c157,0.511,3,1338,0.2,27.7,19.93,165.7,1,Active,10,200,492,0.0,1
0.348,13.4,3.06,5,119.5,3,0,1.52,1209,0.25,1,98ec4188a96c4026,0.33,1,1209,2.1,28.0,15.31,143.6,1,Active,10,101,333,0.2,3
0.452,76.2,0.08,1,22233.8,1,1,0.65,1175,0.206,1,c81960902a38ae96,0.439,2,1328,0.1,16.0,1.94,86.4,5,Active,49,146,325,0.327,3
0.366,157.1,0.04,1,4860.4,1,1,0.8,1673,0.274,1,057c5eb8708f5ed5,0.385,1,2015,14.1,10.7,3.09,150.2,1,Stopped,114,442,1228,0.667,4
0.75,11.2,0.16,1,0.5,5,1,1.36,1000,0.8,5,a0d830584cf64351,0.722,5,1095,0.9,-5.0,8.48,128.9,2,Active,14,87,116,0.0,1
0.551,20.1,0.03,1,2.7,5,1,0.55,901,0.551,4,dba8dd100c7d3cd8,0.542,3,950,7.9,0.0,4.36,136.0,2,Stopped,6,48,89,0.0,1
0.432,28.8,0.17,1,1679.1,2,1,2.16,1284,0.427,3,b3ac9611f01fedfe,0.447,2,1438,1.8,4.1,11.97,83.9,5,Active,58,322,747,0.103,2
0.732,16.6,1.19,4,63.1,4,0,0.75,791,0.732,5,476d685cee0c6a95,0.695,5,901,0.1,-35.3,13.42,135.4,2,Active,9,161,228,0.667,4
0.405,21.7,0.93,3,73.3,4,0,2.27,1198,0.25,1,6412670ac6e724fa,0.436,2,1294,0.2,21.7,7.26,92.8,5,Active,31,99,247,0.226,3
0.582,9.4,7.38,5,2.1,5,0,0.66,901,0.582,4,d01afb5e8bd022da,0.6,4,901,1.8,0.0,5.14,133.6,2,Active,5,39,67,0.0,1
0.435,64.0,0.02,1,275.5,3,1,0.08,1224,0.4,3,8ff09e9da0c38fde,0.478,3,1224,3.2,0.0,0.6,95.5,4,Stopped,5,36,85,0.8,5
0.49,15.3,24.5,5,1278.7,2,0,0.48,1191,0.545,4,96d4fe6dcc77aa92,0.535,3,1191,0.8,28.0,9.45,140.3,2,Active,7,137,306,1.143,5
0.278,22.2,1.11,4,901.4,2,0,0.56,1061,0.182,1,ed422770afd23c4c,0.316,1,1061,2.7,10.3,4.19,126.4,3,Active,11,82,302,0.364,3
0.65,20.0,0.64,3,1482.8,2,0,1.06,776,0.464,3,317897b4bcace3a9,0.685,5,959,2.4,-82.5,11.77,135.8,2,Active,10,111,177,0.2,3
0.463,15.1,0.06,1,7.3,5,1,0.68,1296,0.364,2,34111989554c883c,0.439,2,1315,0.3,44.0,2.98,120.2,3,Active,10,44,95,0.1,2
0.594,5.1,0.91,3,461.9,3,0,3.92,1173,0.593,4,566dfa5df57c753d,0.565,4,1173,0.0,27.7,46.67,105.5,4,Active,20,238,419,0.4,4
0.449,44.3,0.37,2,107.9,3,1,1.98,1659,0.354,2,b1be7398c0d84c5c,0.456,2,1659,11.9,14.2,11.44,79.4,5,Stopped,60,347,828,1.067,5
0.498,12.9,1.2,4,30.0,4,0,0.97,1463,0.395,2,5c623d75f6550b1a,0.579,4,1500,0.4,18.5,9.65,148.6,1,Active,12,119,249,0.25,3
0.372,7.7,0.48,2,8.4,4,1,1.28,1051,0.372,2,ea50d44c448cd6df,0.364,1,1051,1.3,12.0,2.93,123.2,3,Active,7,16,43,0.143,3
0.478,70.1,1.1,4,12274.4,1,0,1.23,832,0.324,2,4391a8f342fdbe9a,0.49,3,989,0.0,-8.9,16.19,86.6,5,Active,45,592,1295,0.422,4
0.37,53.1,1.0,3,32.6,4,0,0.13,1093,0.522,4,12bdef5f8c1178f0,0.31,1,1155,0.5,0.0,0.63,139.4,2,Active,7,33,92,1.286,5
0.343,10.9,0.05,1,5.9,5,1,0.91,1024,1.0,5,0b2e7b4f02a31368,0.326,1,1053,0.4,0.0,3.96,143.4,1,Active,8,35,102,0.0,1
0.823,11.2,0.15,1,6.3,5,1,1.43,848,0.833,5,6d4627cbbe337387,0.76,5,971,5.4,-43.0,8.96,141.0,2,Stopped,8,50,62,0.0,1
0.786,16.9,0.17,1,88.5,4,1,0.45,1009,1.0,5,db591d3b8ea901dd,0.846,5,1009,1.2,110.0,5.02,121.1,3,Active,7,79,112,0.286,3
0.43,47.0,0.39,2,2616.1,2,1,0.81,1560,0.388,2,b382cbcff6ec4258,0.412,2,1713,4.8,13.0,10.11,122.1,3,Stopped,34,427,1007,0.441,4
0.368,14.0,0.5,2,73.3,4,0,1.35,1272,0.311,2,e18a5d2606e59072,0.358,1,1340,2.9,0.0,11.61,120.5,3,Active,10,86,253,0.1,2
0.32,21.9,0.12,1,869.3,2,1,1.13,1133,0.143,1,cf0bd08fa2581177,0.362,1,1161,0.5,4.0,4.75,97.4,4,Active,24,101,322,0.083,2
0.348,11.6,0.19,1,5450.1,1,1,1.38,766,0.0,1,1d7e6b91dde3d151,0.342,1,892,0.1,0.0,5.96,114.8,3,Active,16,69,224,0.062,2
0.724,38.9,0.38,2,2018.5,2,1,1.34,1638,0.577,4,a22e02f4b7fc0088,0.73,5,1685,0.0,21.1,57.05,96.3,4,Active,42,1785,2488,0.31,3
0.542,3.3,0.85,3,354.6,3,0,1.62,964,0.542,4,a14697d641d634be,0.684,5,964,0.1,0.0,7.78,114.8,3,Active,5,24,48,0.2,3
0.247,7.2,1.6,4,856.7,3,0,2.29,1060,0.262,1,c786884306a34c17,0.244,1,1117,0.2,32.6,25.14,110.9,4,Active,16,176,756,0.0,1
0.492,10.0,2.19,5,1187.0,2,0,1.26,1241,0.294,2,570ede48b5641db6,0.462,2,1241,0.5,45.5,16.05,151.8,1,Active,12,153,319,0.25,3
0.416,42.1,0.22,1,1424.5,2,1,0.59,2328,0.401,3,e734813ba81a33a8,0.441,2,2328,2.8,43.6,25.11,139.6,2,Active,23,987,2547,1.13,5
0.45,26.9,1.14,4,238.7,3,0,0.69,1881,0.4,3,34abf297816ed6a2,0.449,2,1881,0.7,38.2,4.98,157.6,1,Active,18,130,300,0.611,4
0.712,11.1,0.53,2,235.4,3,0,1.19,721,0.333,2,004c921901c494df,0.732,5,794,0.4,-12.6,24.74,126.8,3,Active,11,229,379,0.727,4
0.514,36.4,8.47,5,23.3,4,0,1.21,1385,0.375,2,3afc955bf05cc5c5,0.409,2,1385,31.5,0.0,12.92,119.9,3,Stopped,6,64,142,0.5,4
0.638,17.3,0.63,3,2.3,5,0,2.15,1604,0.636,5,067c031d66ec19eb,0.611,4,1604,0.8,7.4,7.79,112.1,4,Active,35,127,210,0.0,1
0.261,50.0,0.7,3,6760.2,1,0,0.43,1423,0.19,1,d7b4c9456b1a9619,0.224,1,1504,0.3,6.6,2.47,126.4,3,Active,20,115,445,0.05,2
0.326,85.7,0.34,2,7888.2,1,1,0.33,599,0.5,3,7ca6226c6863d4b3,0.355,1,801,1.3,-11.0,1.56,103.2,4,Active,23,108,448,0.348,3
0.344,45.0,0.13,1,32978.6,1,1,0.68,982,0.244,1,cc496450144e78a3,0.296,1,982,18.5,19.3,7.97,109.7,4,Stopped,18,211,701,0.333,3
0.523,6.4,1.09,4,1152.6,2,0,2.18,1133,0.5,3,9bea19c21a07d78e,0.525,3,1133,0.2,10.0,48.99,137.4,2,Active,10,225,432,0.2,3
0.541,70.6,0.07,1,5640.1,1,1,1.02,1369,0.474,3,841eb2b5a1e628fd,0.534,3,1626,0.3,8.8,14.46,73.0,5,Active,72,1017,1941,1.222,5
0.285,34.2,0.0,1,2700.2,2,1,0.4,848,0.0,1,6024edb199415e55,0.327,1,886,0.5,51.0,3.58,127.4,2,Active,9,81,284,0.0,1
0.548,18.4,207.0,5,114.5,3,0,0.38,1149,0.308,2,41dc56be65e18ae4,0.633,4,1149,0.0,0.0,5.77,118.5,3,Active,7,106,208,0.143,3
0.394,8.4,0.16,1,103.2,3,1,2.5,1048,0.438,3,bf88ffdb3949033a,0.526,3,1107,0.1,5.7,8.87,137.9,2,Active,11,39,104,1.182,5
0.399,35.0,0.19,1,173.2,3,1,0.27,1462,0.344,2,e4556ac707c8557c,0.447,2,1462,0.5,46.0,2.84,128.5,2,Active,9,94,336,0.0,1
0.551,17.3,0.3,2,2259.4,2,1,0.95,1496,0.438,3,7d5cc14eb75f93fc,0.672,5,1496,0.5,36.6,4.33,136.9,2,Active,16,73,138,0.75,4
0.429,33.0,0.86,3,2128.2,2,0,2.02,2384,0.39,2,69b291ff29ecc6cc,0.456,2,2553,0.4,32.1,34.7,106.2,4,Active,65,1115,2941,0.323,3
0.523,26.9,3.3,5,17.3,4,0,0.72,1071,0.523,4,278844333057a8da,0.571,4,1092,0.4,3.5,2.02,99.0,4,Active,16,45,86,0.0,1
0.543,83.7,0.34,2,5001.2,1,1,2.67,1962,0.422,3,873d6e014cc09ed5,0.573,4,1962,36.5,21.1,17.65,143.7,1,Stopped,115,759,1478,0.757,4
0.343,1.5,0.79,3,54.0,4,0,6.05,1265,0.215,1,e3eaaa33b9f7687b,0.448,2,1265,0.0,72.0,45.07,138.9,2,Active,9,67,210,0.444,4
0.208,9.8,0.2,1,288.4,3,1,3.08,862,0.208,1,8a8072ae903cacf7,0.191,1,869,6.1,2.7,5.61,123.3,3,Stopped,11,20,96,0.273,3
0.477,11.9,1.71,4,48.0,4,0,1.43,1344,0.667,5,831f96a1127d7adc,0.447,2,1344,3.4,121.0,3.69,127.4,2,Stopped,12,31,65,0.25,3
0.391,118.9,0.15,1,8.1,4,1,0.1,1564,0.25,1,16ad804c8674642c,0.526,3,1621,8.6,31.0,0.54,436.8,1,Stopped,9,50,128,0.0,1
0.685,49.7,0.27,1,3476.7,1,1,0.12,830,0.5,3,d4db3dc317c2e0d4,0.615,4,838,0.8,-7.0,1.31,125.1,3,Active,6,64,108,0.0,1
0.363,58.2,0.16,1,5916.0,1,1,2.66,1682,0.32,2,ca4d4299a4c5de91,0.336,1,1869,11.2,16.5,26.15,81.3,5,Stopped,125,1229,3564,1.488,5
0.486,22.2,0.11,1,371.6,3,1,0.42,1366,0.655,5,a1de83a805886203,0.533,3,1366,0.5,0.0,10.58,93.5,5,Active,9,228,486,0.889,5
0.495,23.2,0.98,3,200.3,3,0,3.3,1987,0.44,3,a99056e6ebdc8fa0,0.524,3,2205,0.2,13.0,37.0,101.0,4,Active,76,851,1867,0.842,5
0.635,49.8,0.49,2,16.4,4,1,0.15,968,1.0,5,ecc63d0d8005b6d5,0.562,4,968,0.3,0.0,0.98,136.5,2,Active,5,33,52,0.0,1
0.709,31.4,4.53,5,4115.4,1,0,0.16,1039,0.774,5,2eebd58d1ce02371,0.731,5,1039,0.0,0.0,14.97,105.2,4,Active,5,455,973,0.6,4
0.741,10.9,0.39,2,348.7,3,1,1.45,1003,0.636,5,ee077784ead13ba9,0.729,5,1124,0.5,-25.6,24.42,139.7,2,Active,15,252,359,0.533,4
0.559,8.0,4.17,5,76.2,4,0,1.01,1125,0.6,4,702b9cd5442f483f,0.412,2,1141,0.0,21.0,5.8,156.4,1,Active,8,46,93,0.5,4
0.429,30.2,0.42,2,1457.6,2,1,1.03,1500,0.23,1,c8821e40dfdb0517,0.423,2,1552,10.8,104.8,4.7,116.3,3,Stopped,20,91,231,0.2,3
0.432,25.2,14.5,5,1076.5,2,0,0.52,1214,0.429,3,c21dbc576f3f7b79,0.473,2,1420,0.0,-31.7,5.3,128.1,2,Active,13,133,310,0.154,3
0.465,16.5,0.81,3,2149.7,2,0,5.17,1180,0.373,2,46a3b9c1d1da9f6b,0.435,2,1330,2.4,19.6,35.24,72.4,5,Active,73,498,1092,0.329,3
0.552,63.6,0.08,1,5380.6,1,1,0.98,2104,0.491,3,6f17c29e6b6fbd67,0.554,4,2104,0.8,22.4,12.39,95.6,4,Active,59,748,1369,0.339,3
0.302,5.6,6.82,5,2628.6,2,0,1.14,1082,0.143,1,392c719239c59ffc,0.314,1,1082,1.0,0.0,15.21,126.2,3,Active,5,67,258,0.2,3
0.374,51.7,3.57,5,4415.7,1,0,0.78,1408,0.279,1,a2067ba9c9f059f4,0.391,1,1490,1.9,6.5,5.26,99.0,4,Active,39,262,717,0.513,4
0.469,16.1,0.62,2,1068.5,2,0,2.59,851,0.462,3,a95ed5289578a0c8,0.481,3,1093,0.3,-4.9,12.08,87.8,5,Active,41,191,424,0.829,5
0.338,20.1,0.41,2,3516.1,1,1,1.27,1186,0.285,1,4a4dde8b13fe306e,0.391,1,1231,0.2,15.8,11.04,119.2,3,Active,25,218,689,0.52,4
0.361,55.8,0.09,1,2678.9,2,1,1.01,1295,0.366,2,10d763fc846a932d,0.354,1,1332,5.4,20.4,6.63,81.8,5,Stopped,51,334,959,0.725,4
0.64,23.5,4.36,5,2734.4,2,0,1.01,1374,0.866,5,9b63fdec82c80794,0.644,5,1374,0.0,45.6,17.13,97.4,4,Active,23,391,633,0.0,1
0.395,47.3,0.28,1,2767.2,2,1,1.03,1406,0.507,4,7cb6a37467fe6a4b,0.372,1,1406,0.3,14.9,23.43,87.3,5,Active,48,1092,2844,1.021,5
0.409,42.0,0.32,2,3402.0,2,1,1.36,1379,0.382,2,3bf8a80e4bd13323,0.409,2,1461,1.8,35.0,16.58,78.6,5,Active,54,656,1664,0.722,4
0.321,90.8,0.35,2,308.2,3,1,0.37,1728,0.229,1,820b92f4802282b7,0.366,1,1790,39.0,79.7,2.74,129.5,2,Stopped,19,142,476,0.895,5
0.487,38.2,0.8,3,7255.7,1,0,2.32,1546,0.447,3,fb274a294afb3504,0.496,3,1620,0.5,10.1,14.27,71.1,5,Active,86,529,1126,0.372,3
0.482,56.9,0.93,3,1396.5,2,0,1.35,1670,0.489,3,410d49b231231e5a,0.514,3,1670,2.0,19.3,13.39,78.6,5,Active,66,653,1534,0.515,4
0.316,11.2,1.11,4,0.2,5,0,1.92,909,0.316,2,27adb58af06f9c2e,0.286,1,969,3.1,-30.0,1.44,130.5,2,Stopped,8,6,19,0.0,1
0.494,56.5,1.81,4,3987.9,1,0,1.4,1555,0.5,3,f6185eb322984c92,0.639,5,1736,7.8,17.3,20.65,95.9,4,Stopped,68,1005,2169,1.0,5
0.609,25.5,0.21,1,90.8,4,1,1.04,1078,0.45,3,22efb82c1a0c8485,0.625,4,1135,0.5,18.8,9.43,94.7,5,Active,26,236,414,0.385,3
0.472,151.8,0.4,2,260.4,3,1,0.08,1548,0.154,1,d19bdb2685290e68,0.495,3,1631,0.5,20.9,0.71,413.0,1,Active,12,102,265,1.75,5
0.457,37.1,0.35,2,6829.8,1,1,0.78,1203,0.381,2,34478301ecc4cad7,0.455,2,1233,7.7,-11.0,12.45,100.5,4,Stopped,23,366,891,1.348,5
0.502,34.9,1.42,4,125.7,3,0,0.58,1108,0.667,5,72d58f35d041f891,0.51,3,1182,5.4,-15.8,3.65,139.5,2,Stopped,17,106,215,0.0,1
0.515,71.4,12.07,5,511.8,3,0,0.65,2173,0.432,3,3db664e10bc70e01,0.519,3,2247,0.1,63.6,8.07,107.2,4,Active,46,573,1137,0.239,3
0.656,5.7,1.0,3,94.8,4,0,1.79,673,0.5,3,c05d03820389e42d,0.718,5,888,0.0,-45.0,27.96,141.5,2,Active,10,156,262,0.1,2
0.411,48.3,4.17,5,1925.7,2,0,2.49,1793,0.369,2,ded133d01ca8bd8f,0.473,2,1828,0.5,19.4,19.78,82.8,5,Active,114,906,2372,0.816,5
0.456,18.3,1.1,4,51.3,4,0,0.45,942,0.286,1,635e171a908ae12b,0.468,2,974,2.7,-22.0,4.22,142.7,2,Active,7,66,147,0.0,1
0.582,49.4,0.68,3,3.4,5,0,2.02,1612,0.514,4,718c799dd8919c2d,0.531,3,1612,38.4,18.0,7.08,140.1,2,Stopped,22,77,165,0.909,5
0.394,54.9,0.62,2,61.8,4,0,1.08,1443,0.271,1,83216806cb4dfc8e,0.393,1,1443,33.5,67.3,3.47,123.5,3,Stopped,23,74,198,0.478,4
0.467,35.1,4.54,5,152.6,3,0,0.32,1893,0.462,3,bd13ea1e939b250b,0.554,4,1893,0.8,78.0,3.19,155.3,1,Active,11,109,255,1.091,5
0.311,26.4,0.92,3,12.8,4,0,1.24,1122,0.143,1,86893d64949746e5,0.315,1,1185,0.2,28.2,3.1,100.3,4,Active,28,70,225,0.071,2
0.484,18.1,1.57,4,2601.6,2,0,1.11,856,0.451,3,50d1b7ac9dc977ce,0.487,3,904,1.1,0.0,16.21,115.6,3,Active,14,204,496,0.357,3
0.507,11.2,1.5,4,52.0,4,0,2.1,1023,0.517,4,88cd638ad1fb54be,0.553,4,1311,3.6,-28.0,9.21,165.3,1,Stopped,16,70,140,0.25,3
0.706,9.8,0.68,3,16.4,4,0,2.29,1626,0.583,4,c947ca416ee78385,0.746,5,1721,2.4,58.0,12.91,119.4,3,Active,17,96,136,0.0,1
0.583,57.2,0.18,1,2769.8,2,1,1.78,1794,0.57,4,b3c8588a2d5c80ef,0.554,4,1794,0.7,0.0,12.78,73.9,5,Active,93,669,1225,0.677,4
0.767,24.1,75.67,5,1506.1,2,0,0.62,1318,0.625,5,52f4c59d593ab520,0.812,5,1318,0.0,40.5,14.64,115.6,3,Active,15,352,460,0.0,1
0.452,73.2,0.71,3,522.3,3,0,4.38,1488,0.351,2,92691695c470d8ac,0.465,2,1628,0.2,6.9,27.03,61.5,5,Active,208,1283,3024,0.274,3
0.445,28.2,3.49,5,10701.7,1,0,0.95,575,0.4,3,126ff0033b0a2b13,0.404,2,853,2.7,-23.7,5.91,108.5,4,Active,24,150,449,0.75,4
0.488,8.0,3.8,5,6216.3,1,0,1.06,888,1.0,5,0b703561267d607f,0.453,2,888,0.4,13.5,13.55,123.7,3,Active,8,102,211,0.125,2
0.656,20.7,3.0,5,29.5,4,0,0.83,964,0.656,5,015091ae31e00d72,0.724,5,964,5.4,0.0,5.09,129.4,2,Stopped,6,37,64,0.0,1
0.328,33.6,0.91,3,7336.6,1,0,0.3,1159,0.328,2,501fa5567d478301,0.321,1,1159,0.1,38.0,26.35,125.3,3,Active,10,883,2794,0.9,5
0.541,22.2,0.38,2,36.8,4,1,3.44,1539,0.563,4,81a832c8710c9aa3,0.537,3,1605,0.2,15.1,29.66,115.9,3,Active,31,267,495,0.032,2
0.696,6.5,0.52,2,3.2,5,0,4.06,1313,0.25,1,ed45ceb35ca4bb63,0.812,5,1332,0.8,-5.4,9.71,119.1,3,Active,23,55,79,0.0,1
0.243,34.5,0.6,2,1321.8,2,0,0.71,1150,0.146,1,42724e88a4b3cd17,0.26,1,1154,3.2,5.2,3.44,116.2,3,Stopped,21,101,428,0.429,4
0.538,22.7,1.18,4,639.6,3,0,1.25,1125,0.467,3,3828876e4f009cd7,0.528,3,1334,0.3,20.0,5.91,125.6,3,Active,28,132,253,0.286,3
0.449,6.9,0.57,2,9.4,4,0,2.22,972,0.449,3,f9d6616cb5e4fc99,0.462,2,975,0.2,-18.7,4.92,133.5,2,Active,14,31,69,0.0,1
0.366,15.1,0.29,2,1013.7,2,1,0.94,812,0.2,1,55f0e2b62dc7069f,0.337,1,974,1.2,-14.3,5.11,131.6,2,Active,11,60,164,0.182,3
0.725,20.9,0.76,3,1998.1,2,0,0.43,815,0.636,5,724b743cca3ec30a,0.664,5,936,0.0,-36.7,11.45,136.9,2,Active,9,239,363,0.222,3
0.572,27.1,0.87,3,921.5,2,0,1.31,1622,0.62,5,2d72d786ebf30456,0.568,4,1622,0.6,25.2,46.88,109.6,4,Active,33,1183,2110,0.424,4
0.37,47.4,0.07,1,21141.4,1,1,0.11,839,0.167,1,3ada5ac4b4018054,0.409,2,839,0.3,0.0,0.98,111.1,4,Active,5,46,162,0.0,1
0.354,21.6,1.07,4,3717.4,1,0,5.3,1921,0.295,2,5accf7f11e1f5e4a,0.347,1,2118,0.0,22.6,112.81,82.2,5,Active,114,2428,7284,1.649,5
0.472,39.3,0.94,3,59.0,4,0,0.68,1713,0.351,2,014dcce281496864,0.541,3,1766,2.6,57.7,6.15,105.9,4,Active,25,226,525,0.64,4
0.275,80.2,0.27,1,5434.1,1,1,0.44,1079,0.107,1,74cc2f480c08d9d4,0.269,1,1371,2.5,-9.5,1.04,245.3,1,Active,34,81,342,0.5,4
0.732,34.8,0.92,3,25.8,4,0,0.98,1449,0.905,5,43141a91ab974f3d,0.737,5,1449,0.7,15.5,9.39,83.9,5,Active,33,317,436,0.455,4
0.561,9.0,0.29,2,397.0,3,1,1.36,661,0.514,4,a72f75293fb5ebce,0.522,3,895,1.3,-57.8,32.18,146.7,1,Active,10,237,449,0.1,2
0.527,15.3,1.28,4,3.3,5,0,1.14,1541,0.348,2,d8acef0b58f30540,0.593,4,1655,0.4,2.3,5.23,170.7,1,Active,17,78,148,0.059,2
0.481,29.8,0.39,2,9796.2,1,1,1.17,1401,0.465,3,248f384ff6ddd49b,0.492,3,1401,0.8,-0.7,26.88,89.0,5,Active,34,781,1711,0.441,4
0.284,43.0,0.1,1,301.1,3,1,0.22,1126,0.169,1,d59ace5b103befda,0.295,1,1126,8.7,154.0,4.39,116.5,3,Stopped,7,142,511,0.429,4
0.496,13.3,4.73,5,4620.0,1,0,0.82,831,0.3,2,2bbff9df47bb8661,0.507,3,921,0.3,-35.5,11.63,136.1,2,Active,9,127,258,0.778,4
0.418,113.8,0.54,2,11318.2,1,0,1.63,1797,0.294,2,d30bb63337236324,0.477,2,1923,2.4,9.6,9.97,123.2,3,Active,182,1111,2781,0.22,3
0.467,17.4,0.79,3,406.9,3,0,3.63,1625,0.4,3,31a53840d717df2d,0.514,3,1699,0.3,22.7,82.18,104.0,4,Active,53,1200,2889,1.623,5
0.4,30.7,0.67,3,339.1,3,0,0.54,1378,0.286,1,f9c50fd80cf64992,0.447,2,1378,0.8,91.2,1.71,142.9,2,Active,13,41,110,0.462,4
0.487,30.1,0.25,1,46194.5,1,1,0.24,753,1.0,5,db86a1e9a69e2533,0.447,2,866,1.2,-54.5,4.01,151.1,1,Active,7,116,240,0.0,1
0.372,4.6,0.18,1,72.4,4,1,1.77,1138,0.182,1,3662166c9cfafeec,0.363,1,1241,0.0,0.0,14.57,144.9,1,Active,8,66,180,0.5,4
0.4,8.6,1.24,4,8745.4,1,0,1.17,889,0.333,2,b91d4c9973d37c7d,0.394,1,889,0.1,92.0,28.15,133.3,2,Active,10,240,615,0.7,4
0.482,12.3,0.86,3,3315.9,2,0,3.29,997,0.438,3,b9a8dc916589aace,0.509,3,1118,0.1,5.2,30.95,95.6,4,Active,40,376,784,0.6,4
0.346,44.9,0.16,1,592.3,3,1,1.21,1667,0.339,2,0398ebc1e2646542,0.427,2,1764,1.2,8.7,22.02,95.4,5,Active,53,962,3026,1.34,5
0.516,8.4,0.36,2,18.3,4,1,0.74,969,0.389,2,27776e52064a425b,0.477,2,1034,0.4,-48.0,7.56,172.9,1,Active,6,61,124,0.0,1
0.436,13.7,1.88,4,3576.4,1,0,0.51,1288,0.206,1,55798f03bb45c548,0.5,3,1288,0.0,0.0,9.86,131.3,2,Active,7,134,328,0.429,4
0.379,10.7,0.61,2,99.2,4,0,1.13,659,0.308,2,064bc0c78f2fc97d,0.446,2,830,0.1,-22.4,4.52,129.1,2,Active,12,48,132,0.917,5
0.684,7.6,2.0,4,39.3,4,0,0.7,1177,0.714,5,7c6865d3ef38cb62,0.729,5,1177,0.5,0.0,10.87,108.7,4,Active,5,78,114,0.2,3
0.263,34.8,0.42,2,507.2,3,1,0.29,898,0.333,2,1dfdfe4c12dd71c9,0.188,1,1115,0.1,-65.7,0.81,168.1,1,Active,10,28,118,0.1,2
0.325,19.4,0.11,1,73.8,4,1,0.81,981,0.353,2,d2afccd316a7b133,0.344,1,1099,0.5,20.2,7.77,131.3,2,Active,14,135,425,0.071,2
0.274,12.4,1.79,4,1014.3,2,0,0.57,939,0.091,1,be4333c54d9e204a,0.33,1,1022,0.1,-39.0,4.65,140.9,2,Active,7,57,223,0.143,3
0.438,33.5,0.05,1,1645.0,2,1,0.63,1265,0.429,3,04496dc73b74122d,0.41,2,1265,0.6,29.2,9.93,111.0,4,Active,18,284,717,1.222,5
0.469,93.2,3.58,5,10563.7,1,0,0.1,1416,0.515,4,25dc37f6c2d1a71c,0.587,4,1672,20.9,-10.0,5.6,602.9,1,Stopped,7,404,894,0.0,1
0.501,45.3,49.34,5,4515.1,1,0,0.8,1226,0.474,3,8fe9cf7b1ff52605,0.506,3,1314,0.1,-12.5,23.69,98.4,4,Active,34,1012,2215,0.971,5
0.469,20.5,0.74,3,103.9,3,0,1.32,1429,0.429,3,aaacb5251ca2f4c3,0.526,3,1429,9.9,0.0,11.53,139.0,2,Stopped,7,61,160,2.714,5
0.562,21.3,1.01,3,1885.4,2,0,2.12,1632,0.442,3,75f9b0dfdb7e99d4,0.575,4,1632,0.1,26.6,14.83,91.9,5,Active,45,314,564,1.022,5
0.556,9.0,1.15,4,4349.8,1,0,1.12,1190,0.343,2,d8f41f6cb419d552,0.564,4,1242,0.0,0.0,23.47,133.8,2,Active,10,210,378,0.4,4
0.635,30.7,2.55,5,17509.7,1,0,1.11,1275,0.432,3,9a3c6b2c0d13abc4,0.648,5,1419,0.0,12.4,12.76,93.0,5,Active,34,392,628,0.176,3
0.278,35.9,4.03,5,11234.2,1,0,0.51,986,0.246,1,4755508dcbdab2b0,0.262,1,1019,0.7,1.8,4.07,103.9,4,Active,18,143,528,0.444,4
0.55,9.7,53.5,5,25.1,4,0,3.0,1077,0.222,1,12a26f8845d11ae5,0.5,3,1168,5.2,-7.3,17.39,137.3,2,Stopped,10,58,109,0.4,4
0.334,44.7,1.31,4,2825.5,2,0,0.94,2115,0.261,1,103d6b461423f423,0.389,1,2115,0.1,6.4,10.11,142.7,2,Active,39,420,1471,0.256,3
0.429,32.5,1.27,4,679.8,3,0,1.12,1457,0.347,2,b59131d13ba6026c,0.432,2,1505,5.9,45.2,12.82,123.0,3,Stopped,26,297,716,0.769,4
0.314,17.3,0.8,3,25.5,4,0,0.6,702,0.0,1,8a83c7cf5ee70765,0.333,1,936,0.5,-84.5,3.04,149.1,1,Active,9,46,153,0.111,2
0.359,8.1,0.22,1,225.1,3,1,1.15,1226,0.324,2,2a4a3c6ec19cd6dd,0.402,2,1226,1.0,0.0,13.91,129.9,2,Active,8,97,290,0.25,3
0.509,77.2,0.75,3,7939.0,1,0,4.15,1566,0.407,3,4d2f496b98e4b2b7,0.517,3,1898,0.0,8.0,33.62,73.8,5,Active,260,2104,4262,1.404,5
0.648,17.1,0.28,1,3150.2,2,1,1.34,1332,0.889,5,fa6d56ff9679520b,0.712,5,1332,2.0,9.0,20.86,101.6,4,Active,20,312,489,0.1,2
0.43,107.7,7.88,5,3623.8,1,0,0.69,2349,0.435,3,59a06afed82e5d6b,0.522,3,2745,0.2,13.2,32.16,115.0,3,Active,74,3457,8536,1.703,5
0.441,21.6,0.22,1,21.7,4,1,2.77,1562,0.305,2,106a2f396db2c7f4,0.447,2,1812,0.6,6.1,11.24,95.5,4,Active,58,235,542,0.241,3
0.47,43.8,1.87,4,701.9,3,0,1.78,2182,0.476,3,a7179554c85b1c37,0.561,4,2183,0.1,21.6,42.39,76.9,5,Active,76,1814,4141,1.158,5
0.654,12.9,1.26,4,2.2,5,0,1.56,977,0.333,2,5dca8fb4c996ec9a,0.699,5,1054,0.4,-4.7,13.68,123.2,3,Active,18,158,246,0.0,1
0.455,22.2,0.7,3,16287.3,1,0,0.44,921,0.0,1,5596636fa615c8ea,0.489,3,975,1.8,-14.5,2.69,147.5,1,Active,9,55,121,0.0,1
0.565,15.1,3.07,5,38.5,4,0,0.86,1438,0.612,4,f0fd26ba5f2e046b,0.599,4,1438,0.0,60.0,16.49,114.9,3,Active,13,249,464,1.077,5
0.379,49.8,4.58,5,130.2,3,0,0.32,2305,0.5,3,04990b79e43a1502,0.413,2,2305,5.9,77.0,3.74,214.9,1,Stopped,14,164,435,0.286,3
0.442,84.0,0.33,2,383.5,3,1,2.01,1502,0.171,1,46d0516351b12048,0.432,2,1502,69.1,-6.8,8.05,251.0,1,Stopped,30,120,283,0.4,4
0.364,21.5,2.67,5,5.7,5,0,0.43,928,0.75,5,1741318399103717,0.368,1,935,3.1,0.0,1.03,157.8,1,Stopped,5,12,33,0.0,1
0.558,93.3,0.01,1,2842.8,2,1,0.97,2107,0.385,2,1d64f36de14cd34f,0.636,4,2132,29.0,32.5,25.83,185.1,1,Stopped,62,1659,3172,1.129,5
0.429,10.1,0.03,1,3.5,5,1,0.92,1211,1.0,5,0bf03569cfbfbe20,0.48,3,1300,0.4,79.0,2.57,180.2,1,Active,9,25,63,0.0,1
0.74,10.7,3.57,5,44.4,4,0,1.65,1081,0.824,5,e26a49b7fead5493,0.745,5,1120,0.0,16.2,26.37,119.9,3,Active,15,240,338,0.067,2
0.455,32.9,2.81,5,4419.5,1,0,1.06,1201,0.316,2,1d0ee083173ec50c,0.525,3,1246,1.3,17.4,7.66,115.5,3,Active,28,202,488,0.571,4
0.506,24.4,1.13,4,5.6,5,0,1.16,1075,0.278,1,cceefb43e9d71f01,0.57,4,1154,0.4,-20.2,4.25,117.7,3,Active,21,77,160,0.19,3
0.513,97.7,1.47,4,1162.1,2,0,1.98,1324,0.406,3,39ae2b1bd4026250,0.572,4,1777,0.8,1.7,10.42,121.4,3,Active,192,1009,2074,0.656,4
0.396,6.0,2.69,5,790.8,3,0,1.52,784,0.0,1,1e1cf9195e207455,0.343,1,868,0.1,-20.0,3.61,134.8,2,Active,8,19,48,0.875,5
0.343,21.6,0.54,2,24346.3,1,0,0.24,923,0.167,1,e5ff402948e7a06c,0.333,1,923,0.5,0.0,2.42,104.9,4,Active,5,51,166,0.6,4
0.394,47.0,3.14,5,3018.3,2,0,0.59,1437,0.229,1,5d5e625a9ba02ab5,0.41,2,1470,6.4,50.0,4.78,108.6,4,Stopped,24,194,497,0.083,2
0.524,20.3,1.61,4,4674.4,1,0,1.23,1536,0.44,3,3f0fe616104883b3,0.487,3,1536,0.0,14.1,17.6,135.0,2,Active,24,342,662,0.167,3
0.616,20.2,2.02,4,1513.8,2,0,1.0,1185,0.714,5,19fa24524e59a3bf,0.577,4,1185,0.0,-1.5,16.35,113.1,4,Active,17,279,474,0.118,2
0.482,40.7,6.12,5,744.5,3,0,0.45,945,0.543,4,18a6189ef687ce48,0.457,2,1015,0.9,-12.0,3.62,110.4,4,Active,18,144,363,0.667,4
0.632,31.8,0.41,2,19.5,4,1,1.21,731,0.667,5,bb9c347c5dc42c80,0.778,5,846,0.6,-11.5,2.24,116.6,3,Active,13,24,38,0.0,1
0.333,60.6,0.35,2,5221.6,1,1,1.16,1058,0.378,2,fc7a28d6bb2520f1,0.309,1,1317,0.1,11.2,9.93,77.8,5,Active,70,601,1882,0.686,4
0.504,56.6,0.82,3,53.2,4,0,0.66,1841,0.475,3,fe8518f1ba2ce40e,0.494,3,1987,0.4,33.5,12.38,127.7,2,Active,37,695,1589,1.459,5
0.667,3.8,0.11,1,2.7,5,1,3.16,1163,0.25,1,76bcb6b781519926,0.667,5,1274,0.4,-63.0,7.9,157.3,1,Active,8,20,30,0.0,1
0.621,10.9,50.5,5,22.8,4,0,0.66,806,1.0,5,53f9b70ad4456162,0.559,4,866,0.3,-56.0,12.06,138.6,2,Active,7,127,206,1.143,5
0.77,19.8,0.5,2,489.1,3,0,1.97,809,0.77,5,7ec34fa0b3213a76,0.744,5,917,0.0,17.5,30.66,91.1,5,Active,39,606,793,1.41,5
0.691,9.0,0.19,1,4.0,5,1,1.22,1559,0.625,5,f5bb7d8101269ab0,0.621,4,1559,1.5,0.0,6.08,164.1,1,Active,9,45,68,0.222,3
0.118,35.1,5.12,5,11.0,4,0,1.05,838,0.043,1,0d02f2dbfd3ae1fb,0.1,1,1012,21.2,23.0,1.71,147.5,1,Stopped,11,18,153,0.0,1
0.692,8.5,0.95,3,5.1,5,0,4.27,949,0.692,5,0bac3c325bfc2e2d,0.633,4,949,0.0,0.0,44.37,120.8,3,Active,5,52,78,1.4,5
0.382,41.2,0.02,1,7285.3,1,1,0.56,1162,0.433,3,26b2df1312bc3dcb,0.361,1,1249,0.5,61.6,18.59,105.5,4,Active,22,735,2123,1.182,5
0.571,44.5,1.92,4,3624.1,1,0,1.76,1412,0.45,3,01160fdc97d6d1d5,0.613,4,1528,0.1,23.9,17.21,73.4,5,Active,78,763,1395,0.731,4
0.533,11.6,0.5,2,0.5,5,0,0.8,1413,0.273,1,6b4ba93453dc2d03,0.611,4,1413,0.2,192.0,2.39,129.2,2,Active,8,24,45,0.0,1
0.441,21.6,1.98,4,2084.8,2,0,1.52,1099,0.42,3,df91b60839c57d7a,0.465,2,1099,0.4,20.3,9.18,91.7,5,Active,26,157,372,0.577,4
0.607,34.3,0.01,1,2937.3,2,1,0.32,1032,0.0,1,db93ab2e8befc096,0.641,5,1032,11.9,0.0,7.95,111.4,4,Stopped,6,149,252,0.0,1
0.585,8.9,0.66,3,21.8,4,0,0.63,1022,0.5,3,ea2f884eb206c68c,0.8,5,1022,1.0,0.0,3.27,136.9,2,Active,5,26,53,0.0,1
0.707,52.9,0.52,2,37.7,4,0,0.78,1613,0.671,5,271d61062d038f5f,0.74,5,1699,0.2,2.9,22.18,122.8,3,Active,41,1169,1697,0.634,4
0.373,65.8,1.16,4,43489.8,1,0,0.24,947,1.0,5,9cb9a17c272b3c69,0.328,1,1102,0.4,4.7,0.63,121.1,3,Active,15,40,110,0.0,1
0.38,30.4,2.23,5,12686.8,1,0,1.36,1787,0.335,2,4c79af4e091d2bd8,0.39,1,1787,0.0,0.7,11.74,100.5,4,Active,41,355,970,0.659,4
0.789,3.2,0.9,3,46.4,4,0,5.73,1342,0.5,3,a9e2e403f91f7363,0.862,5,1342,0.2,41.8,15.15,112.4,4,Active,17,45,57,0.118,2
0.485,72.2,0.08,1,15581.3,1,1,0.59,1055,0.457,3,b5603051ce06c230,0.479,3,1273,4.8,9.7,3.71,91.1,5,Stopped,40,250,528,0.6,4
0.483,35.8,1.04,4,2960.1,2,0,5.02,1386,0.488,3,d17932f1b9c9ed62,0.489,3,1509,0.3,3.8,37.05,64.8,5,Active,175,1291,2745,0.771,4
0.662,29.3,5.04,5,2718.4,2,0,0.38,1163,0.667,5,b2e21080b760cf5a,0.582,4,1176,1.9,4.0,7.67,127.9,2,Active,10,201,308,0.5,4
0.73,23.6,1.19,4,638.7,3,0,1.34,883,0.739,5,c67671a873a60323,0.717,5,933,0.4,-11.0,17.97,109.6,4,Active,31,417,586,0.548,4
0.491,25.7,0.97,3,4290.4,1,0,4.61,1630,0.465,3,11f249e1002eec84,0.492,3,1735,0.2,12.0,39.09,74.6,5,Active,117,993,2233,1.333,5
0.511,7.3,1.05,4,709.1,3,0,2.44,1211,0.5,3,d909fc376dc7e678,0.472,2,1211,0.2,-23.0,30.43,130.4,2,Active,13,162,317,0.308,3
0.519,74.3,0.01,1,5485.9,1,1,0.36,1440,0.31,2,1e67d47acf09ea86,0.502,3,1454,18.4,2.0,4.3,132.8,2,Stopped,20,236,478,0.9,5
0.429,35.2,0.13,1,623.4,3,1,0.61,983,0.333,2,2e3570c3f0d4a504,0.365,1,1051,5.8,16.8,2.46,110.5,4,Stopped,17,68,161,0.353,3
0.392,56.7,1.46,4,11295.9,1,0,0.24,970,0.328,2,76a6210bd6681332,0.586,4,970,4.2,34.0,4.28,128.8,2,Stopped,12,210,544,0.083,2
0.562,38.8,0.12,1,12.1,4,1,1.32,1300,0.537,4,e3fb5e4f24642a09,0.512,3,1490,7.2,3.3,4.81,105.5,4,Stopped,41,149,272,0.268,3
0.75,83.0,0.07,1,3904.7,1,1,0.12,1115,0.636,5,f2368c395459ec83,0.674,5,1406,0.5,-4.5,2.25,434.5,1,Active,10,186,248,0.2,3
0.588,7.5,0.59,2,1943.5,2,0,1.45,1021,1.0,5,88b95a23bd1e5c74,0.517,3,1021,2.7,64.0,11.78,128.5,2,Active,7,57,97,0.286,3
0.583,10.1,0.71,3,3.0,5,0,0.65,909,0.583,4,b4958e9ce4882621,0.625,4,909,0.4,0.0,0.76,144.7,1,Active,6,7,12,0.0,1
0.471,16.5,1.0,3,4502.1,1,0,1.98,1311,0.437,3,92b7a78f8b515f2b,0.496,3,1394,0.3,6.9,21.6,83.1,5,Active,32,349,771,1.594,5
0.602,32.8,0.59,2,2765.2,2,0,0.7,1981,0.584,4,1e7a351f34bb17ec,0.647,5,2023,0.7,37.5,15.63,154.8,1,Active,16,358,650,1.562,5
0.477,67.8,0.2,1,54.4,4,1,0.49,1508,0.425,3,c5483988b5afe976,0.506,3,1586,0.1,-13.7,3.39,113.9,3,Active,33,227,501,0.758,4
0.466,36.4,0.46,2,1084.8,2,1,3.75,1606,0.384,2,a72f0217c69d07fb,0.48,3,1771,0.1,15.5,32.94,66.0,5,Active,136,1195,2706,1.088,5
0.549,14.7,0.83,3,209.8,3,0,1.26,1822,0.492,3,4922fb57341f0d54,0.535,3,1923,0.5,25.5,28.45,187.3,1,Active,18,405,899,2.0,5
0.704,90.6,3.15,5,8807.1,1,0,0.31,1821,0.577,4,971bac5994a60d3c,0.702,5,1821,0.1,33.0,7.64,259.8,1,Active,28,691,1017,1.0,5
0.356,33.1,1.25,4,8.0,4,0,0.2,861,0.356,2,dc56e16b65d7dddf,0.286,1,861,2.0,0.0,0.65,127.0,3,Active,5,16,45,0.0,1
0.446,91.4,0.56,2,11229.8,1,0,0.92,1705,0.414,3,216cb318ddb91a7f,0.525,3,1705,0.8,24.4,11.57,70.1,5,Active,72,909,2076,0.417,4
0.384,12.0,16.2,5,185.1,3,0,1.18,1015,0.384,2,a231418fb90e6920,0.444,2,1137,0.2,-13.2,2.7,132.4,2,Active,14,32,86,0.286,3
0.5,13.2,3.47,5,6804.8,1,0,0.68,1359,0.477,3,c01a79c65bedf61a,0.5,3,1359,0.0,0.0,9.47,121.1,3,Active,9,125,264,0.444,4
0.629,20.7,0.26,1,1795.5,2,1,0.74,803,0.562,4,41c221d46c880a87,0.643,5,953,0.4,-20.2,5.71,128.6,2,Active,15,116,186,0.533,4
0.545,9.1,0.1,1,0.9,5,1,0.93,954,0.545,4,91ac6bac31f4a59c,0.545,4,957,0.4,0.0,1.59,131.7,2,Active,7,12,22,0.0,1
0.433,38.0,2.55,5,1792.8,2,0,0.32,1055,0.409,3,d2855d4a7ba9f21f,0.459,2,1117,7.5,-37.0,4.43,154.6,1,Stopped,7,98,231,0.0,1
0.536,15.0,1.64,4,8.7,4,0,1.01,1388,0.417,3,b2ef2070d47d88a3,0.537,3,1388,0.4,75.5,5.8,112.7,4,Active,13,75,140,0.0,1
0.553,66.8,0.28,1,11727.9,1,1,2.34,1811,0.509,4,b589bac9301bbfcd,0.55,4,1842,18.1,11.7,11.64,72.9,5,Stopped,114,567,1075,0.64,4
0.329,18.2,0.29,2,2040.0,2,1,2.75,956,0.394,2,7b002fea1d09e169,0.326,1,1022,0.4,4.9,18.21,95.1,5,Active,49,324,1034,0.755,4
0.516,11.4,1.33,4,25.2,4,0,1.02,1013,0.516,4,2f1133c1ddcc32be,0.45,2,1013,0.6,14.3,5.59,126.1,3,Active,11,60,128,0.364,3
0.426,79.4,0.01,1,105.3,3,1,0.32,1576,0.327,2,507e8fdee4daa912,0.412,2,1722,23.2,33.9,3.86,338.2,1,Stopped,18,217,523,0.389,3
0.532,19.7,0.08,1,4740.6,1,1,0.52,939,0.298,2,75efc52a53e214f3,0.534,3,959,0.3,5.0,11.31,124.8,3,Active,10,219,427,0.7,4
0.483,33.8,0.17,1,6670.8,1,1,0.55,862,0.37,2,f4e04823612ddf0a,0.515,3,901,0.4,-8.6,10.11,106.3,4,Active,18,330,689,0.556,4
0.425,20.2,1.44,4,361.8,3,0,0.45,825,0.375,2,a0a6e6ad04a36d9c,0.408,2,882,1.8,0.0,3.27,128.2,2,Active,7,51,134,0.286,3
0.456,50.0,1.77,4,2471.9,2,0,1.18,1649,0.417,3,a504a8cf854b5456,0.493,3,1649,7.4,15.8,31.05,87.9,5,Stopped,50,1321,3191,0.78,4
0.438,76.6,0.06,1,474.5,3,1,1.44,1757,0.326,2,b731384df7cb533b,0.452,2,2174,0.8,7.2,11.47,91.1,5,Active,109,866,2025,1.018,5
0.431,19.9,2.83,5,12946.8,1,0,1.06,916,0.286,1,a7acdc68c5df604c,0.4,1,980,4.4,27.5,4.61,111.4,4,Stopped,15,65,153,0.4,4
0.515,36.3,0.24,1,274.4,3,1,0.47,1110,0.639,5,2d686503b7d5c195,0.587,4,1199,0.1,-14.0,7.04,114.3,3,Active,17,255,501,0.471,4
0.48,46.8,0.94,3,249.4,3,0,0.83,1232,0.409,3,21fa99952c2b30f7,0.486,3,1288,2.7,-2.4,3.0,113.9,3,Active,27,97,202,0.111,2
0.348,61.2,0.03,1,394.2,3,1,1.57,2021,0.265,1,13fba58a5193893e,0.328,1,2021,1.3,10.5,8.09,103.8,4,Active,94,484,1444,0.787,4
0.413,13.1,5.26,5,6080.9,1,0,1.24,1170,0.349,2,2af5f38d4f591309,0.413,2,1179,0.2,3.6,10.59,121.5,3,Active,16,137,332,0.875,5
0.424,7.7,1.89,4,642.2,3,0,0.89,783,0.25,1,8800e031dcb26449,0.412,2,832,0.7,-45.0,13.66,149.8,1,Active,6,92,217,0.333,3
0.377,8.6,0.05,1,6.7,5,1,2.04,964,0.25,1,020e6cc83d2a81ec,0.275,1,1157,0.8,-22.3,6.12,125.3,3,Active,13,39,106,0.0,1
0.591,11.4,0.66,3,1467.3,2,0,3.56,966,0.6,4,4d732ec4308c39bf,0.62,4,1068,0.8,-5.5,22.15,106.5,4,Active,23,143,254,0.174,3
0.456,46.2,2.93,5,2.2,5,0,0.17,1204,0.312,2,7d728c89c8dc9cb5,0.464,2,1279,6.1,0.0,1.22,148.3,1,Stopped,7,49,114,0.0,1
0.523,13.7,0.19,1,1229.7,2,1,1.15,1397,0.611,4,8d7788be06b40eeb,0.493,3,1397,0.5,40.0,5.97,124.4,3,Active,15,78,149,0.333,3
0.435,101.3,1.01,3,98.3,4,0,0.61,1648,0.368,2,6aa1947cd09100b2,0.458,2,1842,11.7,10.7,5.34,212.3,1,Stopped,55,478,1123,0.545,4
0.565,24.0,0.52,2,5594.1,1,0,0.68,943,0.2,1,b74dc712e9983eb2,0.566,4,943,5.0,19.7,8.28,129.1,2,Stopped,10,121,216,0.4,4
0.438,13.3,0.01,1,159.7,3,1,2.16,1004,0.75,5,a153a5625490f62d,0.354,1,1004,5.4,-24.0,12.45,106.4,4,Stopped,17,98,226,0.176,3
0.51,32.1,0.71,3,1000.3,2,0,2.8,1633,0.452,3,2b9b9e9d729b485e,0.518,3,1633,0.0,17.5,32.86,65.7,5,Active,89,1043,2381,1.989,5
0.5,9.1,0.74,3,1027.7,2,0,2.65,960,0.609,4,c4dc6a9b9bafcb0a,0.498,3,1089,0.0,11.9,36.71,112.3,4,Active,21,291,606,0.333,3
0.519,73.3,0.52,2,9249.0,1,0,2.39,1888,0.48,3,a1dc1a61d796edbb,0.509,3,1888,44.0,35.9,48.84,85.6,5,Stopped,70,1432,2850,1.157,5
0.438,28.9,1.47,4,4013.0,1,0,2.34,1419,0.361,2,90190fb4fae595e9,0.46,2,1419,9.7,15.3,13.23,82.2,5,Stopped,45,254,609,0.578,4
0.341,22.6,0.69,3,3.1,5,0,0.34,1048,1.0,5,afe9ede0d4f1b957,0.464,2,1048,0.8,33.0,1.42,123.6,3,Active,7,29,88,0.0,1
0.375,9.2,0.54,2,354.1,3,0,2.4,1391,0.253,1,cf635ac4f4ee19aa,0.36,1,1413,0.1,38.5,19.44,102.4,4,Active,22,178,483,1.273,5
0.444,17.3,4.87,5,9247.1,1,0,0.65,1019,0.5,3,a49b272daac7776d,0.35,1,1067,5.0,42.0,7.6,143.9,1,Stopped,8,93,223,0.875,5
0.284,54.5,0.88,3,6.3,5,0,0.25,887,0.0,1,4e95b0e45c5f9c52,0.25,1,887,1.9,60.0,0.43,118.5,3,Active,13,22,81,0.0,1
0.498,32.7,3.67,5,152.2,3,0,0.31,1205,0.596,4,688f9928f32929c7,0.503,3,1205,0.1,-9.0,4.48,139.4,2,Active,10,146,299,0.2,3
0.454,63.3,6.41,5,719.4,3,0,0.28,2158,0.419,3,791d7ce6ce05b345,0.492,3,2158,17.6,19.5,7.85,166.7,1,Stopped,12,336,1052,1.583,5
0.638,70.4,0.06,1,2120.2,2,1,1.27,1448,0.61,4,5fed85dcd2609094,0.598,4,1556,1.8,2.1,23.41,76.7,5,Active,84,1553,2494,1.393,5
0.406,24.0,0.58,2,20313.9,1,0,3.96,1188,0.392,2,1d26018a3057ce04,0.395,1,1270,0.0,3.1,30.87,81.4,5,Active,95,740,2138,0.937,5
0.385,80.9,0.45,2,758.2,3,1,2.11,2249,0.314,2,65df67c35883f5a2,0.464,2,2249,15.3,17.6,19.18,137.3,2,Stopped,138,1257,3376,0.37,3
0.439,30.1,0.56,2,431.0,3,0,0.79,757,0.333,2,4528a966d7a79c23,0.407,2,1024,1.2,-11.7,2.11,113.5,3,Active,23,61,148,0.087,2
0.635,9.4,0.44,2,294.7,3,1,5.76,1208,0.368,2,07185a0aa72082af,0.615,4,1208,0.1,2.6,71.38,93.9,5,Active,36,446,705,0.278,3
0.357,45.9,92.33,5,104.2,3,0,0.29,1268,0.192,1,70b693b19f2f1c77,0.346,1,1286,0.9,-21.0,2.22,140.0,2,Active,13,100,280,0.231,3
0.373,10.1,0.9,3,1532.6,2,0,0.53,967,0.286,1,7c04ece8d9039fae,0.359,1,967,0.2,0.0,4.45,126.1,3,Active,5,42,118,0.2,3
0.41,28.6,0.94,3,943.1,2,0,0.41,1010,0.377,2,a0865cdda71b9a3a,0.5,3,1044,1.5,-3.0,6.55,146.9,1,Active,11,177,488,1.364,5
0.379,36.1,0.19,1,66.6,4,1,0.34,1498,0.277,1,c3c07035efb6ddff,0.457,2,1629,1.3,33.5,1.81,198.8,1,Active,12,63,169,0.333,3
0.26,23.6,2.16,5,3909.2,1,0,0.75,903,0.238,1,0894b11ad1932c15,0.283,1,1023,0.5,-9.8,6.72,114.6,3,Active,17,153,600,0.0,1
0.507,22.8,1.47,4,1822.3,2,0,0.8,1778,0.645,5,3511c4cf54d4ed6e,0.492,3,1778,0.2,0.0,6.48,129.9,2,Active,14,113,225,0.071,2
0.474,20.4,6.57,5,917.0,2,0,1.53,1196,0.352,2,4c3186d895bdbe58,0.513,3,1292,0.7,8.3,11.81,125.5,3,Active,27,208,439,0.037,2
0.595,14.5,0.82,3,111.7,3,0,3.61,1161,0.75,5,20f8cf9990f68710,0.705,5,1288,0.4,-17.1,21.78,116.2,3,Active,25,151,257,0.04,2
0.438,126.5,1.15,4,7972.9,1,0,0.93,1567,0.35,2,5f107bebd1d2a2a1,0.449,2,1680,8.3,2.9,7.0,144.1,1,Stopped,110,827,2078,1.864,5
0.54,48.6,0.31,2,23.1,4,1,0.36,1616,0.473,3,b8451631b6d03dc4,0.558,4,1845,1.2,-18.8,4.35,185.3,1,Active,17,206,391,0.294,3
0.559,10.7,0.5,2,48.3,4,0,1.5,1666,0.606,4,058597a7ef307660,0.558,4,1672,0.0,48.0,19.73,111.7,4,Active,16,210,379,0.5,4
0.525,23.7,0.82,3,182.8,3,0,2.83,1231,0.552,4,7e9b3045f71c13f7,0.553,4,1300,0.3,16.8,25.81,74.1,5,Active,51,465,894,0.431,4
0.224,6.2,1.43,4,764.7,3,0,1.96,892,0.25,1,c5ab090d0b25cd69,0.379,1,960,0.4,-6.7,4.13,151.1,1,Active,9,19,85,0.222,3
0.474,52.9,0.83,3,485.1,3,0,2.01,1632,0.436,3,9bc13c354d1f0b63,0.463,2,1632,3.6,14.1,10.94,62.6,5,Stopped,99,538,1399,1.212,5
0.592,42.7,0.33,2,233.5,3,1,1.6,1528,0.536,4,575066077597f985,0.593,4,1528,15.1,15.1,11.51,96.1,4,Stopped,44,317,665,1.773,5
0.52,9.3,5.61,5,147.7,3,0,0.97,1003,0.6,4,e1a72f65ff4d6dec,0.576,4,1036,0.0,31.5,7.96,157.4,1,Active,9,74,152,0.0,1
0.46,103.1,0.83,3,28.9,4,0,0.32,1807,0.457,3,dc9bec7accb02fb0,0.472,2,2182,9.2,-17.1,1.94,316.4,1,Stopped,30,182,404,0.367,3
0.64,12.3,4.0,5,3.8,5,0,0.65,918,0.571,4,a9df1299131ca12f,0.5,3,1036,0.5,-66.0,1.38,154.4,1,Active,7,15,25,0.0,1
0.583,75.8,0.02,1,4581.0,1,1,0.58,1043,0.467,3,71b487c1393fa8ee,0.571,4,1402,0.4,-27.4,3.37,220.0,1,Active,44,254,436,0.159,3
0.525,16.5,0.86,3,260.0,3,0,2.15,1246,0.526,4,dbc3adfa23c519ca,0.517,3,1414,0.2,10.2,27.35,98.8,4,Active,24,305,592,0.167,3
0.678,5.3,0.42,2,255.4,3,1,1.55,1093,0.583,4,7c0871f4809a6c5f,0.658,5,1093,0.2,113.0,19.36,128.5,2,Active,8,100,149,0.25,3
0.597,22.6,0.36,2,1657.6,2,1,1.53,1555,0.555,4,4032f9b5066f2939,0.608,4,1574,0.4,22.5,21.97,95.3,5,Active,34,488,843,1.147,5
0.536,5.3,1.16,4,217.0,3,0,1.98,815,0.429,3,a655215ee3a148a2,0.639,5,902,0.7,-24.5,13.85,134.3,2,Active,9,63,138,1.444,5
0.466,71.5,6.58,5,4399.6,1,0,0.74,1468,0.464,3,0b6c2299e4688dd1,0.483,3,1725,0.3,18.5,7.29,103.6,4,Active,53,519,1129,0.981,5
0.651,5.6,0.43,2,53.8,4,1,1.02,1229,0.667,5,2391bc8336e47ea1,0.66,5,1229,0.6,0.0,14.11,128.5,2,Active,5,69,109,0.2,3
0.432,32.1,0.34,2,3096.4,2,1,0.44,1283,0.5,3,15fcd970153a21db,0.511,3,1283,0.0,18.5,4.63,105.2,4,Active,14,148,347,0.5,4
0.476,45.2,1.4,4,139.8,3,0,0.84,1669,0.337,2,9f99ff7b1883e1f4,0.506,3,1861,3.2,36.5,4.33,98.4,4,Stopped,35,181,382,0.143,3
0.447,66.7,0.45,2,16473.0,1,1,1.09,1508,0.314,2,3b660b9fe9785a89,0.413,2,1600,0.2,13.8,10.53,92.5,5,Active,72,698,1619,0.319,3
0.469,76.5,1.24,4,462.6,3,0,0.13,798,0.333,2,f5f977aaaca1bb8a,0.377,1,798,29.9,0.0,1.94,125.7,3,Stopped,5,75,175,0.2,3
0.517,24.0,0.09,1,6.8,5,1,0.48,1417,0.368,2,1a2e1b8b759b7b0b,0.537,3,1458,0.2,151.0,2.63,124.4,3,Active,11,60,118,0.273,3
0.528,35.8,1.57,4,28.5,4,0,0.35,1129,0.6,4,5700db21f033d2c4,0.577,4,1129,0.0,0.0,2.07,111.3,4,Active,6,36,72,0.333,3
0.465,19.7,0.53,2,524.7,3,0,0.68,1049,0.5,3,0b3755185788f2ca,0.419,2,1049,2.6,0.0,6.35,130.6,2,Active,5,47,101,0.0,1
0.439,21.4,20.4,5,33.7,4,0,0.76,1034,0.312,2,0964a8362d7b01c9,0.346,1,1192,0.2,-3.8,2.29,132.0,2,Active,13,39,107,0.077,2
0.595,40.9,0.61,2,133.3,3,0,0.53,1610,0.534,4,41a822a5c82a6e95,0.558,4,1610,0.2,27.0,5.87,124.2,3,Active,17,189,326,1.0,5
0.359,45.7,0.73,3,21540.3,1,0,0.86,1482,0.323,2,e981c0c1c450d838,0.375,1,1487,0.2,24.1,18.99,86.4,5,Active,39,864,2540,0.872,5
0.632,16.1,1.44,4,4.1,5,0,2.86,1034,0.632,5,bb4dfdef9d3ff515,0.622,4,1079,1.1,-2.0,10.54,118.5,3,Active,16,59,95,0.0,1
0.75,7.1,1.67,4,6.8,5,0,4.29,846,0.75,5,8e7bf5198251c581,0.857,5,913,2.0,42.0,5.72,141.8,2,Active,9,12,16,0.0,1
0.555,24.6,0.41,2,195.8,3,1,2.01,2313,0.472,3,a1c29d8f838a802c,0.604,4,2342,0.2,31.7,47.54,130.3,2,Active,49,1158,2182,0.776,4
0.654,15.7,6.82,5,3608.8,1,0,1.41,1290,0.333,2,5ad845539361fa5d,0.66,5,1290,0.0,35.8,16.54,94.9,5,Active,22,259,399,0.182,3
0.535,20.6,0.3,2,294.1,3,1,1.0,1062,0.5,3,e02c67634c1bbb0a,0.697,5,1062,2.9,0.0,12.14,131.0,2,Active,7,85,159,0.286,3
0.401,198.8,4.49,5,3339.7,2,0,0.2,2206,0.382,2,b51cde5e5f2a3ba5,0.419,2,2206,2.8,19.3,4.07,236.6,1,Active,40,797,2110,0.275,3
0.291,13.8,0.93,3,2628.6,2,0,1.96,1667,0.417,3,0509c1a5329945e8,0.302,1,1667,0.0,52.3,39.74,83.3,5,Active,27,547,1898,0.222,3
0.791,12.0,2.19,5,28.5,4,0,0.99,971,0.5,3,ddaab1e991bb0e94,0.833,5,976,2.5,29.0,5.83,132.0,2,Active,9,53,67,0.0,1
0.523,10.2,1.1,4,1123.5,2,0,1.67,1325,0.524,4,1445121bc8134fab,0.532,3,1354,0.1,40.5,25.5,126.4,3,Active,17,259,505,0.647,4
0.395,63.5,1.4,4,25334.1,1,0,0.67,1357,0.331,2,1686ccb33ea4c3fe,0.433,2,1552,7.5,18.9,4.54,111.0,4,Stopped,36,245,907,3.0,5
0.342,49.8,0.03,1,226.5,3,1,0.95,1606,0.295,2,eaa3ecb352506622,0.363,1,1675,0.9,13.9,8.51,90.8,5,Active,44,396,1192,0.409,4
0.502,76.0,0.7,3,1584.5,2,0,1.36,1737,0.375,2,2834062c3ad74830,0.535,3,1823,0.5,10.5,11.04,145.6,1,Active,103,834,1684,0.252,3
0.5,6.2,0.58,2,3.3,5,0,2.32,734,0.5,3,158003a34406510c,0.667,5,883,0.2,-37.0,5.63,138.3,2,Active,14,34,68,0.0,1
0.598,10.7,0.55,2,1397.5,2,0,4.2,1115,0.627,5,432788c58c1495de,0.615,4,1187,0.0,-2.4,101.32,101.5,4,Active,22,531,896,0.864,5
0.421,55.0,1.9,4,21530.9,1,0,0.56,1119,0.411,3,a598b93e111e5725,0.395,1,1392,2.2,26.1,2.48,102.1,4,Active,29,129,368,1.0,5
0.661,17.0,0.7,3,1012.8,2,0,1.89,1549,0.644,5,499bdb1e4ef32aa4,0.668,5,1753,0.1,15.0,21.25,141.6,2,Active,32,359,575,0.25,3
0.538,28.1,0.14,1,1019.2,2,1,0.29,890,0.6,4,e52b48bed7d836d6,0.471,2,969,4.4,-62.0,2.65,147.6,1,Stopped,7,63,182,1.571,5
0.451,44.9,0.32,2,26033.4,1,1,0.47,727,0.451,3,bf8f995a5cd7c53b,0.514,3,859,6.6,-20.8,0.99,108.1,4,Stopped,18,38,91,0.222,3
0.626,13.0,1.13,4,2554.8,2,0,2.23,1615,0.616,5,84658a531ecbf0d9,0.635,4,1615,0.0,35.4,126.74,113.0,4,Active,29,1645,2690,0.241,3
0.488,64.2,0.31,2,27040.3,1,1,0.35,912,0.167,1,a3a161dee52429ed,0.46,2,1014,0.2,7.2,1.52,112.6,4,Active,22,96,289,0.773,4
0.363,29.8,1.21,4,6.8,5,0,0.53,1394,0.216,1,90cd01764d52d7a5,0.388,1,1397,9.0,4.7,2.56,194.5,1,Stopped,11,53,146,0.273,3
0.551,52.8,0.79,3,212.3,3,0,0.27,2240,0.484,3,8f8788d813f092d8,0.56,4,2240,0.0,0.0,9.06,138.8,2,Active,14,478,1102,1.357,5
0.283,5.2,0.31,2,1069.7,2,1,3.87,1670,0.154,1,7c361447e12ce3f8,0.275,1,1928,0.2,38.6,22.63,179.3,1,Active,19,111,396,1.0,5
0.339,50.5,1.01,3,3432.3,1,0,0.26,1192,0.245,1,fb68a2b072fe57f7,0.281,1,1201,6.9,0.0,2.8,133.4,2,Stopped,5,53,177,0.6,4
0.466,9.5,0.52,2,12.3,4,0,1.36,1049,0.667,5,7e0827bc626a4f5c,0.409,2,1126,1.0,35.0,5.31,136.8,2,Active,10,39,88,0.2,3
0.357,81.2,0.06,1,14861.6,1,1,0.09,907,0.5,3,943124a69d78e45b,0.388,1,1369,16.4,-88.8,2.35,544.9,1,Stopped,6,151,468,0.667,4
0.833,9.1,0.2,1,0.2,5,1,1.27,916,0.833,5,6772b4aece38ff50,0.636,4,916,0.6,0.0,4.01,117.3,3,Active,6,19,24,0.0,1
0.48,5.9,1.56,4,268.4,3,0,5.85,1294,0.531,4,9c667820b4c199a0,0.616,4,1412,0.5,-5.6,38.73,108.9,4,Active,32,212,502,0.688,4
0.3,4.5,0.36,2,9.8,4,1,2.16,840,0.125,1,ab5ff830a9730683,0.455,2,945,0.8,38.0,2.43,152.7,1,Active,8,9,30,0.0,1
0.417,9.4,1.47,4,8479.8,1,0,1.32,652,0.417,3,24bdaa3bb8fdc486,0.465,2,770,0.4,-7.8,4.63,126.4,3,Active,10,35,84,0.2,3
0.567,29.0,0.04,1,78.9,4,1,0.25,1469,0.498,3,8c88b29cf60c620d,0.615,4,1527,0.5,23.0,15.37,173.8,1,Active,7,437,829,0.714,4
0.651,17.5,0.37,2,3760.4,1,1,0.29,897,0.5,3,d278b9337b56504d,0.616,4,897,0.2,0.0,12.74,118.7,3,Active,5,220,341,0.0,1
0.329,40.0,0.83,3,3369.8,2,0,1.27,1254,0.321,2,5f597e74409436c1,0.295,1,1355,16.3,11.3,11.64,98.3,4,Stopped,30,276,867,0.467,4
0.48,30.2,0.18,1,2670.3,2,1,1.27,1328,0.5,3,349c1e1cc440431a,0.517,3,1415,0.7,27.6,11.12,97.7,4,Active,31,271,577,0.484,4
0.286,5.5,1.15,4,361.2,3,0,0.99,975,0.143,1,311326a925569f50,0.412,2,975,0.4,0.0,1.59,96.3,4,Active,5,8,28,0.4,4
0.43,20.7,0.28,1,400.4,3,1,0.46,1477,0.401,3,6ad6070ae5bcb310,0.477,2,1542,1.2,0.0,6.92,142.5,2,Active,9,134,328,2.0,5
0.29,62.9,0.76,3,3708.2,1,0,0.36,782,0.211,1,f9c5f15a8af603cf,0.299,1,887,38.1,-8.0,2.37,138.3,2,Stopped,9,59,231,0.444,4
0.409,42.0,0.05,1,8208.5,1,1,0.3,1330,0.362,2,f64205fb6725338c,0.415,2,1499,0.5,54.0,11.69,152.5,1,Active,12,475,1312,2.25,5
0.45,22.9,0.38,2,1.0,5,1,0.39,925,0.0,1,e9e50e9935f1950d,0.545,4,925,7.3,0.0,1.16,119.8,3,Stopped,6,18,40,0.0,1
0.484,18.6,0.04,1,868.2,2,1,1.38,1966,0.42,3,ac70aa0dba4837a3,0.536,3,1966,1.3,-4.1,11.25,150.6,1,Active,24,195,417,1.417,5
0.479,60.8,3.94,5,12239.6,1,0,0.58,1124,0.468,3,868ec47263932247,0.515,3,1124,0.1,8.5,5.73,100.1,4,Active,35,344,766,0.743,4
0.308,31.4,0.63,3,8700.1,1,0,2.22,1395,0.299,2,fd4859f3a7df2648,0.317,1,1508,1.1,12.5,40.46,95.3,5,Active,49,894,2984,0.51,4
0.609,22.3,0.32,2,710.8,3,1,1.91,1997,0.596,4,c726e769745ab347,0.595,4,1997,0.8,91.5,53.54,108.5,4,Active,39,1096,2192,1.769,5
0.381,16.3,0.09,1,573.1,3,1,0.99,928,0.231,1,9391ab1e12ba20c1,0.4,1,928,2.9,19.0,9.72,122.3,3,Active,9,88,231,0.111,2
0.458,40.8,1.0,3,305.8,3,0,1.01,1611,0.538,4,e6bdf72b01a7d7bf,0.649,5,1663,7.7,17.3,12.38,121.1,3,Stopped,33,406,924,0.273,3
0.576,91.1,1.75,4,2281.3,2,0,0.42,1395,0.444,3,b2d7af5df849fcaa,0.551,4,1550,31.0,1.9,1.31,322.6,1,Stopped,18,57,99,0.056,2
0.382,35.7,0.38,2,8182.5,1,1,3.45,1323,0.238,1,ab43ff6698086554,0.403,2,1539,2.0,6.4,18.93,74.6,5,Active,116,636,1677,0.526,4
0.2,20.1,0.35,2,7.2,5,1,0.53,892,0.0,1,95831025e464438a,0.237,1,997,0.3,58.0,1.14,154.1,1,Active,8,17,85,0.25,3
0.449,32.8,0.39,2,3971.3,1,1,2.32,1276,0.447,3,b4cb8d482bc4c1d7,0.45,2,1423,0.3,10.6,16.27,72.2,5,Active,70,490,1173,0.786,4
0.583,33.3,3.8,5,13.2,4,0,0.41,1074,1.0,5,1a4052bbd3c1dfb3,0.462,2,1074,10.2,0.0,0.97,121.4,3,Stopped,6,14,24,0.0,1
0.485,67.3,0.64,3,855.9,3,0,1.42,1578,0.41,3,bd90d254cba228a3,0.481,3,1722,13.1,6.2,10.78,87.9,5,Stopped,68,516,1104,0.75,4
0.401,25.0,72.5,5,1959.3,2,0,0.3,779,0.333,2,957988c302c1b453,0.443,2,915,1.2,-99.0,2.41,154.0,1,Active,7,57,147,0.143,3
0.475,79.4,0.24,1,47.3,4,1,1.52,1509,0.449,3,ee836740436ddaf5,0.487,3,1522,57.1,20.4,6.89,255.3,1,Stopped,34,154,326,0.382,3
0.426,13.2,0.8,3,6.0,5,0,1.54,1340,0.5,3,74bef0f2ff95ea24,0.407,2,1340,0.8,48.7,3.48,109.8,4,Active,19,43,101,0.0,1
0.571,12.7,0.3,2,495.3,3,1,1.94,1173,0.588,4,3734b0a661cd2c00,0.561,4,1173,2.9,34.7,17.65,102.7,4,Active,19,173,322,0.737,4
0.432,12.2,1.9,4,6.3,5,0,2.35,1200,0.105,1,a44ac371f21732f5,0.452,2,1200,5.0,11.5,10.73,143.7,1,Stopped,14,64,148,0.071,2
0.354,9.3,11.0,5,3.4,5,0,1.21,1311,0.667,5,98b0699f361f0dbd,0.321,1,1311,1.9,73.5,2.29,157.3,1,Active,9,17,48,0.0,1
0.524,22.5,1.01,3,98.4,4,0,1.27,1410,0.467,3,45b261369d4e1731,0.54,3,1441,0.8,47.5,4.93,96.8,4,Active,25,97,189,0.12,2
0.576,8.8,1.68,4,3.7,5,0,2.1,1324,0.692,5,452ef19a4bcae63a,0.642,5,1356,0.3,0.0,10.71,129.3,2,Active,11,56,118,0.364,3
0.286,8.1,0.87,3,1.4,5,0,3.82,751,0.286,1,35f0505e102569a3,0.273,1,935,3.9,-21.0,2.55,128.0,2,Stopped,12,8,28,0.0,1
0.315,6.1,4.93,5,7.2,5,0,1.2,1087,0.455,3,1308819828c84435,0.268,1,1087,0.5,0.0,5.6,143.9,1,Active,6,28,89,0.0,1
0.714,12.9,2.84,5,1631.4,2,0,0.95,1276,0.455,3,e8d1fd80244639fa,0.69,5,1385,0.1,55.0,11.02,162.2,1,Active,12,139,196,0.083,2
0.488,30.4,0.77,3,11479.4,1,0,0.78,1610,0.581,4,9ccb1edc26aa3013,0.519,3,1610,1.1,43.8,7.09,120.6,3,Active,23,208,430,0.435,4
0.526,7.2,1.38,4,7.2,5,0,1.17,1121,0.5,3,d5e26538b74f1bd9,0.533,3,1121,0.5,55.0,3.34,134.1,2,Active,7,20,38,0.143,3
0.651,18.2,8.64,5,26.7,4,0,1.62,1421,0.7,5,dda4302ad5db5b03,0.711,5,1421,4.3,52.4,5.33,109.8,4,Stopped,21,69,106,0.19,3
0.706,24.7,0.42,2,2.7,5,1,1.05,862,0.706,5,9ea4d64a8fc38dc5,0.75,5,862,15.6,0.0,2.11,129.2,2,Stopped,6,12,17,0.0,1
0.527,18.8,0.23,1,1814.6,2,1,2.67,1369,0.4,3,90ac68e955dcd36e,0.591,4,1615,0.1,14.3,13.87,100.9,4,Active,50,260,510,0.78,4
0.496,22.7,2.03,4,366.5,3,0,2.21,962,0.4,3,10ea9bbc68822b1e,0.458,2,1106,5.9,1.4,8.21,83.2,5,Stopped,36,134,339,1.556,5
0.534,43.3,0.82,3,62.7,4,0,0.83,1522,0.381,2,de4229c6f2476f65,0.534,3,1522,1.0,39.5,6.88,106.3,4,Active,35,290,545,0.2,3
0.532,7.2,1.08,4,6.5,5,0,1.48,1079,0.0,1,bcce380353b52a4a,0.556,4,1079,0.8,84.0,6.56,126.9,3,Active,9,40,77,0.0,1
0.311,6.5,1.81,4,246.7,3,0,3.72,996,0.75,5,db1400069c608d35,0.355,1,1056,0.0,7.6,17.5,101.6,4,Active,20,94,309,0.1,2
0.543,40.8,0.26,1,3460.0,1,1,1.43,1382,0.391,2,59f37403a4e5f61d,0.581,4,1515,2.6,-0.8,12.15,101.9,4,Active,53,451,832,0.17,3
0.354,21.2,1.22,4,2624.0,2,0,1.95,1337,0.369,2,afe96437405687c8,0.365,1,1367,0.0,7.6,21.83,82.6,5,Active,37,415,1199,0.162,3
0.481,59.1,0.42,2,570.8,3,1,0.56,2291,0.451,3,5edf8271a8429298,0.562,4,2291,0.1,54.0,16.48,152.6,1,Active,33,967,2256,1.303,5
0.437,23.8,0.03,1,66.4,4,1,0.43,1082,0.056,1,8b5f20989b31c9ca,0.529,3,1186,0.5,-29.3,2.83,143.4,1,Active,10,66,151,0.0,1
0.486,33.1,0.68,3,8834.5,1,0,3.79,1660,0.482,3,6d654399431d82f7,0.506,3,1790,0.1,22.9,41.0,69.3,5,Active,125,1352,2898,1.312,5
0.485,40.1,0.4,2,4762.6,1,1,2.43,1284,0.445,3,f630aeeccab8e81d,0.487,3,1284,3.9,11.3,42.16,72.3,5,Stopped,88,1529,3330,1.5,5
0.5,43.3,9.0,5,3.5,5,0,0.28,951,0.5,3,3487fd6b3cef7e68,0.5,3,1010,15.2,-20.0,0.53,139.4,2,Stopped,8,15,30,0.0,1
0.61,52.8,1.39,4,2398.0,2,0,1.02,1310,0.706,5,171c5904a10e7735,0.582,4,1355,20.4,20.5,3.36,86.2,5,Stopped,31,102,172,0.097,2
0.223,44.5,0.01,1,4170.4,1,1,2.24,787,0.219,1,78a91186a5424c18,0.247,1,1081,2.7,3.6,11.73,80.6,5,Active,81,424,1976,1.272,5
0.516,54.8,0.67,3,123.8,3,0,1.15,1457,0.4,3,93bd9f07684dd4d1,0.546,4,1686,1.6,24.1,6.73,93.2,5,Active,61,358,713,0.361,3
0.375,22.6,1.4,4,23.3,4,0,1.51,903,1.0,5,39bdb2b51398c3c7,0.424,2,1044,0.1,-40.5,4.9,147.9,1,Active,8,26,72,0.25,3
0.409,32.8,0.57,2,1150.3,2,0,0.4,979,0.136,1,5b0d09af8eb8d5b3,0.419,2,1267,0.1,-7.0,2.5,133.3,2,Active,13,82,203,0.0,1
0.477,34.5,0.05,1,348.2,3,1,0.7,965,1.0,5,58059a41314474bb,0.394,1,965,1.8,0.0,5.05,130.6,2,Active,5,36,86,0.0,1
0.393,35.3,0.52,2,384.3,3,0,0.96,1498,0.457,3,3584ab6296dfa8c0,0.388,1,1498,2.1,16.9,4.52,108.2,4,Active,32,150,435,0.094,2
0.517,37.8,0.04,1,38.1,4,1,0.28,1448,0.611,4,b6b1b3ed2abd3a63,0.574,4,1462,1.3,46.0,1.66,176.9,1,Active,10,60,118,0.4,4
0.708,9.5,2.43,5,4.4,5,0,1.19,1093,0.708,5,981af38531e16ab5,0.667,5,1093,0.2,0.0,3.79,124.2,3,Active,5,16,24,0.4,4
0.345,21.3,0.53,2,10.5,4,0,1.62,1203,0.25,1,1ef66e89670457cb,0.409,2,1203,0.5,4.1,5.17,95.1,5,Active,32,102,296,0.062,2
0.319,14.8,0.45,2,500.7,3,1,1.02,828,0.143,1,65a8d599fecd11b9,0.293,1,982,5.0,-40.3,4.6,128.0,2,Stopped,10,45,144,0.2,3
0.491,33.3,0.63,3,715.5,3,0,4.68,1260,0.463,3,519b31cebfde1278,0.493,3,1583,8.5,7.9,60.24,74.2,5,Stopped,116,1492,3066,1.276,5
0.601,48.9,2.98,5,23382.8,1,0,1.63,1101,0.651,5,8355ef471b68c63c,0.586,4,1136,7.9,2.5,15.59,77.8,5,Stopped,64,611,1119,1.141,5
0.583,36.2,5.24,5,1492.1,2,0,1.33,1267,0.462,3,1089e753b98402f6,0.65,5,1267,24.9,38.8,7.95,122.4,3,Stopped,15,90,156,0.0,1
0.224,8.9,0.56,2,356.9,3,0,0.92,1045,0.091,1,8335c754d99d9836,0.261,1,1156,1.2,0.0,1.98,165.8,1,Active,7,15,67,0.143,3
0.483,20.6,4.52,5,2504.2,2,0,1.67,938,0.587,4,5527d38d884be3dc,0.432,2,1135,0.0,-2.6,13.1,96.0,4,Active,34,266,574,0.882,5
0.294,33.3,2.02,4,233.7,3,0,1.07,1213,0.333,2,f071eac0e61591ec,0.287,1,1244,12.4,55.0,7.95,113.9,3,Stopped,15,111,377,0.133,2
0.375,23.9,0.29,2,1441.7,2,1,3.26,1162,0.332,2,3947f9065c8a06da,0.382,1,1417,0.3,14.2,34.67,79.4,5,Active,77,818,2676,2.13,5
0.357,41.7,0.38,2,1233.0,2,1,0.89,2122,0.328,2,17e2475b30349349,0.38,1,2191,0.0,11.2,30.54,139.3,2,Active,37,1264,3587,0.676,4
0.434,106.4,0.19,1,7640.4,1,1,1.5,1643,0.375,2,30626e65e6c28b63,0.438,2,1749,29.5,6.9,19.27,148.7,1,Stopped,110,1417,3490,0.564,4
0.362,46.4,0.35,2,17.4,4,1,0.25,1127,0.2,1,5a01877826a6d7e1,0.379,1,1127,1.0,45.0,0.64,123.9,3,Active,10,25,69,0.1,2
0.486,39.4,8.21,5,2194.6,2,0,0.97,1117,0.615,5,c73e82d3b6f05073,0.5,3,1415,0.1,17.9,10.5,101.4,4,Active,37,400,847,0.757,4
0.535,56.8,39.87,5,3485.2,1,0,0.14,1262,0.543,4,92e5c7c68ca82af5,0.473,2,1262,1.3,0.0,5.57,108.5,4,Active,8,309,613,0.75,4
0.555,23.7,0.37,2,3085.1,2,1,0.63,899,0.1,1,d60773a758c1481d,0.574,4,960,1.9,-2.0,9.28,130.6,2,Active,10,147,301,0.9,5
0.411,44.5,4.8,5,2074.5,2,0,0.16,1236,0.259,1,5d5a516296b41f60,0.448,2,1264,1.8,0.0,5.76,142.3,2,Active,7,246,621,0.286,3
0.676,31.1,0.33,2,806.4,3,1,2.35,1383,0.711,5,6ba981193c29c512,0.633,4,1437,1.6,7.4,31.91,79.1,5,Active,69,939,1396,0.768,4
0.483,37.3,0.89,3,4487.6,1,0,2.31,1442,0.457,3,83546ad2bc1aaa20,0.512,3,1465,0.0,8.1,38.15,72.2,5,Active,75,1237,2812,0.52,4
0.333,19.0,0.97,3,703.4,3,0,1.66,1376,0.256,1,a60e80c174253267,0.372,1,1445,1.1,13.2,25.4,105.7,4,Active,27,414,1328,1.519,5
0.41,45.7,0.98,3,1172.3,2,0,3.36,1161,0.342,2,68dd1bf3346b1a33,0.399,1,1265,1.2,19.1,19.04,72.3,5,Active,112,634,1608,1.223,5
0.455,87.4,0.92,3,9.8,4,0,0.52,1809,0.357,2,748f430e39e9e697,0.483,3,1946,9.6,14.9,3.58,245.2,1,Stopped,39,270,602,0.051,2
0.453,19.0,0.03,1,520.7,3,1,1.74,865,0.429,3,203cfc9df2fdea3b,0.419,2,956,0.5,-33.0,22.32,139.0,2,Active,10,128,285,0.1,2
0.364,27.9,2.57,5,13610.9,1,0,1.92,1448,0.425,3,ba6c1059d5ff0ea1,0.361,1,1448,3.9,10.2,18.25,81.6,5,Stopped,44,419,1381,1.455,5
0.412,20.8,1.11,4,1819.3,2,0,1.36,1205,0.395,2,26bb8ae6b7126706,0.399,1,1211,1.5,12.0,8.11,84.2,5,Active,26,155,403,0.154,3
0.562,15.1,1.63,4,2.3,5,0,0.61,641,0.5,3,e78a9b746a3a901d,0.5,3,776,0.8,-93.0,5.8,147.6,1,Active,7,67,137,0.0,1
0.433,30.6,0.27,1,88.3,4,1,0.35,1452,0.375,2,a3f38f13eed7679c,0.39,1,1472,1.2,53.0,1.52,167.8,1,Active,10,44,104,0.4,4
0.6,9.1,14.0,5,1.2,5,0,0.67,1038,0.6,4,20ccf6aeed2c0129,0.583,4,1038,0.4,0.0,1.21,115.8,3,Active,5,9,15,0.0,1
0.471,17.3,0.74,3,5.5,5,0,0.98,1180,1.0,5,3c8a01b5b8b69942,0.514,3,1180,6.4,61.0,3.13,111.2,4,Stopped,10,32,68,0.0,1
0.488,18.0,13.11,5,3.6,5,0,0.89,1303,0.286,1,231469a4e636d9e7,0.477,2,1335,0.1,0.0,3.46,120.9,3,Active,16,62,127,0.0,1
0.65,30.2,1.32,4,942.6,2,0,0.2,1031,0.778,5,781b856b34254a2b,0.684,5,1038,0.0,0.0,4.57,148.2,1,Active,6,137,220,0.5,4
0.631,97.3,6.46,5,959.1,2,0,2.14,1055,0.75,5,411a10dc21e25dce,0.598,4,1055,0.2,36.7,21.79,131.1,2,Active,11,112,179,0.091,2
0.72,32.3,15.2,5,2523.7,2,0,0.54,959,0.593,4,0e67dd6dd8bac2fe,0.72,5,1144,0.3,22.0,5.24,135.9,2,Active,17,166,243,1.0,5
0.466,28.1,0.55,2,1691.8,2,0,0.97,1506,0.338,2,1fca67e621ca94eb,0.432,2,1506,0.0,51.3,8.18,95.0,5,Active,27,227,489,0.222,3
0.431,39.9,0.85,3,4961.8,1,0,2.61,1362,0.353,2,32632665574b0727,0.442,2,1652,1.2,18.8,39.24,77.2,5,Active,100,1502,3539,1.06,5
0.51,80.8,0.27,1,7378.1,1,1,0.71,1707,0.458,3,7e4576dd017ce51c,0.514,3,1760,1.5,32.5,17.59,129.3,2,Active,43,1068,2318,0.628,4
0.291,4.8,6.86,5,338.7,3,0,1.41,850,0.291,1,0a0f00e984bdba2f,0.34,1,873,0.2,0.0,3.75,141.5,2,Active,6,16,55,0.5,4
0.842,6.8,0.12,1,17.6,4,1,1.11,1456,1.0,5,b61d5e873660943a,0.85,5,1456,1.3,0.0,8.48,155.8,1,Active,6,46,57,0.333,3
0.492,47.5,0.43,2,120.8,3,1,1.41,1747,0.416,3,3b3b4597e6e8db7c,0.504,3,1747,0.5,17.8,9.72,88.7,5,Active,66,456,1230,1.212,5
0.5,9.8,0.8,3,0.0,5,0,1.26,639,0.0,1,f7e4400dc67ffab7,0.429,2,896,1.2,-44.7,1.13,147.2,1,Active,10,9,18,0.0,1
0.488,45.0,0.56,2,26.9,4,0,0.4,1306,0.547,4,fbb143dc66e2506f,0.437,2,1339,0.6,6.5,4.85,138.4,2,Active,10,122,322,0.1,2
0.43,33.5,0.02,1,4226.1,1,1,1.23,1535,0.354,2,085a25b8436f0c9b,0.421,2,1535,1.0,10.6,29.01,90.0,5,Active,39,921,2274,1.282,5
0.31,8.5,0.32,2,12.8,4,1,0.76,1147,1.0,5,6c11b529e62258ff,0.333,1,1147,0.5,0.0,1.13,127.3,3,Active,6,9,29,0.0,1
0.481,24.3,3.21,5,598.0,3,0,1.06,1252,0.4,3,d6e3bc87e7b7bd9a,0.529,3,1252,0.7,20.6,6.57,100.3,4,Active,25,155,324,0.08,2
0.494,34.0,0.06,1,1916.7,2,1,0.92,803,0.474,3,c0d97b2ff7e43f21,0.506,3,851,2.0,10.2,9.73,106.8,4,Active,18,191,447,0.111,2
0.626,25.6,0.88,3,189.5,3,0,0.2,1432,0.586,4,412a123e19c0fc48,0.608,4,1432,0.6,0.0,5.65,162.5,1,Active,5,141,340,3.6,5
0.407,15.7,1.58,4,38180.5,1,0,0.88,1260,0.432,3,94abc3ab4b43869a,0.468,2,1437,0.3,-26.8,7.35,168.4,1,Active,13,109,297,0.692,4
0.409,70.9,0.71,3,222.4,3,0,1.63,1429,0.402,3,6c59a85a7c0bc573,0.393,1,1504,0.5,11.6,5.32,76.1,5,Active,92,301,741,0.174,3
0.717,101.3,0.33,2,25252.8,1,1,0.08,942,0.717,5,8282dff7212abcfd,0.652,5,1385,0.4,-58.2,0.38,479.8,1,Active,8,38,53,0.0,1
0.528,77.0,0.03,1,458.4,3,1,0.31,1916,0.399,3,398a232a19cae7cd,0.555,4,1916,0.2,12.7,3.38,289.9,1,Active,24,260,530,1.292,5
0.685,20.0,3.32,5,1.7,5,0,0.76,1160,1.0,5,a39b3737bb797133,0.643,5,1160,0.0,3.0,4.48,124.4,3,Active,11,65,108,0.0,1
0.612,67.3,0.21,1,8480.5,1,1,0.08,894,0.6,4,a1243585bdecc4db,0.653,5,894,5.6,0.0,2.85,124.6,3,Stopped,5,171,394,0.6,4
0.58,32.5,1.17,4,1288.0,2,0,2.38,2001,0.57,4,720f149222a204bd,0.669,5,2189,1.4,7.7,84.22,105.6,4,Active,74,2617,4619,1.122,5
0.585,38.4,0.52,2,4825.7,1,0,1.59,1799,0.522,4,80a8b47346b36260,0.599,4,1811,1.2,25.2,38.52,80.1,5,Active,59,1432,2547,1.119,5
0.415,91.9,0.02,1,1506.6,2,1,0.5,1615,0.328,2,76b50cb5ff0486b9,0.409,2,1649,39.1,-13.8,6.11,277.8,1,Stopped,26,318,849,1.231,5
0.477,9.4,0.58,2,402.3,3,0,1.94,1751,0.423,3,638e0c51e5b67be0,0.475,2,1757,0.0,54.2,57.73,128.9,2,Active,18,536,1278,1.833,5
0.36,16.4,1.38,4,1.8,5,0,3.67,1411,0.25,1,2d6bae1be26fe478,0.417,2,1411,14.7,0.0,11.02,106.5,4,Stopped,6,18,50,0.0,1
0.567,11.2,1.0,3,1.4,5,0,3.05,810,0.333,2,22852ad008138f2c,0.583,4,925,7.9,-37.5,5.77,132.7,2,Stopped,9,17,30,0.0,1
0.425,19.7,2.96,5,27.3,4,0,1.93,1419,0.346,2,7e7da7fe0c5a69f5,0.438,2,1583,0.2,0.7,11.55,103.6,4,Active,37,222,590,0.027,2
0.421,34.2,1.55,4,1262.4,2,0,1.09,1297,0.319,2,7cf45981fa4e6d98,0.403,2,1466,1.1,2.7,6.0,99.1,4,Active,36,199,497,0.167,3
0.476,8.3,3.33,5,2801.7,2,0,1.28,1141,0.258,1,76f91f85644e7269,0.506,3,1141,0.1,194.0,33.09,113.7,3,Active,10,258,546,0.2,3
0.767,21.6,0.3,2,11.5,4,1,1.1,856,1.0,5,5ae5243a55205e22,0.72,5,884,3.9,-25.0,10.82,132.3,2,Stopped,7,69,90,0.0,1
0.403,55.8,0.13,1,2369.5,2,1,1.23,1724,0.305,2,b81a6cd2c34027a2,0.432,2,1724,1.8,26.2,9.68,139.6,2,Active,34,268,688,1.029,5
0.469,57.7,0.56,2,12996.9,1,0,1.08,2081,0.414,3,b6cbca86e06775f2,0.48,3,2081,0.5,21.7,34.6,81.9,5,Active,62,1979,4363,1.435,5
0.395,72.2,0.05,1,12240.5,1,1,0.46,1560,0.318,2,d65eaebbec2de2ee,0.418,2,1560,1.1,35.1,8.62,96.2,4,Active,33,613,1684,1.424,5
0.359,8.4,0.86,3,0.7,5,0,1.1,983,0.0,1,f43f5d2cac62c0a8,0.556,4,1076,0.4,-26.0,1.93,157.2,1,Active,8,14,39,0.0,1
0.703,5.9,4.73,5,4200.4,1,0,1.65,1067,0.571,4,107a65640d2d5b6b,0.765,5,1067,0.4,76.0,20.67,131.0,2,Active,8,100,172,3.5,5
0.42,34.3,2.84,5,2340.3,2,0,1.09,1403,0.368,2,ea758cd3b826aaaf,0.344,1,1403,0.2,50.4,4.13,132.0,2,Active,18,68,169,0.0,1
0.616,10.5,0.09,1,110.0,3,1,0.69,964,0.357,2,8da689f456f5d980,0.595,4,991,0.2,0.0,23.99,145.9,1,Active,7,244,430,0.429,4
0.298,35.5,0.11,1,3.9,5,1,0.26,1453,0.571,4,2217aac5456500a9,0.375,1,1478,8.8,0.0,1.27,219.5,1,Stopped,7,34,114,0.0,1
0.542,89.3,0.19,1,24772.7,1,1,0.25,871,0.408,3,5e1b2616016696df,0.547,4,1417,0.0,-33.0,5.82,304.5,1,Active,22,512,994,0.409,4
0.414,25.8,0.33,2,84.4,4,1,1.55,1461,0.293,2,8037585063d9f876,0.399,1,1480,0.6,20.0,10.33,109.3,4,Active,39,260,674,0.974,5
0.522,20.2,0.66,3,4251.0,1,0,2.38,1122,0.605,4,2d42f689334ba441,0.572,4,1205,0.1,9.8,23.85,83.9,5,Active,47,471,913,0.766,4
0.432,18.3,0.27,1,51.0,4,1,0.82,1210,0.318,2,b76febd19eab2e8b,0.479,3,1372,2.7,-69.5,2.8,153.9,1,Active,12,41,95,0.333,3
0.464,82.5,0.3,2,643.1,3,1,1.63,2348,0.369,2,21f1daa8b5890ff9,0.61,4,2729,1.0,-3.2,44.23,175.8,1,Active,132,3589,8076,0.735,4
0.353,66.4,0.33,2,1539.1,2,1,3.69,1933,0.257,1,214b33e3b2c5abc3,0.377,1,2085,0.1,12.3,20.75,68.4,5,Active,245,1376,4338,0.682,4
0.507,45.1,1.28,4,783.8,3,0,3.48,1968,0.478,3,1ee4fde37efdcf1c,0.537,3,1978,7.1,12.1,43.26,73.0,5,Stopped,132,1642,4423,2.538,5
0.352,90.0,0.15,1,4848.2,1,1,0.62,2131,0.315,2,0e559ce01910459a,0.392,1,2131,7.9,16.5,10.79,197.5,1,Stopped,51,887,2936,1.392,5
0.433,8.1,1.11,4,250.8,3,0,2.72,1350,0.5,3,1c413457eb20dc9a,0.433,2,1350,0.0,7.3,47.53,118.8,3,Active,22,384,942,0.909,5
0.5,34.2,0.24,1,7.4,5,1,0.15,1030,0.2,1,a087e2705023721d,0.524,3,1030,0.4,0.0,0.5,185.1,1,Active,5,17,36,0.0,1
0.398,42.8,0.32,2,8959.8,1,1,0.38,1142,0.333,2,015e967fa04acbbd,0.386,1,1184,4.9,-12.0,2.13,120.6,3,Stopped,14,79,201,0.143,3
0.607,10.2,1.42,4,191.1,3,0,3.26,870,1.0,5,a7cac4fbd041482e,0.549,4,1065,0.1,-2.3,11.29,90.5,5,Active,32,111,191,0.719,4
0.505,29.0,0.28,1,10863.5,1,1,1.63,1524,0.555,4,560ae3acfaa31560,0.499,3,1557,0.6,13.2,25.17,80.6,5,Active,46,709,1415,0.587,4
0.557,28.4,4.08,5,6881.3,1,0,0.82,1303,0.436,3,33c5f73a235edc2d,0.569,4,1303,0.1,29.0,19.54,106.4,4,Active,19,452,849,1.316,5
0.63,6.9,6.13,5,48.2,4,0,2.98,1068,0.562,4,ed08513eadd286af,0.604,4,1111,0.3,18.5,36.11,117.2,3,Active,17,206,335,0.059,2
0.607,43.0,0.14,1,3410.0,2,1,0.59,1139,0.611,4,af510b3964bba9b0,0.591,4,1169,4.8,14.1,11.25,99.3,4,Stopped,22,419,705,0.5,4
0.311,18.5,1.99,4,1632.9,2,0,3.03,1245,0.265,1,becf3432a100e11d,0.323,1,1389,1.0,9.6,19.53,79.5,5,Active,53,341,1260,0.566,4
0.392,12.1,5.95,5,10.0,4,0,1.09,1578,0.158,1,6a38138b713e6f3b,0.786,5,1706,0.2,4.0,4.95,181.3,1,Active,13,59,153,0.231,3
0.459,9.2,3.82,5,1845.7,2,0,0.73,910,0.375,2,ba09197aded7afbe,0.44,2,910,0.4,0.0,6.54,136.7,2,Active,6,54,135,0.0,1
0.344,33.2,2.13,4,31826.1,1,0,0.85,1011,0.182,1,d9617df02c2c34d5,0.412,2,1011,4.3,18.8,3.52,105.1,4,Stopped,24,100,294,0.5,4
0.517,15.5,0.37,2,306.6,3,1,0.95,878,0.0,1,fd91f5eca885676e,0.493,3,878,0.3,15.0,5.41,122.5,3,Active,13,74,147,0.308,3
0.533,35.3,0.15,1,8979.1,1,1,0.94,1172,0.684,5,60df81a0e13087a3,0.509,3,1236,0.3,7.5,5.77,99.0,4,Active,33,202,403,0.788,4
0.49,13.1,0.47,2,867.3,2,1,4.0,1336,0.586,4,dbf5478658678e4a,0.516,3,1384,0.4,5.7,13.58,87.0,5,Active,51,173,357,0.431,4
0.306,8.7,0.39,2,5009.7,1,1,2.07,983,0.319,2,3e2fe81df8a41e3e,0.29,1,1119,0.5,29.7,10.49,131.7,2,Active,17,86,294,0.235,3
0.455,18.8,0.47,2,2247.3,2,1,0.7,1224,0.418,3,0d3d207f20208718,0.495,3,1340,0.2,22.7,15.27,140.7,2,Active,13,284,666,0.769,4
0.577,8.3,0.04,1,3.3,5,1,1.71,1009,0.5,3,db61f014bc9c7589,0.6,4,1009,2.9,0.0,4.44,119.6,3,Active,5,13,26,0.2,3
0.678,18.7,2.1,4,49.1,4,0,0.77,1347,0.44,3,172a27d1f029a572,0.723,5,1347,0.2,15.0,11.62,104.3,4,Active,12,181,273,0.25,3
0.462,32.4,0.11,1,1504.9,2,1,2.32,1205,0.436,3,7637a7dfc3919443,0.462,2,1349,2.2,5.3,28.54,78.3,5,Active,70,862,1968,1.271,5
0.512,21.7,1.8,4,19318.5,1,0,3.69,1760,0.457,3,61225744c240406c,0.528,3,1874,0.1,12.0,39.39,77.6,5,Active,78,832,1776,1.013,5
0.438,13.2,2.62,5,8589.3,1,0,2.14,1678,0.431,3,c906c06dda120e8d,0.445,2,1678,0.2,71.2,28.36,89.9,5,Active,28,371,861,0.393,4
0.412,23.1,0.04,1,2838.8,2,1,1.42,1115,0.362,2,1aa1b14a4c79c94b,0.41,2,1294,0.2,-9.1,19.46,104.5,4,Active,30,412,1026,1.167,5
0.216,50.6,5.89,5,3112.1,2,0,0.27,1925,0.182,1,1005fa7885b81a02,0.222,1,2010,1.3,110.5,4.53,138.7,2,Active,13,221,1130,0.077,2
0.518,84.9,0.44,2,2636.1,2,1,0.66,1584,0.472,3,45cc4fe3041cb010,0.525,3,1645,0.5,13.7,6.98,110.6,4,Active,56,590,1399,0.25,3
0.274,9.6,0.16,1,24.7,4,1,1.16,836,0.0,1,1d1fa0ef613d696b,0.314,1,938,0.2,-21.0,3.35,150.2,1,Active,10,29,106,0.0,1
0.652,9.6,0.44,2,2.0,5,1,0.66,1321,0.667,5,b0797a2df48216c2,0.571,4,1321,0.5,0.0,1.65,157.0,1,Active,6,15,23,0.0,1
0.524,59.8,1.85,4,6557.4,1,0,0.77,1112,0.345,2,e7310a14910524f3,0.488,3,1173,2.3,-0.6,6.81,97.6,4,Active,24,213,433,0.125,2
0.411,13.3,1.13,4,32.0,4,0,2.87,1772,0.234,1,fb9da271e6a1f51b,0.401,2,1882,1.3,6.8,15.71,119.3,3,Active,34,186,455,0.353,3
0.521,42.2,0.83,3,969.8,2,0,2.87,1654,0.492,3,f5ab1c061bfd916b,0.545,4,1762,0.8,7.0,33.73,67.7,5,Active,119,1397,2854,1.126,5
0.512,33.5,13.84,5,1116.3,2,0,1.43,1128,0.5,3,e8983d28f97dcf7d,0.533,3,1208,0.8,8.3,22.08,88.5,5,Active,42,647,1499,1.548,5
0.341,44.3,0.18,1,13903.4,1,1,1.29,1698,0.253,1,8ea8c8cc0132617f,0.346,1,1803,0.5,34.4,28.67,87.5,5,Active,56,1249,4060,1.554,5
0.448,20.7,1.42,4,7.1,5,0,2.02,1070,0.286,1,d12256bbe409c540,0.455,2,1081,10.0,0.0,4.38,132.6,2,Stopped,6,13,29,0.0,1
0.489,34.9,4.46,5,866.8,2,0,2.06,1203,0.364,2,bb322e3d3181545a,0.493,3,1504,0.2,-10.3,12.57,92.7,5,Active,52,318,655,0.25,3
0.524,55.9,0.79,3,2267.8,2,0,2.88,1552,0.446,3,f89b71c54266e1e5,0.529,3,2042,0.2,2.9,23.27,77.1,5,Active,160,1295,2744,0.756,4
0.387,63.4,0.2,1,3356.3,2,1,1.3,1174,0.37,2,bdc04d488765ef64,0.38,1,1428,0.9,3.0,24.94,76.7,5,Active,81,1559,4817,1.951,5
0.454,52.5,2.83,5,6825.3,1,0,0.73,972,0.486,3,56f7f766ab59c3c8,0.403,2,1050,0.1,5.6,12.86,91.0,5,Active,31,544,1718,1.226,5
0.345,5.0,1.07,4,11.4,4,0,4.17,809,0.0,1,d528adb8f3f56c38,0.381,1,932,1.2,-0.3,5.22,119.1,3,Active,16,20,58,0.0,1
0.5,6.2,1.12,4,3.9,5,0,1.48,1125,0.25,1,b2398643eacc7c21,0.471,2,1125,0.2,22.0,3.15,125.0,3,Active,8,17,34,0.0,1
0.345,34.6,3.68,5,7961.5,1,0,0.84,1149,0.361,2,f108dd873a384626,0.335,1,1199,0.4,-3.5,5.44,105.2,4,Active,26,169,501,1.115,5
0.436,31.2,0.53,2,20.0,4,0,0.17,1606,0.625,5,6409da65863bd29c,0.317,1,1606,1.6,0.0,1.11,188.8,1,Active,5,33,78,0.4,4
0.511,34.9,1.38,4,14141.5,1,0,1.13,1204,0.25,1,3c7675ed0952a334,0.469,2,1204,9.6,50.8,2.55,97.7,4,Stopped,20,45,88,0.0,1
0.539,21.7,0.78,3,4666.9,1,0,3.57,1324,0.467,3,8a3af21f214ef9ca,0.56,4,1671,0.0,10.7,91.57,79.9,5,Active,73,1874,3749,1.671,5
0.457,17.0,0.61,2,7.9,4,0,2.46,1029,0.5,3,6b420ce5fdce7281,0.483,3,1171,2.7,27.8,13.76,107.4,4,Active,22,123,282,0.045,2
0.514,30.0,3.0,5,5.4,5,0,1.15,1116,0.727,5,ea7bb89700d0ba7b,0.443,2,1116,9.7,-14.2,7.06,136.9,2,Stopped,12,74,148,0.167,3
0.226,13.1,0.83,3,22524.4,1,0,0.47,954,0.5,3,7d5ea27ae433d533,0.258,1,1017,0.4,0.0,7.83,175.6,1,Active,6,100,474,0.0,1
0.661,8.3,1.48,4,74.8,4,0,2.14,972,0.75,5,db29c107769e1d61,0.706,5,972,0.0,22.2,41.55,123.2,3,Active,13,252,392,0.231,3
0.48,43.7,0.18,1,1235.2,2,1,0.63,1227,0.25,1,334d0dd895c495fd,0.5,3,1239,0.8,-0.7,2.67,125.6,3,Active,14,59,123,0.429,4
0.515,11.8,25.56,5,153.0,3,0,1.54,1045,0.333,2,76e7a98aca7c59df,0.52,3,1045,0.1,-6.7,9.66,112.5,4,Active,18,113,239,0.5,4
0.547,4.4,1.59,4,3.4,5,0,1.36,1115,0.25,1,a3ae6797e9879e33,0.479,3,1115,0.7,0.0,10.91,109.5,4,Active,5,40,75,0.2,3
0.398,62.8,0.3,2,719.6,3,1,0.51,1336,0.326,2,ff4aecaa3b57ff1f,0.449,2,1336,7.5,23.0,1.92,108.2,4,Stopped,28,105,347,0.821,5
0.533,22.0,1.28,4,210.9,3,0,1.74,1469,0.484,3,84c86f26d6a5b8bb,0.575,4,1469,0.2,29.2,10.32,85.8,5,Active,38,225,430,0.316,3
0.358,20.3,0.2,1,1427.8,2,1,2.7,1107,0.322,2,e3fbf4c6100a27b4,0.355,1,1215,1.3,16.3,26.99,79.1,5,Active,45,449,1306,1.178,5
0.529,11.0,0.99,3,357.6,3,0,3.46,916,0.571,4,4112d350072ddc81,0.538,3,1142,0.0,-8.2,32.86,92.9,5,Active,38,361,720,1.132,5
0.727,8.8,1.75,4,0.0,5,0,0.66,890,0.727,5,6470918cba0e6b95,0.714,5,890,0.4,0.0,1.06,129.5,2,Active,5,8,11,0.0,1
0.678,4.4,1.01,3,1047.9,2,0,1.78,952,0.585,4,dafe2bb08b2cecd1,0.73,5,956,0.0,0.0,27.72,116.6,3,Active,7,109,177,0.0,1
0.483,82.8,1.21,4,13288.6,1,0,0.66,1716,0.422,3,e94057cec54d2486,0.466,2,1812,0.4,0.1,6.05,115.1,3,Active,51,465,1447,2.353,5
0.495,31.3,0.18,1,2836.9,2,1,1.02,1267,0.474,3,8e4fcf24f038b62b,0.502,3,1267,1.1,37.4,20.94,95.2,5,Active,28,573,1211,0.821,5
0.473,10.5,4.57,5,1049.2,2,0,1.2,776,0.473,3,b3d2dda7320fde8c,0.53,3,850,0.2,-9.6,7.42,116.8,3,Active,12,74,167,0.333,3
0.468,30.6,0.11,1,1.8,5,1,0.31,1548,0.4,3,f36ab371898e2755,0.48,3,1631,1.0,9.3,1.29,246.4,1,Active,9,37,79,0.111,2
0.461,12.3,0.33,2,9.5,4,1,1.28,1292,0.692,5,88e024c3efad9d19,0.474,2,1404,0.5,1.3,10.13,141.2,2,Active,15,119,269,0.4,4
0.456,39.0,0.52,2,1521.6,2,0,0.62,1429,0.405,3,815350ef0a769296,0.442,2,1429,1.9,55.7,7.24,108.6,4,Active,23,269,655,0.391,3
0.652,34.5,0.24,1,152.8,3,1,0.22,1055,0.6,4,8f13d188d7f7d6a4,0.593,4,1055,4.3,0.0,2.1,114.6,3,Stopped,6,58,92,0.0,1
0.55,30.4,0.45,2,32.5,4,1,2.16,848,0.231,1,15633362b2500079,0.5,3,1221,18.3,-0.1,4.02,126.8,3,Stopped,22,41,80,0.045,2
0.452,21.6,2.1,4,7.5,5,0,0.28,1001,0.5,3,5f9c8bc173ae6ba8,0.571,4,1001,0.4,0.0,0.66,127.3,3,Active,6,14,31,0.167,3
0.469,21.6,0.36,2,78.9,4,1,2.62,1657,0.351,2,fca80ddccd8df8e8,0.534,3,1784,0.6,8.6,11.49,77.6,5,Active,50,219,488,0.34,3
0.51,22.0,1.06,4,3345.0,2,0,1.35,1227,0.489,3,ade19943d3adbb20,0.519,3,1227,0.0,69.6,22.15,104.1,4,Active,28,461,962,1.071,5
0.471,7.0,33.0,5,251.3,3,0,1.05,791,0.471,3,2347c866e9afbd60,0.462,2,880,0.3,-82.0,2.41,147.3,1,Active,7,16,34,1.0,5
0.422,13.4,1.81,4,7.0,5,0,0.68,1006,1.0,5,ef1db333b57b6d71,0.387,1,1126,0.2,-15.5,1.43,151.2,1,Active,9,19,45,0.0,1
0.25,57.6,0.03,1,10.2,4,1,0.14,885,0.25,1,1a790bcad64d4027,0.278,1,963,1.0,0.0,0.17,124.9,3,Active,7,9,36,0.0,1
0.254,20.8,1.95,4,7119.5,1,0,0.83,1145,0.25,1,16e29f7bf96d939e,0.482,3,1145,0.0,1.0,6.7,125.3,3,Active,15,121,519,0.6,4
0.185,26.7,0.26,1,1.6,5,1,0.19,1284,0.019,1,a00a688a3723cea6,0.233,1,1284,0.3,0.0,0.64,112.1,4,Active,5,17,92,0.0,1
0.468,69.6,0.37,2,19729.6,1,1,0.44,1166,0.512,4,933016ab2c8ded12,0.432,2,1249,3.6,1.2,3.13,110.6,4,Stopped,29,205,447,0.31,3
0.607,10.0,1.8,4,2.6,5,0,1.08,815,0.607,4,81eb67ed735cd766,0.438,2,839,3.3,0.0,2.87,142.0,2,Stopped,6,16,28,0.0,1
0.549,23.0,9.2,5,6.2,5,0,0.73,1197,0.667,5,a587f4926ae40be3,0.63,4,1231,4.3,101.7,1.71,134.4,2,Stopped,12,28,51,0.0,1
0.542,25.8,0.39,2,1229.2,2,1,0.91,1184,0.222,1,217f95f6fe5c2393,0.579,4,1200,0.4,25.9,5.21,151.1,1,Active,21,120,225,0.238,3
0.5,28.8,0.3,2,15.3,4,1,0.46,1688,0.375,2,f489f0e28b1e6a10,0.576,4,1689,0.4,73.5,9.5,148.1,1,Active,13,269,588,0.769,4
0.403,96.8,0.68,3,2118.4,2,0,2.54,1952,0.335,2,93a973456eb59c24,0.453,2,2093,9.6,7.0,16.48,114.1,3,Stopped,221,1435,3692,0.742,4
0.391,8.6,1.88,4,10.6,4,0,2.41,1052,0.5,3,9008e578fdd5b07a,0.458,2,1111,0.2,6.5,6.5,108.2,4,Active,20,54,138,0.0,1
0.527,19.7,0.9,3,24398.3,1,0,0.94,736,0.527,4,d8e66f920d08f0b7,0.591,4,803,2.7,-11.4,3.07,112.9,4,Active,15,49,93,0.067,2
0.377,9.8,0.36,2,380.3,3,1,1.69,1000,0.237,1,e4adbae8a502fea9,0.382,1,1000,0.8,18.0,8.22,108.5,4,Active,15,73,220,0.267,3
0.493,39.3,0.48,2,476.7,3,1,0.95,1046,0.5,3,312fffe98784333b,0.499,3,1046,0.4,16.1,20.42,95.5,4,Active,25,535,1111,1.28,5
0.44,42.4,2.16,5,2516.6,2,0,1.75,1212,0.4,3,dc1a928cc11dd829,0.456,2,1239,16.7,29.6,4.79,86.3,5,Stopped,45,123,300,0.311,3
0.44,19.7,1.0,3,2.5,5,0,1.75,1149,0.167,1,244fcd14e5f93aab,0.857,5,1173,0.4,53.0,3.86,141.6,2,Active,10,22,50,0.0,1
0.422,69.2,0.89,3,143.1,3,0,0.12,656,0.422,3,f496b6f10c9a12a2,0.304,1,751,0.3,6.0,0.44,134.3,2,Active,8,30,83,0.375,3
0.526,32.1,1.25,4,789.1,3,0,1.76,1335,0.484,3,a01b8a586669e9b6,0.526,3,1464,0.7,3.4,13.64,99.0,4,Active,46,357,692,0.935,5
0.318,8.2,0.45,2,1647.4,2,1,1.75,961,0.404,3,c80e31de5c4356ec,0.346,1,1170,0.7,-47.8,86.59,170.9,1,Active,13,644,2115,0.154,3
0.586,77.1,6.0,5,6.7,5,0,0.86,1460,0.515,4,87f591e9b2c7e364,0.623,4,1563,0.2,4.6,2.61,185.7,1,Active,66,201,343,0.045,2
0.506,6.4,1.86,4,109.8,3,0,1.98,1425,0.53,4,54af5044297021d4,0.544,4,1425,0.3,61.3,34.3,181.9,1,Active,12,208,583,0.417,4
0.498,80.1,0.88,3,29666.4,1,0,1.77,1873,0.487,3,c7228dd8c9c546ba,0.568,4,2268,0.0,0.2,16.2,100.3,4,Active,142,1297,3468,1.782,5
0.6,38.2,0.02,1,5525.7,1,1,0.34,613,0.5,3,826c68ee3cd4a081,0.602,4,841,0.2,-34.2,7.03,122.3,3,Active,13,267,503,0.538,4
0.538,55.1,1.94,4,6031.3,1,0,0.58,1080,0.381,2,d58c5687a4c24970,0.444,2,1362,0.1,22.0,5.99,129.4,2,Active,16,166,370,0.812,5
0.448,126.2,0.23,1,3750.2,1,1,0.32,2102,0.433,3,7b475715f40813db,0.462,2,2102,0.7,5.1,7.15,244.8,1,Active,40,897,2621,0.8,5
0.547,37.3,0.85,3,1470.6,2,0,0.98,1432,0.472,3,463579f2cd8ded2e,0.552,4,1510,7.5,26.1,15.04,104.5,4,Stopped,28,430,855,1.821,5
0.613,20.8,0.92,3,10586.6,1,0,1.41,494,0.667,5,65aeef5dab6fdd56,0.643,5,828,0.1,-22.2,14.87,107.4,4,Active,26,275,538,0.538,4
0.526,7.9,1.62,4,11.5,4,0,0.98,800,0.0,1,7dfae90242241052,0.519,3,800,0.1,0.0,7.66,117.3,3,Active,5,39,76,0.0,1
0.527,18.9,2.23,5,3004.1,2,0,1.9,1275,0.607,4,f7def4b8ea66ac4a,0.508,3,1275,0.3,40.2,28.08,96.9,4,Active,20,295,659,1.3,5
0.409,29.0,0.73,3,21528.9,1,0,1.28,1132,0.421,3,3aec30de58ccd83b,0.404,2,1141,0.1,7.0,30.73,97.2,4,Active,32,767,1944,0.75,4
0.272,69.5,4.83,5,24.5,4,0,0.26,1666,0.237,1,fc0bc9f2fd42b4dd,0.275,1,1882,0.3,-39.0,29.41,174.4,1,Active,15,1692,6463,0.067,2
0.507,48.6,84.86,5,770.2,3,0,0.43,2227,0.27,1,809caf5d5f2d0453,0.481,3,2227,0.2,69.0,6.01,104.3,4,Active,21,291,601,0.429,4
0.504,42.6,0.11,1,350.1,3,1,1.09,778,0.0,1,bac7d3170db0103f,0.353,1,938,28.7,-9.5,4.37,128.0,2,Stopped,14,56,113,0.071,2
0.404,5.9,0.29,2,824.0,3,1,1.47,874,0.143,1,58c0317b99a196cc,0.406,2,877,2.2,0.0,18.81,124.5,3,Active,5,64,161,0.6,4
0.502,12.7,0.17,1,87.3,4,1,1.79,2296,0.493,3,16c2b7ca411afca7,0.525,3,2308,0.3,57.8,40.14,161.5,1,Active,22,494,1025,0.636,4
0.496,75.0,153.4,5,19.9,4,0,0.45,1947,0.397,3,63300404db104e9b,0.527,3,1947,0.1,62.0,5.21,132.6,2,Active,33,379,772,0.424,4
0.475,28.2,0.44,2,13750.0,1,1,0.97,1167,0.544,4,cc1cb493713834e1,0.459,2,1167,0.0,34.8,22.77,96.8,4,Active,27,636,1549,0.444,4
0.4,82.7,0.77,3,214.0,3,0,0.3,1084,0.4,3,3e1e692755a79970,0.462,2,1371,61.4,-25.5,1.3,578.9,1,Stopped,5,22,55,0.2,3
0.59,24.1,0.73,3,39.4,4,0,1.08,1642,0.5,3,b02c92e486311ac0,0.606,4,1642,0.0,52.7,5.57,111.5,4,Active,17,88,156,0.294,3
0.54,21.0,6.09,5,13259.8,1,0,0.35,838,0.231,1,f09d4e7d88a05f53,0.5,3,868,0.5,21.0,6.64,139.3,2,Active,7,131,248,0.0,1
0.482,19.1,0.06,1,3465.1,1,1,1.61,1389,0.518,4,03b637d110ead6b3,0.461,2,1442,0.5,21.6,29.27,108.2,4,Active,30,544,1142,0.467,4
0.624,23.2,0.79,3,606.1,3,0,2.35,1622,0.628,5,83e84b9e66af859d,0.641,5,1622,2.1,20.7,24.31,87.0,5,Active,49,506,930,0.347,3
0.4,4.6,0.32,2,6.9,5,1,4.84,1148,0.4,3,3579479ac07b27ae,0.333,1,1148,2.1,0.0,9.67,152.5,1,Active,5,10,25,0.0,1
0.548,23.8,3.09,5,2574.4,2,0,0.21,1055,0.5,3,b94a569426b5fd50,0.565,4,1055,0.1,0.0,7.49,127.6,2,Active,5,177,323,1.2,5
0.407,8.8,0.65,3,77.0,4,0,1.29,1024,0.407,3,2ead6c38f1830ee6,0.385,1,1024,0.2,59.3,4.09,127.2,3,Active,11,35,91,0.182,3
0.496,29.9,17.43,5,94.1,4,0,0.64,1285,0.6,4,565c25e23acebbe8,0.44,2,1331,1.5,26.4,2.28,129.1,2,Active,18,64,129,0.111,2
0.5,28.1,0.6,2,3338.4,2,0,2.0,1219,0.769,5,63038164d65657a8,0.484,3,1347,0.1,17.3,6.47,82.6,5,Active,52,168,340,0.038,2
0.529,5.6,1.02,3,139.3,3,0,0.9,887,0.083,1,a5d46be7543ba05e,0.583,4,887,0.0,0.0,11.16,127.7,2,Active,5,62,119,0.0,1
0.5,36.0,3.44,5,44.3,4,0,0.38,1249,0.378,2,7d4355861a34a10e,0.667,5,1249,19.3,0.0,1.83,121.0,3,Stopped,6,29,80,1.5,5
0.213,30.1,2.64,5,47.5,4,0,0.34,1214,0.189,1,bf26e129436b4734,0.25,1,1214,0.3,55.0,1.41,143.2,2,Active,10,42,211,0.0,1
0.411,18.6,3.28,5,6186.7,1,0,0.79,1166,0.267,1,2175b974140cc702,0.468,2,1212,0.2,-34.3,4.57,142.1,2,Active,14,81,197,0.071,2
0.504,28.6,0.2,1,3976.0,1,1,1.25,1419,0.494,3,e38577b8768c4de6,0.513,3,1419,2.1,8.9,27.21,96.7,4,Active,33,719,1480,1.03,5
0.434,52.4,0.04,1,3175.1,2,1,3.78,1179,0.305,2,c34631960344c62f,0.447,2,1478,0.5,7.3,24.73,68.3,5,Active,196,1282,3023,0.316,3
0.509,42.9,0.34,2,5383.2,1,1,0.89,1614,0.478,3,d99d1821b8d6d157,0.54,3,1640,0.2,34.5,14.42,94.9,5,Active,38,616,1258,1.289,5
0.438,35.4,0.48,2,3427.3,2,1,2.18,1180,0.349,2,778f92fb05af668a,0.426,2,1443,0.1,4.3,21.42,68.3,5,Active,77,757,2047,1.494,5
0.715,15.3,8.86,5,830.1,3,0,0.56,1113,0.556,4,d2706b5bdf528cd2,0.704,5,1113,0.5,0.0,11.42,137.3,2,Active,7,142,207,0.571,4
0.211,12.0,0.75,3,517.3,3,0,0.87,727,0.083,1,45f9a2409b1755a6,0.212,1,857,2.6,-42.5,7.22,139.4,2,Active,8,66,351,0.375,3
0.352,16.0,0.66,3,35.9,4,0,4.06,705,0.0,1,60d49ebd9fa6fbf4,0.333,1,819,5.0,0.1,4.84,101.0,4,Stopped,26,31,88,0.038,2
0.523,16.5,0.42,2,5772.2,1,1,2.62,1420,0.595,4,b9959c2c24b6771a,0.519,3,1458,1.2,1.3,42.77,94.4,5,Active,40,653,1411,0.85,5
0.389,44.2,1.37,4,9978.5,1,0,0.3,1005,0.556,4,d22a73d24e4704e7,0.341,1,1005,2.3,35.7,4.27,119.9,3,Active,11,158,656,0.727,4
0.471,11.1,1.6,4,1618.7,2,0,3.58,1254,0.532,4,e1fd76f7ecf00683,0.463,2,1369,0.0,7.2,48.2,100.2,4,Active,38,512,1092,0.368,3
0.385,33.5,2.23,5,77.9,4,0,1.41,1973,0.304,2,7a6ca3b1430fc202,0.374,1,2047,0.2,1.6,10.34,128.5,2,Active,47,345,927,0.809,5
0.593,73.1,3.58,5,897.6,2,0,0.71,1801,0.578,4,2433d6ba6ec540f4,0.627,4,2134,0.5,-17.3,11.84,175.5,1,Active,29,486,848,0.448,4
0.5,53.7,0.68,3,27.7,4,0,1.35,1421,0.25,1,a6cd0d55441986e5,0.503,3,1543,0.1,15.8,4.12,84.1,5,Active,72,220,444,0.319,3
0.461,8.1,1.81,4,3094.3,2,0,1.96,1345,0.333,2,b5006b68cdfd9e8c,0.405,2,1345,0.0,66.0,39.59,119.0,3,Active,14,283,623,1.286,5
0.366,69.0,0.12,1,393.8,3,1,1.57,2320,0.245,1,e2855b2b3928d7d3,0.367,1,2320,0.1,33.2,16.61,82.8,5,Active,108,1144,3512,0.861,5
0.534,43.2,0.54,2,1053.7,2,0,3.13,1612,0.463,3,38bfc54002447f58,0.533,3,1633,5.9,13.7,24.51,76.1,5,Stopped,103,807,1523,0.981,5
0.385,12.9,0.39,2,15.2,4,1,0.73,959,0.385,2,2aade545ed92b0db,0.227,1,959,6.1,0.0,4.07,120.1,3,Stopped,5,28,78,0.2,3
0.526,36.2,0.81,3,42.9,4,0,0.2,2226,0.6,4,6c8ae600595b45f8,0.657,5,2248,0.6,0.0,14.72,237.3,1,Active,7,523,1034,1.714,5
0.573,25.4,0.94,3,1409.6,2,0,2.47,1517,0.57,4,65a33de291f5502f,0.591,4,1596,0.1,12.0,18.61,85.9,5,Active,55,415,793,0.291,3
0.611,21.7,1.93,4,1221.2,2,0,2.38,1220,0.536,4,4112fe61f33b9d34,0.617,4,1220,10.8,7.4,19.34,88.6,5,Stopped,26,211,486,1.269,5
0.495,8.8,35.67,5,5082.5,1,0,1.08,1025,0.25,1,82b1b52266752ef5,0.515,3,1025,0.4,93.5,12.81,127.1,3,Active,9,107,220,0.222,3
0.579,17.9,0.82,3,517.2,3,0,2.51,1141,0.602,4,d02026f70d0985b7,0.586,4,1235,0.0,7.9,42.64,90.0,5,Active,38,645,1405,1.237,5
0.586,8.5,0.11,1,663.9,3,1,1.7,922,0.586,4,a5e4473c7366b145,0.628,4,1034,2.7,-0.5,9.55,143.7,1,Active,10,56,99,0.0,1
0.636,44.6,0.41,2,6709.8,1,1,2.33,1221,0.535,4,a168fd6b929d86a0,0.667,5,1422,1.2,9.0,27.91,70.2,5,Active,101,1211,1976,1.257,5
0.362,88.1,0.01,1,16116.7,1,1,1.23,1248,0.325,2,abf414f6df1518bf,0.348,1,1446,3.3,-2.1,13.43,148.5,1,Stopped,104,1138,3183,1.019,5
0.455,46.4,0.34,2,1291.9,2,1,2.35,1907,0.388,2,3e7a8f8202effd8c,0.511,3,1989,0.4,21.6,57.2,87.7,5,Active,89,2166,5073,1.416,5
0.468,55.0,3.25,5,668.6,3,0,1.24,1428,0.45,3,7c9ec22408cae69d,0.451,2,1482,0.5,5.9,6.67,73.8,5,Active,62,334,726,0.581,4
0.43,36.6,0.18,1,89.9,4,1,0.33,882,0.533,4,59e2c212b88439e7,0.449,2,906,0.5,-1.8,4.71,131.6,2,Active,12,170,419,1.0,5
0.383,33.7,0.31,2,106.0,3,1,0.91,1378,0.273,1,7218156e69301b15,0.368,1,1531,0.5,321.0,2.92,177.8,1,Active,9,29,81,0.222,3
0.593,9.8,0.11,1,4.0,5,1,1.9,2086,0.522,4,5f59fd49d32fec4d,0.587,4,2114,2.2,113.0,11.65,157.9,1,Active,14,86,145,0.0,1
0.524,20.1,1.15,4,959.1,2,0,2.74,1273,0.493,3,a4c8a493e3e28168,0.498,3,1278,0.4,7.6,25.97,79.3,5,Active,54,511,1068,0.481,4
0.731,8.5,0.79,3,650.4,3,0,0.67,1007,0.667,5,282c4021b143befa,0.722,5,1007,1.0,0.0,74.05,121.0,3,Active,5,556,762,1.0,5
0.347,43.4,0.67,3,1036.7,2,0,1.09,1076,0.333,2,f2f9c8e6cc3921e5,0.267,1,1087,28.5,50.2,4.89,113.2,4,Stopped,15,67,199,0.133,2
0.566,18.0,0.11,1,155.3,3,1,0.45,1317,0.642,5,01cd6d46e269937f,0.736,5,1317,0.2,-4.0,10.34,165.0,1,Active,8,184,341,0.0,1
0.374,19.8,0.17,1,130.2,3,1,0.51,1227,0.367,2,f2efe325695cd474,0.373,1,1244,0.0,13.0,19.01,131.7,2,Active,10,375,1131,0.4,4
0.482,24.4,1.04,4,331.8,3,0,0.66,1433,0.333,2,ea35a702b3ec4849,0.476,2,1433,4.8,3.5,8.1,144.2,1,Stopped,13,159,338,0.077,2
0.553,33.0,4.91,5,2006.9,2,0,2.31,1134,0.474,3,3249ebd3d6915fb7,0.577,4,1315,2.4,4.3,24.99,73.6,5,Active,67,725,1542,1.239,5
0.548,16.3,5.12,5,4336.5,1,0,1.16,1001,0.667,5,4508c646bd4b131b,0.54,3,1001,2.5,-6.0,8.21,110.6,4,Active,16,113,208,0.25,3
0.42,66.5,1.05,4,9.2,4,0,0.12,971,0.667,5,81b21174c0d49ac8,0.333,1,971,17.0,0.0,0.93,104.6,4,Stopped,6,46,119,0.167,3
0.355,23.9,1.41,4,41.9,4,0,1.54,1234,0.234,1,b254a0f2185206c9,0.392,1,1397,12.1,-2.0,8.11,125.4,3,Stopped,18,95,279,0.778,4
0.463,25.6,0.52,2,67.6,4,0,0.21,1161,0.333,2,2d7134dac5177277,0.667,5,1161,1.1,0.0,0.74,154.5,1,Active,5,18,41,0.0,1
0.5,7.6,1.59,4,0.5,5,0,1.12,1518,0.333,2,7e418eb820ab8eb5,0.536,3,1694,0.5,212.0,3.07,197.9,1,Active,8,22,44,0.0,1
0.494,48.8,0.54,2,970.0,2,0,2.75,1255,0.438,3,ee5b331ed969f66e,0.508,3,1525,0.8,5.4,24.45,73.5,5,Active,132,1175,2721,2.394,5
0.36,54.1,4.61,5,30392.8,1,0,0.86,1181,0.44,3,1194e4a69c663bc3,0.429,2,1181,0.4,7.8,7.33,83.2,5,Active,46,392,1138,0.522,4
0.534,9.4,0.1,1,1218.7,2,1,0.64,917,0.5,3,fbd13b5f1063d329,0.711,5,917,0.1,0.0,11.82,118.1,3,Active,5,92,174,0.6,4
0.523,39.6,0.07,1,741.1,3,1,0.64,1008,0.361,2,f6c8c7a6387d447e,0.513,3,1027,0.3,13.4,8.1,108.4,4,Active,25,318,643,0.76,4
0.331,26.1,2.92,5,6002.0,1,0,1.88,1454,0.338,2,ba38f1a4368e8a50,0.344,1,1539,0.0,30.8,23.95,115.5,3,Active,28,356,1210,1.107,5
0.659,17.8,1.93,4,615.1,3,0,0.65,1310,0.5,3,2bf0d102a1bcc66d,0.667,5,1345,3.9,0.0,1.94,136.5,2,Stopped,9,27,41,0.222,3
0.5,16.3,7.27,5,175.0,3,0,2.12,1561,0.3,2,1475e7ee52a341b2,0.697,5,1592,8.1,22.5,7.59,142.5,2,Stopped,17,61,124,0.471,4
0.401,27.9,1.46,4,1119.3,2,0,1.05,826,0.333,2,d4e89a201617460b,0.374,1,910,0.2,-2.7,3.19,98.0,4,Active,24,73,192,0.0,1
0.431,32.6,1.07,4,1344.0,2,0,2.36,2003,0.399,3,4bf69070b35a84e2,0.461,2,2003,0.0,18.8,18.95,78.7,5,Active,77,618,1533,0.571,4
0.529,78.8,9.11,5,4326.6,1,0,1.48,1857,0.53,4,803426df84bf4542,0.559,4,1967,0.2,19.9,15.54,82.1,5,Active,104,1091,2255,0.548,4
0.52,46.7,2.82,5,80.0,4,0,0.3,1005,0.538,4,16fe990734defd54,0.526,3,1007,0.1,-8.0,3.12,128.1,2,Active,14,144,298,0.714,4
0.642,13.1,0.26,1,186.2,3,1,0.89,1252,1.0,5,23682c0cfd6ea40f,0.667,5,1252,5.2,0.0,5.46,113.2,4,Stopped,7,43,67,0.0,1
0.471,41.9,1.3,4,25637.4,1,0,0.35,1519,0.381,2,82c65693e5126bb2,0.448,2,1519,0.5,24.0,6.09,126.7,3,Active,12,206,446,0.25,3
0.375,37.4,1.66,4,168.9,3,0,1.57,1111,0.343,2,fae6f660b1055075,0.475,2,1305,0.5,1.4,9.56,84.9,5,Active,58,353,1082,0.724,4
0.394,33.2,6.81,5,4873.1,1,0,0.89,1069,0.413,3,aa97b4d5fdc181e8,0.28,1,1071,11.2,-17.0,6.45,122.9,3,Stopped,14,101,289,0.286,3
0.352,4.7,2.88,5,5505.4,1,0,3.01,890,0.091,1,fe7b213f0e88e2f7,0.379,1,1002,0.4,-19.0,11.28,124.5,3,Active,12,45,128,0.417,4
0.371,10.2,0.6,2,438.6,3,0,2.74,1310,0.3,2,1e30a416727eb0db,0.409,2,1349,1.0,-8.8,14.33,116.7,3,Active,25,131,356,0.24,3
0.413,13.5,1.08,4,3513.0,1,0,1.42,1253,0.327,2,172cd740c3650ee3,0.393,1,1253,0.0,2.8,13.54,113.3,4,Active,19,181,443,0.526,4
0.543,8.8,0.06,1,4.4,5,1,3.75,1447,0.625,5,1782fcf5ff959676,0.679,5,1842,4.3,-42.3,12.9,183.3,1,Stopped,16,55,105,0.062,2
0.643,32.8,5.48,5,54.6,4,0,1.83,1357,0.562,4,6b4c2f0b29dccce5,0.645,5,1471,0.5,29.5,11.28,104.4,4,Active,31,191,311,0.0,1
0.629,36.1,0.52,2,4.1,5,0,1.23,1240,0.333,2,046f04fd1349f08c,0.625,4,1240,10.8,20.1,2.8,94.9,5,Stopped,29,66,105,0.034,2
0.216,13.0,0.47,2,454.7,3,1,1.95,1386,0.167,1,72b7eb3b5bbed68c,0.255,1,1437,0.5,22.8,5.77,96.8,4,Active,24,71,328,0.208,3
0.485,23.4,0.63,3,3871.4,1,0,1.2,1194,0.35,2,b766360404146cf8,0.461,2,1194,13.8,0.0,15.99,117.2,3,Stopped,6,80,165,0.0,1
0.564,16.2,1.6,4,1953.6,2,0,1.49,1292,0.62,5,f4b6e616b1373df4,0.561,4,1292,0.0,6.0,26.39,86.8,5,Active,24,424,771,0.708,4
0.475,11.1,0.62,2,1529.5,2,0,1.5,940,0.25,1,d6747714b52d33a1,0.519,3,990,0.4,25.3,7.22,116.3,3,Active,16,77,162,0.0,1
0.5,10.7,1.47,4,44.7,4,0,1.48,1006,0.375,2,d7c0f538430df744,0.5,3,1019,0.8,-10.3,8.19,120.3,3,Active,13,72,146,0.538,4
0.513,27.8,0.98,3,7480.0,1,0,1.66,1129,0.469,3,1464190f8d896f0b,0.517,3,1206,0.1,29.6,13.32,81.8,5,Active,45,361,721,1.2,5
0.465,21.7,1.75,4,12360.4,1,0,0.79,1387,0.429,3,f3fc960f97265f1b,0.478,3,1387,0.2,30.6,5.66,117.1,3,Active,17,122,286,0.412,4
0.559,61.5,0.23,1,2193.0,2,1,0.23,681,0.0,1,3b071aa00b34fc8a,0.567,4,935,2.0,-63.0,2.75,143.6,1,Active,10,118,211,0.0,1
0.52,52.3,1.42,4,4567.0,1,0,4.2,1904,0.402,3,8147b6b886557ed8,0.538,3,2189,0.2,-1.2,44.04,77.8,5,Active,219,2296,4567,0.836,5
0.536,8.9,1.55,4,2.4,5,0,2.57,1028,0.0,1,6942729a35f765b3,0.6,4,1037,0.8,0.0,6.43,137.5,2,Active,6,15,28,0.0,1
0.45,24.4,1.11,4,2.0,5,0,0.57,894,1.0,5,fe9e54a85d9179a8,0.5,3,943,1.6,72.0,0.79,132.4,2,Active,13,18,40,0.0,1
0.483,48.3,0.39,2,63.0,4,1,0.46,767,0.429,3,2612401c8e218f6a,0.582,4,879,0.4,-10.0,1.36,98.6,4,Active,22,65,147,0.227,3
0.337,9.9,0.75,3,12.9,4,0,1.15,966,0.346,2,8dff9c4608157e9c,0.328,1,1059,0.1,3.0,7.31,127.4,2,Active,11,70,208,0.0,1
0.419,57.0,0.01,1,3268.9,2,1,0.2,1361,0.223,1,9a6958c7c21c9437,0.402,2,1461,2.3,47.7,2.93,151.5,1,Active,11,160,439,0.182,3
0.491,32.2,0.66,3,921.8,2,0,2.67,1128,0.484,3,fcef8fbd0fb2a812,0.487,3,1153,0.0,0.1,20.87,77.4,5,Active,84,656,1388,0.738,4
0.416,5.0,0.95,3,57.2,4,0,2.84,973,0.667,5,71970f6b97d717ae,0.42,2,1043,0.1,32.2,9.53,126.9,3,Active,14,47,113,0.214,3
0.48,5.9,2.12,4,23.4,4,0,0.9,1121,0.48,3,ec69a92eb9ec572f,0.5,3,1134,0.4,0.0,2.16,179.7,1,Active,5,12,25,0.0,1
0.531,12.3,2.2,5,3316.7,2,0,2.19,1431,0.517,4,682a83ec79c5e80c,0.516,3,1431,0.8,14.3,18.47,89.3,5,Active,24,202,384,0.583,4
0.417,56.2,1.83,4,1060.5,2,0,0.71,960,0.27,1,c93000791e0ca29c,0.359,1,1032,19.4,-11.9,8.35,101.7,4,Stopped,24,281,784,0.833,5
0.346,13.1,0.8,3,1066.1,2,0,1.53,1113,0.268,1,eae5da59b28aea64,0.348,1,1113,0.0,-6.0,14.36,132.6,2,Active,12,113,344,1.833,5
0.493,46.6,1.53,4,729.8,3,0,0.11,1464,0.422,3,196be25b9ba99e22,0.512,3,1464,0.8,0.0,11.26,131.9,2,Active,5,516,1202,0.0,1
0.349,20.8,0.47,2,5644.3,1,1,1.99,1741,0.341,2,e18e272921341f21,0.344,1,1741,0.6,22.0,13.11,90.1,5,Active,40,264,770,0.225,3
0.552,9.6,0.86,3,953.2,2,0,3.7,1030,0.667,5,7c0e5e6862a0de09,0.561,4,1030,0.4,12.2,22.29,96.5,4,Active,34,205,373,0.265,3
0.459,43.3,0.19,1,6343.6,1,1,1.28,1474,0.532,4,38f1bf65d71fa3a9,0.459,2,1494,2.0,32.6,17.85,78.4,5,Active,51,714,1611,1.157,5
0.369,40.2,0.92,3,3020.8,2,0,1.06,1628,0.306,2,9e7df51da6f23565,0.368,1,1724,0.9,10.4,9.73,103.9,4,Active,34,313,862,0.882,5
0.659,54.7,20.25,5,3.9,5,0,0.17,1136,0.0,1,a3d92dce1deec42c,0.69,5,1136,18.5,0.0,1.38,130.2,2,Stopped,6,50,85,0.5,4
0.502,36.5,0.48,2,3659.9,1,1,1.76,1438,0.409,3,d11eb312f52cc7e1,0.519,3,1640,0.3,10.3,22.37,84.2,5,Active,51,650,1373,1.471,5
0.385,7.8,6.79,5,23.2,4,0,2.83,1525,0.25,1,75c2d8d5cb666a49,0.403,2,1525,1.3,32.0,8.79,122.5,3,Active,18,56,148,0.111,2
0.495,36.3,5.81,5,768.8,3,0,1.57,1437,0.438,3,1bdb193629fd22fc,0.518,3,1457,22.2,27.4,10.62,117.8,3,Stopped,22,149,327,0.227,3
0.27,73.9,0.08,1,202.0,3,1,0.12,850,0.261,1,183c10cc8689e671,0.259,1,1010,0.6,-24.5,1.35,142.4,2,Active,9,99,392,0.0,1
0.574,45.1,2.48,5,13.2,4,0,0.45,2102,0.561,4,c9e7a5facfca28e9,0.557,4,2102,0.5,24.0,2.52,155.7,1,Active,20,112,202,0.35,3
0.306,129.9,0.07,1,39.8,4,1,0.6,1516,0.102,1,645ed2bcd353fc63,0.448,2,1672,40.1,-5.6,3.05,203.5,1,Stopped,52,266,885,0.096,2
0.436,19.8,0.5,2,53.1,4,0,1.19,1003,0.25,1,be5c4be188c14c83,0.45,2,1021,2.7,-27.2,4.05,105.0,4,Active,20,68,163,0.05,2
0.389,24.9,0.6,2,6603.2,1,0,0.89,943,0.257,1,e0089c3b59d0e3fc,0.37,1,1040,1.1,16.5,4.89,112.0,4,Active,21,116,301,0.143,3
0.286,18.2,1.48,4,14.3,4,0,0.68,1327,0.231,1,296aacc6dc735308,0.304,1,1327,0.5,0.0,3.28,114.9,3,Active,12,58,203,0.083,2
0.582,16.7,0.7,3,25.7,4,0,0.76,1669,0.557,4,9c019da45ad730bf,0.581,4,1669,5.8,245.5,9.27,194.9,1,Stopped,8,98,201,0.125,2
0.424,12.7,8.15,5,352.3,3,0,1.11,1162,0.333,2,582f1837dbc7c766,0.442,2,1173,0.0,10.5,7.52,132.4,2,Active,14,95,238,0.714,4
0.601,8.2,0.81,3,487.3,3,0,1.43,1109,0.667,5,48b71d9fa9fc0dc4,0.576,4,1183,0.5,-16.5,27.7,144.9,1,Active,11,213,356,0.727,4
0.59,5.0,0.65,3,11.1,4,0,3.98,1303,0.533,4,0164b8287f1ca460,0.611,4,1303,0.5,37.2,25.41,126.7,3,Active,18,115,195,0.389,3
0.373,72.2,0.51,2,82405.5,1,0,0.32,745,0.289,1,eda11043f7cd7408,0.349,1,930,0.0,-14.1,2.24,116.5,3,Active,23,162,461,0.957,5
0.624,15.2,3.29,5,372.7,3,0,1.08,1467,0.717,5,9554037c02594554,0.613,4,1467,0.5,27.0,13.83,112.4,4,Active,16,204,330,0.062,2
0.253,20.8,2.45,5,6201.9,1,0,0.9,815,0.22,1,df6e5ae0bcc84356,0.269,1,948,0.2,-26.5,22.55,120.6,3,Active,15,375,1671,1.2,5
0.604,35.7,0.05,1,26.5,4,1,0.47,975,0.059,1,b1c3662afe8b8d95,0.63,4,1060,5.1,7.0,7.94,155.2,1,Stopped,7,118,197,0.0,1
0.402,39.6,0.51,2,1462.8,2,0,1.92,1278,0.389,2,5b663676618f3419,0.414,2,1620,4.4,-5.8,20.0,82.9,5,Stopped,65,677,1901,1.2,5
0.674,28.6,17.0,5,4449.8,1,0,0.6,951,0.4,3,3959e08c6aa25bc6,0.695,5,1181,6.3,-24.2,8.38,142.5,2,Stopped,13,182,270,0.0,1
0.456,42.1,1.09,4,1127.1,2,0,2.78,1240,0.348,2,0806fbf2e8ac164a,0.453,2,1343,0.0,2.4,17.15,66.4,5,Active,101,622,1367,0.465,4
0.263,6.7,4.31,5,371.9,3,0,3.66,1019,0.5,3,e007d7e36bc84c48,0.386,1,1061,1.2,-10.0,8.42,110.7,4,Active,20,46,186,0.15,3
0.384,32.8,0.68,3,14.8,4,0,0.58,1691,0.324,2,551346640d2527ad,0.414,2,1691,0.4,4.3,5.3,142.3,2,Active,15,136,404,0.4,4
0.422,27.2,1.94,4,4839.0,1,0,0.81,1354,0.333,2,4599f9bc0bcedf02,0.493,3,1367,2.9,27.9,3.02,127.6,2,Active,19,71,185,0.474,4
0.323,41.8,1.15,4,13680.2,1,0,0.37,1018,0.143,1,1cba12b05b1d8ed5,0.317,1,1106,17.8,-14.0,1.79,141.1,2,Stopped,9,43,133,0.0,1
0.805,5.6,0.37,2,19.3,4,1,1.07,1235,0.929,5,a95affe2907851f7,0.805,5,1235,0.0,0.0,28.92,151.0,1,Active,6,162,267,0.167,3
0.531,89.9,0.31,2,7.9,4,1,0.33,2302,0.388,2,da3798836e6d43f7,0.542,3,2437,0.2,72.0,2.79,220.4,1,Active,16,135,256,0.25,3
0.625,46.1,0.85,3,217.1,3,0,3.63,1456,0.645,5,3763e467117da022,0.549,4,1456,38.6,15.0,17.87,103.1,4,Stopped,27,133,248,1.222,5
0.33,15.9,0.41,2,8332.4,1,1,2.39,1105,0.1,1,585d25588d83eec4,0.389,1,1139,0.2,45.2,10.86,113.7,3,Active,22,100,312,0.0,1
0.384,47.9,2.32,5,196.4,3,0,0.82,1662,0.309,2,00eaa3826d63b251,0.429,2,1911,0.1,-9.0,9.75,122.7,3,Active,38,452,1262,1.316,5
0.642,25.6,0.22,1,5.1,5,1,0.2,949,0.0,1,4f9ae597ec421631,0.714,5,949,0.6,0.0,2.83,134.1,2,Active,5,71,120,0.0,1
0.333,7.5,0.43,2,12.4,4,1,0.95,1131,0.0,1,1614883b6f4180ae,0.433,2,1131,0.8,0.0,4.41,129.6,2,Active,6,28,90,0.333,3
0.336,51.7,0.67,3,270.2,3,0,0.96,955,0.15,1,574711774e235843,0.315,1,1007,20.4,11.2,3.7,131.8,2,Stopped,13,50,152,0.308,3
0.379,20.1,1.62,4,5107.8,1,0,1.05,1080,0.6,4,5b932a942ba96217,0.372,1,1133,0.0,13.7,8.45,108.5,4,Active,19,153,409,0.263,3
0.323,15.0,0.12,1,803.7,3,1,0.82,661,0.384,2,ee18872edfe7b8a7,0.344,1,1145,0.4,-92.0,30.04,185.0,1,Active,12,439,1501,0.5,4
0.526,24.0,0.52,2,376.2,3,0,1.44,1111,0.638,5,9771c03b651fee1b,0.525,3,1133,0.2,8.1,25.69,88.0,5,Active,34,605,1191,1.618,5
0.303,48.9,0.44,2,196.7,3,1,0.16,1232,0.162,1,3b252a753ed5dc47,0.336,1,1232,0.0,16.0,4.59,135.8,2,Active,8,224,778,0.25,3
0.551,2.7,3.06,5,1.9,5,0,6.09,906,0.551,4,49d0bbd535535479,0.516,3,973,0.4,14.5,16.52,123.4,3,Active,14,38,69,0.0,1
0.143,8.1,0.51,2,18.8,4,0,2.67,744,0.143,1,1c947597f1dbd2f4,0.312,1,922,2.9,-42.7,2.14,135.9,2,Active,10,8,56,0.0,1
0.453,27.3,0.08,1,11449.6,1,1,0.5,1448,0.385,2,cf58a62e02a49a32,0.444,2,1551,0.9,49.0,13.63,138.1,2,Active,11,301,676,0.636,4
0.452,39.6,1.02,3,6750.8,1,0,0.9,1289,0.392,2,dab6c48f5a31565d,0.44,2,1289,1.0,9.3,9.86,88.2,5,Active,33,362,850,0.818,5
0.331,44.5,0.75,3,9137.9,1,0,0.56,1636,0.26,1,6ed20d6df3496213,0.453,2,1636,5.0,21.8,6.49,106.4,4,Stopped,22,254,843,0.318,3
0.372,15.2,0.04,1,170.4,3,1,1.15,1196,0.19,1,7ffa521eb3cfc19d,0.455,2,1296,0.4,1.7,3.64,130.8,2,Active,17,54,145,0.294,3
0.408,85.0,0.08,1,31.4,4,1,1.77,1820,0.257,1,b78e37e39447eaf7,0.427,2,1941,25.3,10.4,7.94,158.9,1,Stopped,105,471,1226,0.333,3
0.314,31.9,0.13,1,73.3,4,1,1.06,1567,0.136,1,5575ffedc57895d2,0.383,1,1594,5.6,8.0,3.5,113.5,3,Stopped,28,92,306,0.214,3
0.455,17.3,0.17,1,2959.8,2,1,0.79,867,0.567,4,9056c1ffeef3f99d,0.432,2,950,0.9,-2.4,10.44,128.8,2,Active,13,172,404,0.385,3
0.472,28.6,0.3,2,7024.2,1,1,0.53,777,0.533,4,a9acbcf9b71a6c7a,0.469,2,896,5.0,-16.0,8.07,127.0,3,Stopped,12,183,390,0.333,3
0.446,45.8,0.13,1,3193.5,2,1,1.5,1464,0.432,3,ac29d0aed3ec23df,0.443,2,1464,11.1,18.2,17.7,85.6,5,Stopped,52,615,1432,0.923,5
0.566,53.5,0.18,1,3811.1,1,1,0.45,1042,0.5,3,0be3de943e1372d4,0.444,2,1042,21.9,28.7,5.41,106.5,4,Stopped,13,157,279,0.0,1
0.402,22.9,19.33,5,552.1,3,0,0.38,998,0.154,1,eae1cbcef2df5021,0.439,2,1029,1.0,0.0,2.24,138.3,2,Active,8,47,122,0.125,2
0.613,2.8,0.87,3,98.8,4,0,4.82,1031,0.333,2,028209563336c99b,0.59,4,1124,0.1,-31.7,44.09,145.0,1,Active,13,119,194,0.462,4
0.333,114.9,0.51,2,165.1,3,0,0.28,2217,0.323,2,e9c560e51e749aff,0.366,1,2217,0.2,22.8,3.58,257.3,1,Active,32,410,1448,0.562,4
0.476,43.2,6.81,5,5001.4,1,0,0.38,1014,0.434,3,e64628fa9d7b070d,0.526,3,1073,1.1,-13.2,4.51,120.5,3,Active,13,153,328,0.077,2
0.461,87.1,0.03,1,8444.8,1,1,0.67,1615,0.38,2,9db8bad5b50ce200,0.487,3,1615,9.3,24.7,5.61,210.8,1,Stopped,50,417,960,0.56,4
0.509,48.0,3.83,5,1904.7,2,0,0.6,1219,0.429,3,2412e3db52de25f9,0.519,3,1254,2.8,2.8,3.21,114.7,3,Active,27,145,285,0.037,2
0.528,34.2,1.0,3,3779.4,1,0,1.68,1441,0.458,3,e455bc43832b24cd,0.562,4,1509,0.8,18.6,23.43,88.9,5,Active,46,640,1292,0.783,4
0.593,44.8,8.71,5,10352.9,1,0,0.64,1614,0.586,4,158d7663a69cd7d9,0.623,4,1614,0.7,8.4,11.41,96.4,4,Active,27,478,816,0.074,2
0.5,19.4,1.0,3,68.4,4,0,0.66,841,0.5,3,88c66d760b9768a0,0.5,3,878,5.2,-23.0,1.24,119.9,3,Stopped,8,15,30,0.125,2
0.647,42.0,0.29,2,1371.4,2,1,1.31,1260,0.437,3,b8d1d222c0a3d031,0.608,4,1260,10.5,4.8,31.62,92.2,5,Stopped,41,990,1564,0.439,4
0.481,77.5,0.51,2,21329.6,1,0,0.66,1535,0.398,3,e90fc505e65f59c1,0.441,2,1757,19.8,3.4,5.11,228.6,1,Stopped,38,295,621,0.395,4
0.517,57.0,0.16,1,89.3,4,1,1.08,778,0.517,4,d49bdaaa69228ac7,0.583,4,859,24.9,-25.0,1.48,135.1,2,Stopped,11,15,29,0.091,2
0.516,18.4,2.07,4,1834.0,2,0,4.72,1506,0.625,5,107fe57d56350cb9,0.562,4,1541,0.2,9.0,28.9,67.1,5,Active,86,526,1126,1.337,5
0.57,9.9,0.73,3,3.8,5,0,1.26,845,0.583,4,463f908ca3f3e2ff,0.522,3,1032,0.7,-4.0,6.9,149.6,1,Active,11,60,121,0.091,2
0.441,12.7,0.2,1,292.8,3,1,2.58,1123,0.523,4,7937d2e9027bff14,0.455,2,1230,0.1,3.7,24.46,92.5,5,Active,31,294,687,0.452,4
0.614,6.0,0.26,1,15.8,4,1,1.22,1081,1.0,5,02b46fde366d1201,0.595,4,1124,0.3,0.0,8.89,125.5,3,Active,7,51,83,0.429,4
0.602,19.7,0.21,1,3651.1,1,1,0.31,1145,0.579,4,a9af2b778056c22c,0.514,3,1145,0.3,0.0,6.18,117.0,3,Active,6,118,216,0.5,4
0.41,107.8,0.05,1,171.6,3,1,1.2,1169,0.282,1,47214cb0f61e71e3,0.446,2,1575,0.1,-0.2,3.99,136.9,2,Active,123,410,1022,0.203,3
0.536,14.8,0.75,3,3.8,5,0,1.21,1132,0.667,5,11a484d606aaf415,0.483,3,1132,4.6,26.0,3.01,131.5,2,Stopped,12,30,56,0.0,1
0.358,93.3,0.39,2,48846.3,1,1,2.01,1369,0.335,2,587ee5cc3a85b93e,0.359,1,1826,0.1,3.9,11.95,125.7,3,Active,182,1081,3437,1.302,5
0.38,48.1,2.29,5,11527.7,1,0,2.07,1238,0.412,3,789caa84a51fbae8,0.43,2,1333,2.0,7.2,17.78,69.6,5,Active,93,799,2198,0.441,4
0.677,71.2,0.02,1,2.2,5,1,0.13,2147,0.583,4,1db091e102cf3626,0.828,5,2147,0.8,94.0,0.63,221.8,1,Active,9,43,65,0.0,1
0.418,10.2,1.26,4,72.7,4,0,0.78,1258,0.381,2,c2434bc374e37eaa,0.556,4,1277,1.1,47.0,4.91,163.7,1,Active,7,44,122,0.429,4
0.607,19.5,0.4,2,1.1,5,1,0.43,981,1.0,5,0193285c72112a7f,0.588,4,984,1.2,0.0,1.21,163.6,1,Active,6,17,28,0.0,1
0.469,15.5,0.17,1,7.5,5,1,4.31,1069,0.0,1,508325e3f76d0cd1,0.526,3,1140,0.2,-15.0,17.73,137.8,2,Active,9,37,81,0.333,3
0.332,34.4,0.07,1,741.0,3,1,1.7,1433,0.271,1,a2da59b9879901c3,0.34,1,1608,3.3,6.6,16.21,77.0,5,Stopped,53,505,1536,0.509,4
0.438,70.8,1.72,4,8769.4,1,0,1.13,2278,0.351,2,955bd77f8aa9ae92,0.481,3,2388,2.0,28.5,8.59,97.0,4,Active,78,591,1414,0.269,3
0.368,26.5,2.37,5,400.1,3,0,4.99,1249,0.328,2,1a3bb58b4b75674c,0.399,1,1676,9.0,7.4,17.61,91.5,5,Stopped,87,307,866,0.345,3
0.383,107.4,0.0,1,5100.3,1,1,0.6,1953,0.307,2,08dd222b6a1b987a,0.424,2,1953,1.1,14.0,10.13,181.4,1,Active,63,1064,2915,0.952,5
0.49,14.3,1.34,4,107.6,3,0,1.73,1987,0.52,4,cbfe83321515057d,0.548,4,2055,5.0,78.3,7.58,175.7,1,Stopped,16,70,143,0.312,3
0.294,23.2,0.58,2,5.5,5,0,2.86,567,0.0,1,842b58671565d1be,0.419,2,841,14.9,0.3,2.6,101.1,4,Stopped,22,20,68,0.0,1
0.585,28.0,1.63,4,2089.0,2,0,2.18,1080,0.588,4,12ce7669baf966dc,0.557,4,1213,0.0,2.7,23.12,80.4,5,Active,55,583,1101,0.836,5
0.468,51.1,0.05,1,412.9,3,1,0.77,1093,0.236,1,d98e0a2901404d90,0.449,2,1175,0.6,-4.6,3.18,91.9,5,Active,39,160,365,0.538,4
0.483,20.0,0.56,2,4498.3,1,0,3.3,1107,0.354,2,ec96a09f81035c49,0.471,2,1184,0.6,0.2,17.23,69.2,5,Active,62,324,719,0.661,4
0.548,7.8,0.76,3,768.3,3,0,1.17,1163,0.343,2,f7853b79caee8e83,0.632,4,1163,1.0,0.0,18.83,130.2,2,Active,8,129,250,1.125,5
0.363,12.9,0.22,1,8.9,4,1,2.29,815,0.0,1,f6eab202aab78730,0.421,2,893,1.0,-17.7,14.66,126.6,3,Active,10,64,179,0.0,1
0.609,20.5,4.39,5,36.3,4,0,0.3,813,0.792,5,89a9200b7a51bfc3,0.547,4,814,0.0,0.0,5.06,121.8,3,Active,5,84,151,0.2,3
0.451,7.9,0.82,3,14.1,4,0,1.3,1441,0.357,2,efb965f7183e349c,0.487,3,1441,0.9,194.0,4.62,157.0,1,Active,9,32,71,0.444,4
0.443,33.0,0.68,3,856.1,3,0,0.79,1148,0.25,1,7a7651b16e41f419,0.64,5,1217,12.6,69.2,2.14,124.2,3,Stopped,13,35,79,0.0,1
0.448,39.7,0.3,2,2326.7,2,1,0.26,1611,0.431,3,4475e3d11e3ff2a1,0.518,3,1615,0.1,0.0,8.63,153.0,1,Active,8,266,660,0.625,4
0.49,41.8,0.05,1,10.5,4,1,0.56,1566,0.405,3,27194d87f84c09ce,0.448,2,1566,0.4,50.9,2.44,134.5,2,Active,23,101,208,0.217,3
0.544,45.5,0.67,3,1813.3,2,0,1.32,1207,0.468,3,e3f2a5f6f27b8065,0.557,4,1253,0.5,26.8,14.0,88.9,5,Active,56,594,1187,0.946,5
0.408,22.2,8.8,5,4.7,5,0,1.07,1133,1.0,5,d86e47f089773290,0.625,4,1133,0.2,0.0,3.57,121.1,3,Active,6,20,49,0.0,1
0.487,10.3,0.93,3,12.2,4,0,1.7,1179,0.45,3,d5bc7ee860ac0869,0.494,3,1183,0.8,36.0,7.76,121.5,3,Active,16,73,156,0.062,2
0.29,22.4,0.01,1,948.2,2,1,0.54,1204,0.256,1,9d562824ea50a849,0.32,1,1204,0.1,41.0,8.11,128.5,2,Active,12,181,639,0.083,2
0.417,5.4,0.38,2,80.1,4,1,0.99,859,0.5,3,31c6eb3e73211d07,0.444,2,859,0.4,0.0,2.98,126.8,3,Active,5,15,36,0.2,3
0.647,66.2,3.56,5,1891.2,2,0,2.01,1023,0.429,3,206043fc414791a8,0.634,4,1078,31.6,7.9,10.03,112.2,4,Stopped,24,120,187,0.458,4
0.633,39.4,3.98,5,29534.5,1,0,0.64,1917,0.655,5,11056932b4724e5a,0.68,5,1917,0.4,9.2,19.95,99.5,4,Active,25,777,1284,0.84,5
0.494,47.2,7.59,5,267.0,3,0,0.47,1142,0.382,2,e91c7d9095441527,0.511,3,1327,0.5,-2.3,2.57,101.5,4,Active,22,120,249,0.364,3
0.545,22.7,1.08,4,2305.2,2,0,0.42,1194,0.417,3,2cc0bb159f3b8509,0.519,3,1194,3.9,0.0,9.36,109.8,4,Stopped,6,134,246,0.0,1
0.368,8.0,0.58,2,8.0,4,0,3.09,1021,0.143,1,a5535aa579970e4c,0.433,2,1118,1.8,12.1,4.29,137.4,2,Active,18,25,68,0.0,1
0.783,9.8,0.2,1,159.4,3,1,0.65,867,0.783,5,de903d68db70b1f9,0.737,5,867,0.4,0.0,5.97,107.0,4,Active,5,46,60,0.0,1
0.441,40.0,0.21,1,954.9,2,1,0.29,896,0.533,4,71e192933f4ae16a,0.405,2,1068,0.4,-67.5,3.88,128.1,2,Active,11,149,354,0.364,3
0.7,9.5,0.25,1,1.6,5,1,1.64,935,0.7,5,4d63c92715edc557,0.8,5,1039,0.2,-46.5,2.87,149.8,1,Active,8,14,20,0.0,1
0.485,11.0,0.55,2,25.4,4,0,1.7,1131,0.286,1,dbaa5fd33cc7884c,0.513,3,1379,0.5,-17.3,4.64,156.1,1,Active,18,49,101,0.278,3
0.6,24.6,1.09,4,3956.0,1,0,0.75,1435,0.373,2,65663bab86cd2c9c,0.623,4,1446,0.1,77.0,7.72,110.7,4,Active,18,186,375,1.056,5
0.41,32.5,2.73,5,283.6,3,0,0.8,1721,0.365,2,6eb5e29caf718232,0.455,2,1799,1.1,35.9,8.92,115.5,3,Active,25,279,727,0.52,4
0.421,14.7,0.56,2,1489.2,2,0,1.03,1879,0.432,3,13270965f5a37ac8,0.561,4,1879,2.0,68.5,6.33,160.2,1,Active,13,80,190,0.308,3
0.5,13.0,0.12,1,1265.4,2,1,1.77,1907,0.45,3,75e91ff017d833bb,0.538,3,1907,7.9,158.0,12.16,204.6,1,Stopped,9,62,126,0.0,1
0.418,41.1,2.28,5,49.4,4,0,0.71,954,0.378,2,cb6f7e6dbd142bfc,0.42,2,1086,4.4,-9.2,2.93,143.8,1,Stopped,18,74,213,1.056,5
0.406,23.1,0.69,3,1694.8,2,0,3.42,1023,0.429,3,41d665b5736a1478,0.406,2,1390,0.0,5.8,22.88,75.7,5,Active,79,528,1377,0.646,4
0.514,53.2,0.65,3,65.3,4,0,0.27,2096,0.45,3,f92cf41fa9a1a164,0.557,4,2096,0.6,62.0,5.75,181.5,1,Active,14,301,624,0.643,4
0.577,31.4,0.91,3,7.8,5,0,1.14,1579,0.363,2,3265fd9c16b566ff,0.603,4,1959,5.0,6.8,6.78,164.1,1,Stopped,30,179,359,0.1,2
0.467,41.1,0.14,1,9115.8,1,1,0.69,1320,0.429,3,b3f6a7c1041bd192,0.479,3,1320,0.1,26.9,6.77,108.1,4,Active,27,266,574,0.185,3
0.542,21.2,0.88,3,319.3,3,0,2.04,1691,0.472,3,17eb6ebd9191a43a,0.61,4,1833,0.1,8.7,12.82,94.5,5,Active,43,270,528,1.419,5
0.466,60.7,0.29,2,6747.6,1,1,2.37,1621,0.426,3,ec7545089e14eda7,0.472,2,1647,6.7,19.3,27.23,66.0,5,Stopped,122,1401,3203,1.32,5
0.469,17.4,0.24,1,8354.8,1,1,0.41,1001,0.667,5,3b6c94354526c896,0.416,2,1004,0.1,0.0,11.02,118.8,3,Active,7,190,418,0.143,3
0.53,70.7,0.68,3,77.5,4,0,1.55,1201,0.378,2,594e55e784b863c3,0.586,4,1467,28.0,27.2,5.07,83.5,5,Stopped,58,190,366,0.448,4
0.691,11.2,2.71,5,22.1,4,0,1.29,1023,0.611,4,bf157acb981b4965,0.696,5,1105,0.4,13.3,24.32,134.5,2,Active,14,263,401,0.857,5
0.336,24.7,6.44,5,345.1,3,0,0.24,1325,0.273,1,aae57ef5dde34546,0.372,1,1325,1.9,0.0,1.7,119.0,3,Active,5,35,119,0.0,1
0.498,40.2,0.73,3,14952.6,1,0,1.35,846,0.371,2,48b3124f1c08d8e3,0.484,3,984,0.1,-8.7,8.57,87.3,5,Active,54,344,721,0.204,3
0.473,59.3,583.0,5,10.9,4,0,0.47,2027,0.393,2,36f60d3f46a60c3b,0.494,3,2172,29.8,24.0,8.38,179.6,1,Stopped,14,247,584,0.643,4
0.331,4.9,0.14,1,46.7,4,1,1.75,995,0.071,1,f8e3ffc870c20c4c,0.309,1,1064,0.4,0.0,11.62,134.8,2,Active,8,53,160,0.0,1
0.477,19.7,0.86,3,2472.4,2,0,0.76,1009,0.462,3,697d8c52782cbfdc,0.482,3,1107,0.0,17.0,15.02,132.5,2,Active,13,258,616,0.154,3
0.633,20.8,0.3,2,76.5,4,1,1.33,1016,1.0,5,77333eed40bfb449,0.615,4,1016,0.5,35.0,8.44,131.4,2,Active,6,38,60,0.333,3
0.411,28.7,1.44,4,1936.9,2,0,4.04,1456,0.324,2,0d87aaa5642612b3,0.448,2,1456,13.0,11.9,21.87,82.3,5,Stopped,62,336,819,0.758,4
0.251,27.9,0.77,3,45.4,4,0,0.68,1344,0.15,1,709d427e19c90ddd,0.202,1,1421,0.1,16.7,1.65,126.7,3,Active,19,46,191,0.158,3
0.44,79.1,0.05,1,518.1,3,1,0.3,2060,0.444,3,7bfd46955119fe66,0.398,1,2189,0.4,31.8,5.71,304.6,1,Active,24,449,1401,1.458,5
0.387,69.6,0.1,1,2201.5,2,1,1.78,1176,0.344,2,30ea2a9fd7a47bb7,0.382,1,1375,29.3,2.2,13.46,86.0,5,Stopped,70,530,1642,2.586,5
0.486,68.4,756.0,5,721.7,3,0,0.61,1423,0.433,3,028baecfe7c05e77,0.506,3,1594,0.0,18.7,4.63,108.1,4,Active,42,317,757,2.238,5
0.415,21.9,1.05,4,92.5,4,0,2.37,1008,0.273,1,3daa4ddadf923d66,0.472,2,1144,0.4,1.9,5.58,82.2,5,Active,51,120,289,0.196,3
0.449,73.4,0.15,1,65.9,4,1,1.46,1367,0.379,2,f09d816d2e01479b,0.454,2,1577,10.4,-3.4,7.55,87.2,5,Stopped,92,476,1117,0.533,4
0.503,20.3,6.21,5,7143.5,1,0,0.42,1039,0.503,4,ada6343886bc5107,0.615,4,1039,1.0,26.0,4.57,112.6,4,Active,8,86,173,0.125,2
0.414,21.7,0.99,3,6140.4,1,0,2.54,1204,0.366,2,bc843a5aa0cc6fa7,0.425,2,1395,0.0,1.0,35.51,77.2,5,Active,55,769,2069,1.273,5
0.343,37.8,0.19,1,471.2,3,1,0.85,938,0.373,2,709662ec316c7a44,0.325,1,976,3.9,-16.1,5.62,107.0,4,Stopped,26,171,629,2.192,5
0.301,10.5,13.78,5,119.8,3,0,1.19,1348,0.301,2,f838b255369e7c30,0.355,1,1363,1.0,47.0,4.64,120.1,3,Active,10,39,133,0.0,1
0.374,32.2,1.39,4,18908.4,1,0,1.54,1622,0.303,2,de10f39bce5a5d37,0.393,1,1622,4.9,14.0,15.28,103.8,4,Stopped,42,417,1133,0.405,4
0.478,57.2,0.29,2,9102.9,1,1,0.24,1159,0.507,4,00c1938f1ad3dd6c,0.415,2,1159,15.7,47.0,7.45,111.7,4,Stopped,10,309,736,0.8,5
0.673,20.2,9.12,5,10.3,4,0,0.3,1153,0.667,5,c14deaffdef386b0,0.675,5,1155,0.1,0.0,8.81,124.4,3,Active,6,176,263,0.0,1
0.664,22.7,0.57,2,26.6,4,0,0.24,992,0.667,5,66afb7b373ec609d,0.688,5,992,0.5,0.0,3.12,115.2,3,Active,5,66,107,0.0,1
0.314,44.3,0.05,1,6.7,5,1,0.92,1466,0.229,1,fbee916c017bd815,0.304,1,1673,0.8,38.0,2.87,155.4,1,Active,19,59,191,0.0,1
0.539,55.6,0.27,1,1659.6,2,1,1.7,1669,0.533,4,46271801677cb920,0.516,3,1703,0.7,12.5,21.68,83.6,5,Active,88,1121,2199,1.432,5
0.53,13.0,3.35,5,304.8,3,0,1.47,853,0.3,2,697ee5ee6a3e3da4,0.545,4,867,0.1,-2.7,9.04,99.6,4,Active,19,117,296,1.105,5
0.437,33.6,0.94,3,329.8,3,0,0.75,2173,0.33,2,7544ff45a28070e4,0.503,3,2173,0.5,11.4,15.16,157.7,1,Active,25,502,1405,0.52,4
0.42,27.8,0.56,2,4229.7,1,0,0.43,981,0.444,3,f45448f63b2b5030,0.339,1,981,0.2,20.4,4.06,130.2,2,Active,12,112,288,0.167,3
0.416,76.1,0.17,1,8037.8,1,1,0.68,1449,0.461,3,1c02aecf257331c2,0.369,1,1463,1.5,4.0,6.77,101.5,4,Active,49,489,1268,0.735,4
0.261,107.4,0.39,2,43.9,4,1,0.11,1319,0.128,1,1755d58ed9ba245c,0.314,1,1411,0.9,8.0,0.52,414.0,1,Active,11,51,203,0.545,4
0.484,33.3,0.48,2,1.6,5,1,0.39,995,0.0,1,64fbf39b58106c7c,0.455,2,995,2.7,17.0,0.66,145.7,1,Active,9,15,31,0.0,1
0.601,30.2,0.54,2,163.8,3,0,0.67,1777,0.556,4,72ef887fc5001a16,0.647,5,2048,0.4,8.1,3.1,207.3,1,Active,18,83,143,0.556,4
0.566,69.7,2.05,4,782.6,3,0,0.73,1769,0.48,3,6c0d3bc3eed144a6,0.697,5,1842,0.1,36.8,20.27,117.6,3,Active,33,921,1636,0.242,3
0.555,10.0,0.62,2,6974.9,1,0,1.49,737,0.4,3,fb40012b8f39e442,0.57,4,941,0.1,-3.6,20.54,137.9,2,Active,13,179,328,0.0,1
0.668,21.2,5.11,5,2181.1,2,0,0.97,1461,0.625,5,c5fc6f828410f62d,0.667,5,1461,0.2,35.8,7.12,104.4,4,Active,20,147,220,0.1,2
0.619,42.3,0.53,2,384.5,3,0,0.22,1067,0.538,4,4a3a989efc26400b,0.727,5,1067,0.9,0.0,3.33,126.5,3,Active,6,89,147,1.0,5
0.405,35.0,3.78,5,127.0,3,0,1.32,1427,0.337,2,840459e031bbf0e6,0.447,2,1578,19.1,21.2,12.8,143.7,1,Stopped,18,175,526,1.056,5
0.306,43.0,0.1,1,869.6,2,1,4.71,937,0.211,1,5442732c9b02d125,0.289,1,1289,23.9,4.3,15.19,71.9,5,Stopped,89,287,940,0.18,3
0.302,35.1,4.73,5,4787.5,1,0,0.37,794,0.0,1,275626d86b0f86b0,0.296,1,963,11.0,-52.7,2.91,145.0,1,Stopped,9,70,235,0.222,3
0.5,6.5,0.43,2,152.2,3,1,1.16,1207,0.615,5,79574b8ab5f6a500,0.473,2,1207,0.5,0.0,30.07,134.3,2,Active,7,181,364,0.429,4
0.447,64.5,0.85,3,80.7,4,0,1.07,1532,0.362,2,e33f1f7a19602e86,0.464,2,1719,7.7,5.6,4.06,104.8,4,Stopped,61,231,532,0.131,2
0.549,7.7,1.28,4,2871.4,2,0,0.67,928,0.549,4,a3d7652d8a025ea2,0.587,4,928,0.0,0.0,11.05,122.3,3,Active,5,82,153,0.2,3
0.494,50.8,0.36,2,1063.3,2,1,3.86,1537,0.418,3,8c9ebaddd6f8825c,0.481,3,1649,26.0,3.0,45.83,97.8,4,Stopped,96,1140,2488,0.542,4
0.481,26.4,0.4,2,53.0,4,1,0.19,999,0.444,3,8d3f29ad1f7643c4,0.557,4,999,0.4,0.0,3.64,116.5,3,Active,5,95,212,1.4,5
0.529,47.8,11.39,5,12669.3,1,0,0.76,1595,0.41,3,d239c2bc029712ea,0.55,4,1712,0.2,-6.4,4.84,90.3,5,Active,36,230,446,0.389,3
0.451,26.6,1.59,4,1663.5,2,0,0.3,1687,0.431,3,6d60d86befe9ff36,0.5,3,1687,0.2,0.0,10.44,152.1,1,Active,8,276,785,0.625,4
0.641,29.7,1.71,4,25.2,4,0,0.65,1100,0.667,5,6de4ac4041cc2b17,0.592,4,1100,5.5,55.0,5.49,132.6,2,Stopped,7,59,92,0.286,3
0.407,16.1,0.84,3,1574.5,2,0,3.9,981,0.227,1,60002664df51d8dd,0.421,2,1067,0.4,-6.3,8.67,88.3,5,Active,45,100,263,0.422,4
0.464,9.1,2.9,5,1453.8,2,0,1.89,1157,0.396,3,d3a52d8cbad113aa,0.47,2,1272,0.1,32.8,29.02,125.0,3,Active,17,261,573,0.647,4
0.38,46.2,0.03,1,11239.6,1,1,0.12,770,0.0,1,227056ad84d1cd4c,0.265,1,770,1.1,0.0,1.06,125.6,3,Active,5,45,121,0.2,3
0.426,8.6,1.37,4,952.5,2,0,1.37,648,0.2,1,882dde7cf0b2d535,0.42,2,853,1.0,-39.0,12.77,137.6,2,Active,10,93,230,0.0,1
0.437,89.3,1.44,4,1741.7,2,0,0.85,1582,0.362,2,26fbe3beea083485,0.558,4,1697,0.3,19.7,7.24,103.7,4,Active,40,341,812,0.6,4
0.49,36.3,2.43,5,2402.2,2,0,1.25,1469,0.443,3,ae4bd4e890659f8a,0.482,3,1537,1.0,7.2,23.03,94.6,5,Active,44,813,1676,0.591,4
0.209,11.9,0.26,1,76.8,4,1,1.15,859,0.0,1,407a756a8eb3e022,0.238,1,936,1.8,-20.7,2.01,152.8,1,Active,8,14,67,0.0,1
0.583,18.2,15.0,5,9.2,4,0,0.48,1369,1.0,5,11d62094424f9bee,0.545,4,1369,2.8,0.0,2.25,139.5,2,Active,6,28,48,0.0,1
0.342,162.1,0.56,2,6175.6,1,0,0.39,1602,0.299,2,9b74df2c83234c6c,0.343,1,1739,34.0,11.8,3.59,203.1,1,Stopped,50,460,1499,0.76,4
0.378,42.7,0.08,1,3389.3,2,1,0.87,1671,0.33,2,63be9d172fbda89a,0.39,1,1793,3.6,8.8,6.9,122.5,3,Stopped,34,270,722,0.765,4
0.559,11.4,2.78,5,261.0,3,0,1.01,1228,0.111,1,45c2bd3d0ac4fef8,0.524,3,1228,0.5,80.7,3.49,136.2,2,Active,11,38,68,0.182,3
0.605,41.0,2.74,5,46.9,4,0,0.57,1101,0.1,1,dce3662b0ca09500,0.618,4,1110,25.5,0.0,7.97,121.1,3,Stopped,7,97,172,0.0,1
0.448,6.4,1.12,4,427.6,3,0,1.8,1152,0.5,3,fa6db71c41c03ef3,0.524,3,1152,0.0,0.0,14.06,139.3,2,Active,5,39,87,0.2,3
0.462,39.5,0.25,1,827.7,3,1,2.01,2020,0.436,3,2ffcf53828c3949f,0.474,2,2020,2.5,23.4,19.97,91.2,5,Active,74,735,1822,0.973,5
0.397,30.3,0.03,1,12.0,4,1,0.41,954,0.333,2,e08aaf26994e231e,0.387,1,1085,8.3,27.0,1.14,145.0,1,Stopped,9,25,63,0.444,4
0.625,81.4,0.06,1,54.3,4,1,0.16,1408,0.571,4,0707c923a0aea792,0.727,5,1408,0.2,0.0,0.94,145.3,1,Active,6,35,56,0.667,4
0.394,16.9,0.73,3,93.8,4,0,1.78,1120,0.429,3,f76c95afd110d318,0.444,2,1153,0.3,5.8,7.79,91.7,5,Active,26,114,292,0.115,2
0.366,68.6,0.76,3,2453.2,2,0,2.06,1632,0.269,1,64ce69ad15a8157a,0.412,2,1823,1.5,16.3,9.36,89.7,5,Active,138,628,1778,0.239,3
0.354,53.3,3.3,5,22800.4,1,0,0.11,1601,0.252,1,52fba2f062dea20f,0.597,4,1601,0.1,0.0,1.96,103.7,4,Active,6,104,297,0.333,3
0.481,16.6,0.66,3,874.5,2,0,0.72,1012,0.209,1,5117d246f4de6fba,0.437,2,1036,2.7,66.0,16.11,165.0,1,Active,10,225,491,0.0,1
0.43,8.0,0.69,3,295.5,3,0,1.77,985,0.235,1,5fff539e06fc3e32,0.473,2,1024,0.0,-11.0,10.0,133.3,2,Active,14,79,186,0.071,2
0.342,155.1,0.12,1,6517.3,1,1,0.64,1310,0.306,2,f9683d3f15785b70,0.328,1,1663,82.9,4.5,3.42,227.9,1,Stopped,46,247,787,1.022,5
0.391,25.9,1.39,4,12461.4,1,0,0.74,1454,0.454,3,40ab3ebbc7d76706,0.427,2,1489,0.1,53.7,23.11,128.2,2,Active,19,594,1602,0.947,5
0.397,12.2,1.52,4,2.1,5,0,2.77,951,0.397,3,822b0006ac54df5b,0.467,2,1056,7.9,13.3,6.38,145.6,1,Stopped,10,23,58,0.0,1
0.48,29.9,0.31,2,12.1,4,1,0.64,1992,0.398,3,cad7f6dc8d360f78,0.57,4,1992,10.3,97.0,4.87,120.8,3,Stopped,12,92,196,0.083,2
0.235,57.5,0.03,1,8118.5,1,1,0.34,662,0.341,2,dc32c57cdbb786f0,0.244,1,1050,0.9,-29.2,0.98,132.2,2,Active,19,55,260,0.158,3
0.486,11.4,1.1,4,6660.6,1,0,1.2,673,0.176,1,e45532cd7e97ddf8,0.532,3,905,0.2,-11.5,8.0,125.3,3,Active,13,87,181,0.077,2
0.559,19.0,0.08,1,1557.2,2,1,2.09,1394,0.575,4,37a96b0f074018cf,0.549,4,1394,0.4,18.4,23.44,79.2,5,Active,36,404,740,0.528,4
0.379,17.4,2.49,5,63.2,4,0,1.14,1337,0.5,3,16a679eccd45b3f8,0.528,3,1462,0.1,0.0,13.57,171.3,1,Active,7,83,272,1.0,5
0.54,49.0,0.13,1,6356.9,1,1,0.37,998,0.475,3,c063aab960944f2b,0.543,4,1119,2.7,15.2,7.81,117.9,3,Active,17,362,730,0.412,4
0.588,12.3,0.01,1,553.6,3,1,2.81,1413,0.569,4,f0939881ba2407a6,0.641,5,1413,3.0,18.9,27.32,111.9,4,Stopped,26,253,439,0.346,3
0.184,31.2,1.38,4,0.6,5,0,0.63,842,0.143,1,b499b16b8197ea07,0.15,1,890,13.2,0.0,0.74,139.2,2,Stopped,6,7,38,0.0,1
0.695,25.6,25.2,5,1.1,5,0,0.35,1241,0.667,5,454e6cab89c942da,0.653,5,1255,0.0,0.0,3.98,115.4,3,Active,8,90,131,0.125,2
0.519,11.3,0.29,2,13.6,4,1,0.54,999,0.519,4,dc2e7852e752a880,0.6,4,999,0.4,0.0,1.51,123.8,3,Active,5,14,27,0.0,1
0.356,132.9,0.08,1,411.5,3,1,0.8,2177,0.29,1,ba0236b21356a977,0.386,1,2279,0.6,21.9,4.42,178.9,1,Active,80,440,1277,0.613,4
0.444,26.0,1.74,4,142.0,3,0,1.23,1819,0.37,2,070c5a892de6fd5f,0.425,2,1949,2.9,39.6,9.28,143.6,1,Active,28,212,491,0.286,3
0.635,5.7,0.49,2,311.5,3,1,1.88,875,0.635,5,0a8cf29df8b48ccf,0.576,4,875,0.2,0.0,10.02,135.4,2,Active,6,32,52,0.333,3
0.501,8.4,1.06,4,1475.0,2,0,1.9,1546,0.561,4,a9961b787b3ec309,0.489,3,1546,0.0,49.7,71.38,113.8,3,Active,15,564,1161,0.2,3
0.543,33.8,0.52,2,269.8,3,0,0.91,1509,0.514,4,4b65d262c499b93b,0.561,4,1509,9.7,16.4,12.6,119.9,3,Stopped,22,304,598,2.136,5
0.686,10.0,17.5,5,950.5,2,0,1.15,930,0.686,5,7e61eb5c120efca0,0.659,5,930,1.1,0.0,20.28,112.9,4,Active,7,123,185,0.143,3
0.405,24.4,1.27,4,2142.4,2,0,4.47,1378,0.304,2,462efdc4cba74099,0.422,2,1670,0.0,0.3,31.18,72.4,5,Active,105,733,2122,2.171,5
0.512,21.8,13.39,5,973.5,2,0,1.33,1249,0.533,4,fa52d57ca384f69a,0.498,3,1328,2.0,7.0,16.89,100.2,4,Active,26,331,662,0.731,4
0.548,46.9,1.25,4,3.8,5,0,1.21,1696,0.36,2,54034fa81d530819,0.614,4,1783,1.0,18.0,5.87,146.0,1,Active,13,63,115,0.0,1
0.401,3.3,0.5,2,77.2,4,0,2.93,1040,0.429,3,aac76359e2b62a5e,0.442,2,1040,0.3,16.0,48.72,138.0,2,Active,8,133,342,0.0,1
0.365,35.3,0.29,2,13339.2,1,1,0.34,875,0.094,1,12801ffabe73d4f6,0.344,1,946,6.1,-2.0,2.57,123.9,3,Stopped,9,67,200,0.0,1
0.537,35.7,1.54,4,4631.2,1,0,0.91,1765,0.5,3,b4e0dfbd07e045b2,0.583,4,1891,0.5,31.3,5.69,103.3,4,Active,32,200,378,0.312,3
0.555,31.1,0.46,2,1017.4,2,1,0.92,1250,0.324,2,1dea942b7372d059,0.578,4,1261,5.0,12.3,7.28,96.7,4,Stopped,24,190,344,0.292,3
0.545,6.9,1.16,4,942.6,2,0,3.82,1179,0.615,5,66e87475c20198ea,0.538,3,1179,0.1,28.0,47.85,86.4,5,Active,26,326,604,0.346,3
0.516,53.7,4.17,5,6.7,5,0,0.17,1274,0.321,2,7ed536f5165ffeee,0.5,3,1274,0.0,41.7,2.12,164.9,1,Active,9,112,217,0.0,1
0.775,13.9,5.09,5,27.9,4,0,1.83,1218,0.5,3,1afbb233bdd1f81b,0.757,5,1297,0.1,10.0,32.43,132.1,2,Active,11,195,280,0.364,3
0.476,50.4,1.92,4,108.1,3,0,0.44,1247,0.429,3,66d49d6fb57088fe,0.54,3,1247,0.4,1.7,1.36,114.4,3,Active,22,68,143,0.455,4
0.542,77.3,0.49,2,143.1,3,1,0.71,1363,0.435,3,60be7b1bf9f958ef,0.54,3,1576,13.6,3.7,2.77,235.3,1,Stopped,45,176,332,0.711,4
0.435,22.3,0.07,1,11.9,4,1,0.66,752,0.435,3,41d323e25083821a,0.432,2,834,0.4,-15.3,2.33,120.1,3,Active,13,46,108,0.0,1
0.43,34.2,0.23,1,1762.6,2,1,1.27,1472,0.368,2,dc0d5c04eaa07c7e,0.47,2,1472,0.2,34.6,15.63,87.3,5,Active,43,531,1249,0.93,5
0.534,15.9,8.67,5,2.8,5,0,1.46,1000,0.0,1,1f04d384ea56e797,0.378,1,1000,2.5,0.0,17.79,119.5,3,Active,5,61,116,0.0,1
0.388,50.9,1.17,4,7168.5,1,0,1.7,1696,0.297,2,fc4182a9ad947946,0.412,2,1748,0.8,11.5,9.81,99.6,4,Active,85,491,1319,0.341,3
0.618,20.5,0.24,1,31.6,4,1,0.33,890,1.0,5,0ae5c956b952292f,0.452,2,949,1.8,0.0,2.88,133.5,2,Active,6,52,89,0.0,1
0.508,29.9,0.17,1,1950.9,2,1,1.1,1299,0.6,4,4665aaa43b833076,0.513,3,1299,7.3,23.7,9.17,93.3,5,Stopped,24,200,398,0.125,2
0.432,18.6,0.77,3,1316.0,2,0,1.92,680,0.474,3,240c7b8ad98eb866,0.46,2,1106,1.0,-44.3,22.41,133.5,2,Active,15,175,449,0.4,4
0.582,19.2,0.48,2,2951.9,2,1,0.63,1299,0.709,5,40455f416f10219f,0.549,4,1299,0.7,28.0,33.61,119.1,3,Active,11,585,1153,0.364,3
0.583,20.9,4.65,5,6.6,5,0,0.63,1081,1.0,5,f8b72a00f1546aa0,0.49,3,1090,5.9,6.0,3.93,137.9,2,Stopped,9,56,96,0.0,1
0.416,43.1,1.46,4,13117.8,1,0,4.14,1124,0.355,2,8faee93542ff4038,0.42,2,1339,0.0,8.0,36.75,60.4,5,Active,166,1474,3872,1.193,5
0.536,91.5,3.19,5,3630.4,1,0,0.13,1937,0.552,4,5d7996aa78217b17,0.686,5,1941,20.8,-15.0,4.56,464.6,1,Stopped,9,321,771,4.667,5
0.378,15.5,0.49,2,53.2,4,1,1.76,1645,0.318,2,b7b84833c0076cff,0.427,2,1784,4.3,2.6,17.0,150.8,1,Stopped,19,183,503,0.158,3
0.662,8.1,2.58,5,3107.4,2,0,0.88,1000,0.625,5,8bda88d7a4ac1ad6,0.627,4,1000,0.0,0.0,33.71,116.8,3,Active,5,191,290,0.4,4
0.353,39.0,0.48,2,362.3,3,1,1.51,1096,0.157,1,abdfbdc4540ceb82,0.282,1,1179,2.4,5.0,5.98,121.7,3,Active,21,83,238,0.619,4
0.511,15.0,0.1,1,959.1,2,1,1.56,1213,0.444,3,d910ef5419da9281,0.515,3,1249,0.1,54.0,30.39,114.3,3,Active,20,390,789,0.25,3
0.48,7.0,24.0,5,562.6,3,0,0.75,909,0.48,3,fced2b839152bfb0,0.429,2,909,0.4,0.0,1.8,138.3,2,Active,5,12,25,0.4,4
0.571,88.7,0.17,1,48.0,4,1,0.15,1520,0.5,3,5d2f7375914bd753,0.587,4,1520,0.2,49.2,0.67,373.7,1,Active,13,59,105,0.615,4
0.453,8.4,0.05,1,3351.1,2,1,0.75,728,0.5,3,3284611ca9fd9276,0.429,2,780,0.4,-49.0,19.67,142.1,2,Active,6,158,439,0.5,4
0.299,11.7,4.71,5,1074.8,2,0,2.03,1013,0.319,2,6602bc66f3ba0b42,0.308,1,1013,0.0,31.5,20.15,122.7,3,Active,11,109,445,2.545,5
0.68,47.4,1.13,4,3.6,5,0,0.35,1492,0.473,3,a19ecfbc7cc33ae0,0.652,5,1577,0.0,15.0,30.55,148.9,1,Active,15,1301,2013,0.133,2
0.431,16.3,4.8,5,45.3,4,0,0.51,1505,0.5,3,4ed153ba798ee458,0.867,5,1530,0.4,0.0,1.83,171.1,1,Active,7,25,58,0.143,3
0.631,9.7,1.55,4,1377.6,2,0,2.88,1575,0.719,5,fc865e2c9635c867,0.657,5,1575,0.1,-4.6,47.12,100.5,4,Active,27,441,702,0.296,3
0.38,8.5,0.24,1,1448.4,2,1,1.18,960,0.385,2,af31104f4c5972d9,0.428,2,1012,0.8,11.0,23.16,131.5,2,Active,9,176,503,0.333,3
0.369,55.8,0.26,1,8954.7,1,1,0.13,1096,0.385,2,bf556e9455fdf8d8,0.365,1,1096,0.2,0.0,10.88,126.6,3,Active,7,593,1972,0.286,3
0.498,102.1,3.95,5,270.6,3,0,0.14,1933,0.498,3,7b92912e8c659187,0.477,2,1933,0.8,-3.5,3.38,172.7,1,Active,13,319,654,0.615,4
0.718,9.0,1.15,4,5.4,5,0,1.51,1523,0.611,4,7f55855064c3bcc1,0.75,5,1529,0.2,35.0,5.93,169.4,1,Active,13,51,71,0.077,2
0.52,62.5,0.92,3,20.2,4,0,1.34,2160,0.485,3,b3b4e73ce177c86d,0.595,4,2160,54.3,9.0,6.22,230.9,1,Stopped,11,51,98,0.182,3
0.322,13.8,0.13,1,8810.9,1,1,0.67,1002,0.194,1,7e5e1ab9d013ce29,0.348,1,1002,0.5,147.0,10.19,120.0,3,Active,9,136,432,1.333,5
0.398,83.2,32.0,5,19.7,4,0,0.7,1671,0.267,1,9c48538fbf86839e,0.434,2,1907,0.2,11.2,3.41,197.8,1,Active,58,283,726,0.138,3
0.617,36.4,0.27,1,3.3,5,1,0.98,2141,0.625,5,f2c0ba48ab8a65f8,0.608,4,2141,21.1,-23.5,5.47,217.6,1,Stopped,14,78,128,0.071,2
0.467,87.6,0.67,3,68902.3,1,0,0.37,911,0.321,2,970d1e5feeaca00b,0.409,2,1364,2.3,-24.4,2.24,255.2,1,Active,31,189,456,0.677,4
0.414,80.3,0.03,1,117.3,3,1,0.45,1382,0.415,3,2b64d05330058afd,0.413,2,1494,7.8,15.9,2.6,251.5,1,Stopped,31,179,447,0.226,3
0.26,100.5,0.04,1,50.9,4,1,0.18,1224,0.213,1,6cd9982dc674abd4,0.228,1,1484,0.1,-26.0,1.48,349.7,1,Active,18,149,623,0.167,3
0.431,57.6,3.75,5,12.1,4,0,0.61,1712,0.324,2,a98e3bc8620f0d69,0.358,1,1778,0.1,43.2,3.66,112.0,4,Active,35,209,485,0.086,2
0.42,17.9,42.8,5,2511.6,2,0,0.43,1047,0.2,1,eb77cfdde13e47a7,0.391,1,1047,3.9,0.0,6.58,142.8,2,Stopped,6,92,219,0.167,3
0.457,61.7,0.8,3,105.7,3,0,2.02,909,0.293,2,ed0f35d82c748a94,0.434,2,1071,8.4,1.6,5.23,88.0,5,Stopped,107,277,628,0.439,4
0.544,16.4,2.77,5,14665.6,1,0,2.64,1680,0.545,4,77d44441e3fc5189,0.551,4,1680,0.9,11.4,20.56,90.3,5,Active,40,311,585,0.625,4
0.599,14.3,0.54,2,1442.6,2,0,5.41,1271,0.589,4,00b963bac46e2582,0.612,4,1474,0.0,0.3,80.21,81.4,5,Active,77,1141,2007,1.247,5
0.683,21.2,120.5,5,3144.5,2,0,1.27,996,0.581,4,364ba4bf1c65168b,0.691,5,1088,0.5,-5.0,15.27,109.6,4,Active,25,300,486,2.0,5
0.51,8.9,7.75,5,1150.3,2,0,2.27,1100,0.222,1,49873d7806e3e80f,0.557,4,1100,0.2,34.0,14.16,94.6,5,Active,17,106,210,0.176,3
0.64,4.8,3.45,5,1.7,5,0,3.14,1145,0.667,5,66f9852eef6919c4,0.537,3,1207,0.4,27.3,11.83,137.2,2,Active,13,49,89,0.308,3
0.443,45.3,0.21,1,222.8,3,1,0.72,1700,0.428,3,658836527051607b,0.461,2,1700,2.4,30.2,5.46,122.2,3,Active,29,221,530,0.655,4
0.279,8.4,2.91,5,15.6,4,0,0.77,1054,0.0,1,99ae22fc57ef5f73,0.455,2,1054,0.1,0.0,1.85,114.3,3,Active,5,12,43,0.0,1
0.501,72.0,0.75,3,3029.7,2,0,0.99,1135,0.415,3,adddff5ac01e77c2,0.478,3,1255,0.2,10.7,7.77,78.6,5,Active,60,469,1056,1.2,5
0.625,44.2,0.25,1,20.9,4,1,0.68,1967,0.597,4,c104d24781465f21,0.629,4,1967,0.4,46.0,29.63,98.9,4,Active,30,1298,2281,2.933,5
0.439,44.9,0.54,2,4736.1,1,0,2.1,1603,0.379,2,213729b00a5ef85a,0.459,2,1603,0.8,11.1,29.0,77.8,5,Active,90,1241,3207,0.7,4
0.513,21.9,6.27,5,122.6,3,0,0.53,987,0.3,2,e08a7be1ac16314c,0.516,3,987,0.0,41.5,6.58,141.3,2,Active,11,137,298,0.273,3
0.439,36.9,0.05,1,9185.5,1,1,1.17,1229,0.455,3,d01362c2d60b247a,0.402,2,1229,0.6,5.5,18.21,81.9,5,Active,41,638,1498,0.976,5
0.142,73.9,0.03,1,15.2,4,1,0.37,1000,0.0,1,d52c1d2535b1f128,0.104,1,1000,57.9,0.0,1.12,119.0,3,Stopped,6,18,127,0.0,1
0.494,47.5,4.06,5,475.6,3,0,1.38,1440,0.433,3,4d44c9358561024b,0.5,3,1486,2.1,54.9,23.8,114.2,3,Active,31,536,1225,0.871,5
0.498,24.9,1.62,4,84.2,4,0,0.41,974,0.439,3,205b5b4d7caebb68,0.557,4,1161,0.3,-35.7,4.5,166.2,1,Active,10,110,233,0.6,4
0.43,44.9,0.09,1,38.9,4,1,0.14,893,1.0,5,9bd84daeb9104780,0.464,2,893,0.9,0.0,1.23,112.6,4,Active,5,45,121,1.0,5
0.435,9.0,4.92,5,4149.7,1,0,2.14,1253,0.297,2,2edba908234b20f7,0.443,2,1351,0.1,2.5,16.97,115.0,3,Active,19,151,361,1.053,5
0.508,22.1,0.93,3,5937.2,1,0,1.6,1302,0.487,3,d9cc538ac75db7e3,0.544,4,1388,0.1,8.5,29.96,93.1,5,Active,33,617,1241,0.515,4
0.687,19.9,0.32,2,288.6,3,1,1.37,1032,0.643,5,3a87fdba4abd275b,0.688,5,1083,0.0,8.0,15.24,95.4,5,Active,26,289,425,0.808,5
0.584,5.9,0.57,2,18.0,4,0,1.31,934,0.0,1,6da2b3490bd2bf64,0.483,3,934,0.4,0.0,9.57,122.7,3,Active,6,44,77,0.167,3
0.369,37.1,2.17,5,84.2,4,0,0.44,1240,0.367,2,988940505e547dd2,0.397,1,1417,0.4,-26.0,1.69,132.8,2,Active,16,62,187,0.188,3
0.439,32.2,1.08,4,52.4,4,0,0.7,896,0.37,2,6abf809a8885e5d0,0.423,2,1074,2.1,-36.6,4.16,120.0,3,Active,21,125,303,0.667,4
0.511,70.1,0.15,1,20.1,4,1,0.27,1291,0.362,2,429038b6758206bd,0.528,3,1393,36.0,-53.0,4.66,177.4,1,Stopped,9,155,315,0.0,1
0.366,57.4,0.03,1,8.7,4,1,0.52,1742,0.174,1,67b7da317df3a1d2,0.402,2,1756,0.5,22.4,1.73,146.0,1,Active,27,90,246,0.037,2
0.549,15.0,2.25,5,1293.0,2,0,0.82,978,0.636,5,32040bbb01748bca,0.526,3,978,0.3,18.3,6.6,117.7,3,Active,12,97,182,0.083,2
0.639,21.3,0.24,1,5244.6,1,1,1.05,981,0.4,3,54e67b1bf808c040,0.594,4,1017,2.7,32.2,11.34,124.6,3,Active,19,206,330,0.0,1
0.677,17.4,1.96,4,58.5,4,0,1.22,1462,0.556,4,d29fdb18c5af1cf3,0.656,5,1462,0.0,0.0,30.93,96.8,4,Active,13,329,489,0.077,2
0.518,44.2,0.24,1,4.5,5,1,0.5,2044,0.397,3,42f60d0729c1acec,0.606,4,2114,16.0,123.8,3.29,228.5,1,Stopped,14,93,195,0.143,3
0.377,12.4,0.14,1,693.5,3,1,1.0,1279,0.276,1,568b6648aa5a6c4a,0.339,1,1329,2.4,89.0,4.5,144.3,1,Active,10,45,122,0.5,4
0.241,12.0,0.14,1,956.2,2,1,1.28,959,0.146,1,fb2655839467f5cb,0.227,1,1076,1.1,-22.0,5.48,137.3,2,Active,14,60,249,0.0,1
0.659,60.0,1.73,4,472.8,3,0,0.2,1471,0.765,5,a9f0eaf680328bcb,0.7,5,1471,0.0,0.0,3.26,115.9,3,Active,11,178,273,0.091,2
0.398,7.8,3.68,5,1.2,5,0,0.88,1048,0.0,1,ce792fa5bd8f126b,0.326,1,1048,0.4,0.0,7.19,128.9,2,Active,5,41,103,0.0,1
0.626,53.9,2.31,5,47896.7,1,0,0.09,991,0.662,5,91824ab1f2f05892,0.596,4,991,1.1,0.0,4.87,114.4,3,Active,5,257,433,0.0,1
0.484,22.9,0.45,2,569.6,3,1,0.79,1680,0.537,4,7c67d1b9367618cc,0.488,3,1680,3.8,83.5,9.38,99.6,4,Stopped,15,179,380,0.6,4
0.482,66.1,0.02,1,5380.9,1,1,0.21,1676,0.471,3,6c66aa306d9d62df,0.469,2,1676,5.1,77.5,15.64,134.6,2,Stopped,13,949,2057,0.538,4
0.563,33.6,0.74,3,3.0,5,0,0.7,1447,1.0,5,eee79a42a1f19c15,0.625,4,1447,0.5,23.7,1.49,103.5,4,Active,23,49,87,0.043,2
0.179,36.7,1.17,4,8.2,4,0,0.26,871,0.25,1,d29974951eeedb4e,0.138,1,871,13.7,0.0,0.3,116.9,3,Stopped,6,7,39,0.0,1
0.435,32.7,0.83,3,952.0,2,0,1.04,1909,0.373,2,4e8e7f4caf5c9e28,0.475,2,1909,1.1,12.0,26.27,116.2,3,Active,33,831,2127,1.364,5
0.382,78.9,0.05,1,32.4,4,1,0.67,1097,0.097,1,3392aacc679d5384,0.45,2,1386,52.2,1.2,1.42,337.6,1,Stopped,17,36,102,0.118,2
0.374,54.2,0.36,2,18379.8,1,1,0.27,1283,0.351,2,84f891dc378173fa,0.375,1,1294,0.0,82.0,26.48,107.4,4,Active,14,1385,4534,3.143,5
0.489,74.9,0.39,2,1518.3,2,1,2.55,1659,0.473,3,7921ebea67ea7b41,0.478,3,1820,26.6,11.4,19.48,74.5,5,Stopped,123,941,2153,1.642,5
0.475,23.3,49.33,5,10845.8,1,0,0.74,1417,0.469,3,2dff4ffdab2e94f1,0.475,2,1472,0.4,38.0,12.07,148.0,1,Active,17,276,604,1.235,5
0.408,18.5,0.97,3,334.3,3,0,2.7,1393,0.364,2,5ff341fd6815b3c9,0.471,2,1459,0.4,10.2,16.98,80.1,5,Active,49,308,777,1.184,5
0.432,30.0,0.56,2,1885.3,2,0,0.43,1202,0.39,2,014571a20a9ba405,0.481,3,1234,1.1,13.0,6.78,116.3,3,Active,12,191,509,1.5,5
0.38,33.8,0.18,1,1936.8,2,1,0.57,1575,0.381,2,78f004dc0868a32c,0.326,1,1679,0.3,46.0,3.99,185.4,1,Active,12,84,221,0.917,5
0.535,18.4,2.09,4,66.4,4,0,1.03,1682,0.25,1,f2ca69e138434d54,0.529,3,1682,4.7,60.3,3.89,139.3,2,Stopped,14,53,99,0.357,3
0.237,11.9,2.44,5,10.0,4,0,4.53,756,0.4,3,7cdc0b80849fe2c4,0.25,1,887,9.0,-21.4,7.67,120.9,3,Stopped,13,22,93,0.077,2
0.124,33.2,0.32,2,31889.7,1,1,0.3,804,0.038,1,d44c17321f7768b1,0.088,1,1100,2.7,-77.3,0.95,170.2,1,Active,9,29,258,0.0,1
0.592,28.9,0.95,3,3.1,5,0,0.81,1106,0.5,3,8332f566a9fe7e67,0.588,4,1450,0.2,-33.3,2.28,156.4,1,Active,16,45,76,0.062,2
0.661,11.3,0.54,2,8.1,4,0,0.77,1219,0.8,5,ac357fbb52ddf055,0.632,4,1219,1.3,0.0,12.42,106.5,4,Active,7,113,171,0.143,3
0.066,53.3,0.12,1,100.4,3,1,0.2,1268,0.006,1,adf3c0537f7a1264,0.647,5,1268,23.2,0.0,0.8,163.9,1,Stopped,6,24,366,0.333,3
0.375,64.9,1.6,4,19.1,4,0,1.99,1415,0.463,3,cd2a26a5d0d2541b,0.329,1,1553,23.9,8.9,4.71,110.5,4,Stopped,46,109,296,0.0,1
0.528,20.9,2.65,5,3176.9,2,0,3.01,1379,0.453,3,eddc5b1da1453d25,0.527,3,1522,0.4,8.5,21.01,76.7,5,Active,55,384,740,0.255,3
0.405,33.5,0.57,2,2155.8,2,0,0.28,793,0.25,1,f69a2741625beafc,0.378,1,859,0.1,-46.0,3.3,135.8,2,Active,8,95,257,0.375,3
0.424,10.2,0.54,2,5.2,5,0,0.54,1065,0.333,2,df90f33e0b9d367c,0.399,1,1065,0.2,0.0,11.76,114.2,3,Active,5,109,269,0.4,4
0.66,45.0,0.39,2,9.4,4,1,1.04,817,1.0,5,3b850c4f01cd96ad,0.875,5,850,35.0,0.0,5.22,126.2,3,Stopped,7,35,53,0.0,1
0.759,8.5,1.22,4,46.4,4,0,0.76,970,0.571,4,be2978eb8ab28b74,0.738,5,970,0.0,0.0,34.81,130.5,2,Active,6,275,370,0.0,1
0.48,2.3,0.73,3,877.1,2,0,2.73,1038,0.625,5,8ba2c12ee82ab5bc,0.46,2,1038,0.1,0.0,95.42,110.2,4,Active,6,210,477,1.167,5
0.588,19.2,2.59,5,635.7,3,0,0.41,910,1.0,5,60318562117a0440,0.512,3,943,0.0,-15.0,7.64,131.4,2,Active,7,131,226,0.0,1
0.47,53.1,0.19,1,9768.2,1,1,0.81,1215,0.432,3,76ffcfa17a357a33,0.456,2,1215,6.9,18.0,18.7,101.1,4,Stopped,34,786,1700,0.794,5
0.769,28.7,0.3,2,1.1,5,1,0.6,921,1.0,5,b1c6074655c56675,0.833,5,1000,5.4,8.5,1.45,143.4,1,Stopped,12,29,39,0.167,3
0.446,9.6,0.1,1,236.9,3,1,1.58,903,0.446,3,b159f5b3f880d5e8,0.4,1,983,0.2,19.4,2.64,108.0,4,Active,15,25,56,0.2,3
0.697,29.1,0.03,1,3986.7,1,1,0.37,861,0.697,5,0d4d1ac000cc2047,0.622,4,878,10.1,1.0,5.54,128.5,2,Stopped,7,105,155,0.857,5
0.402,71.7,0.58,2,8347.1,1,0,0.75,1726,0.394,2,96a9314c675b8743,0.359,1,1726,0.4,23.4,7.57,93.4,5,Active,53,538,1424,0.811,5
0.427,54.3,0.24,1,35.9,4,1,0.13,842,0.4,3,2be37f12a8d119c4,0.333,1,888,1.1,0.0,0.71,126.9,3,Active,7,37,89,0.429,4
0.329,32.2,177.33,5,2018.1,2,0,1.02,1140,0.288,1,d94ece8d96b8f88a,0.355,1,1347,0.2,0.7,6.17,106.8,4,Active,29,175,535,0.828,5
0.43,35.2,0.69,3,8246.3,1,0,0.79,1316,0.396,3,bc7787d7d4a44fe8,0.451,2,1320,1.0,30.1,5.69,100.0,4,Active,27,195,465,0.185,3
0.714,21.4,8.65,5,1563.5,2,0,0.36,816,0.75,5,1cb0fec2c560f028,0.728,5,816,6.5,0.0,18.46,113.8,3,Stopped,5,253,357,0.2,3
0.55,9.5,0.8,3,226.1,3,0,0.99,1120,0.593,4,dfe4bb21887e922e,0.563,4,1120,0.8,0.0,54.98,133.2,2,Active,7,390,714,0.143,3
0.397,18.8,0.73,3,6059.5,1,0,2.68,1063,0.324,2,606d4eadab89e052,0.388,1,1239,0.1,7.4,23.34,76.8,5,Active,50,435,1117,0.32,3
0.393,14.6,2.01,4,3302.4,2,0,2.81,1222,0.361,2,730cba830bbb0f16,0.379,1,1322,0.3,35.5,17.96,92.1,5,Active,39,249,654,0.41,4
0.461,15.5,0.17,1,50.6,4,1,0.47,920,0.8,5,be7c6d13baa0b6d5,0.382,1,999,0.5,0.0,3.94,141.2,2,Active,7,59,128,0.0,1
0.51,77.4,10.0,5,90.9,4,0,0.23,953,0.421,3,ec774436bbb1edf0,0.49,3,955,30.0,0.7,2.69,116.3,3,Stopped,11,127,253,1.182,5
0.488,83.8,4.86,5,16.6,4,0,0.11,925,0.4,3,e6da0ed0d5788608,0.8,5,997,0.1,-27.0,0.28,142.6,2,Active,8,20,41,0.0,1
0.421,65.6,0.13,1,4651.4,1,1,1.51,1307,0.372,2,bb71e0e09bc43c46,0.405,2,1325,9.5,15.8,7.18,74.6,5,Stopped,82,389,954,0.512,4
0.28,43.5,0.18,1,26032.7,1,1,0.26,725,0.28,1,98d7f4835379d6e5,0.222,1,782,4.8,13.7,3.18,125.0,3,Stopped,9,112,453,0.222,3
0.508,20.8,7.33,5,42.7,4,0,1.23,816,0.636,5,d2973a5bb89fab01,0.538,3,988,0.4,-24.2,5.83,104.9,4,Active,25,119,250,0.36,3
0.554,10.7,2.46,5,46.8,4,0,1.79,871,0.462,3,2f07f591543cf598,0.55,4,1020,0.0,-9.4,28.26,125.7,3,Active,13,205,381,0.769,4
0.471,33.9,0.13,1,35.2,4,1,0.39,1048,0.2,1,6af46cef75d93c17,0.444,2,1213,0.5,-20.8,0.72,146.1,1,Active,13,24,51,0.231,3
0.398,22.0,2.63,5,1304.1,2,0,0.47,1374,0.282,1,8d05617fa8e54bfe,0.442,2,1386,0.0,0.0,3.96,124.3,3,Active,8,68,196,0.625,4
0.443,21.7,0.68,3,852.3,3,0,2.33,1518,0.344,2,029b537e00be8e0e,0.481,3,1651,0.3,7.0,18.12,95.8,4,Active,50,388,914,0.92,5
0.177,18.3,0.44,2,3429.2,1,1,0.39,963,0.0,1,6d4cdf41c3719a74,0.24,1,1065,0.4,0.0,1.96,147.3,1,Active,7,35,215,0.429,4
0.373,18.7,0.57,2,830.7,3,0,2.82,1715,0.202,1,44d953889ae8a21b,0.4,1,1715,0.3,3.9,21.6,104.1,4,Active,52,398,1114,0.538,4
0.591,25.6,0.11,1,551.0,3,1,0.88,1139,0.667,5,9ac24ccd660eb468,0.526,3,1207,3.9,10.0,7.66,125.9,3,Stopped,19,166,286,0.526,4
0.525,24.6,1.81,4,198.6,3,0,0.38,719,0.333,2,1d96a5af9855c329,0.579,4,956,0.5,-59.7,1.21,152.0,1,Active,9,29,59,0.111,2
0.365,7.8,0.4,2,180.3,3,1,1.57,1068,0.0,1,dc54563e049832a4,0.316,1,1093,0.2,8.0,7.24,129.2,2,Active,10,46,126,0.0,1
0.591,62.7,3.1,5,4370.9,1,0,0.2,855,0.542,4,37d2e169529f80a9,0.602,4,987,0.3,-40.0,4.52,132.7,2,Active,12,278,574,0.75,4
0.499,53.7,1.02,3,271.9,3,0,0.09,1007,0.275,1,8c178d57821d2e28,0.504,3,1007,1.0,0.0,3.13,131.4,2,Active,5,165,337,0.0,1
0.485,28.7,0.85,3,16695.1,1,0,1.3,883,0.406,3,306dce01a909de4f,0.479,3,1083,1.0,-0.1,13.47,99.6,4,Active,36,373,783,0.361,3
0.355,18.2,0.97,3,148.4,3,0,0.9,1085,0.176,1,6661b977d335fea9,0.368,1,1085,0.2,4.0,6.28,122.5,3,Active,16,112,321,0.0,1
0.45,46.1,0.46,2,2788.2,2,1,2.33,2270,0.393,2,ea3200eec4b0c150,0.455,2,2380,0.7,24.0,23.55,81.6,5,Active,106,1070,2540,0.84,5
0.455,9.0,0.66,3,14.6,4,0,1.54,1287,0.333,2,4992f1bc8f61f3c4,0.515,3,1315,0.5,33.0,13.48,121.6,3,Active,13,114,257,0.308,3
0.507,72.0,0.63,3,3631.5,1,0,2.43,1593,0.422,3,8b9b29996b9b6cd1,0.497,3,1659,42.6,13.8,32.19,95.7,4,Stopped,58,767,1569,1.121,5
0.376,7.5,0.19,1,4.0,5,1,2.57,1178,0.25,1,cba9e9fb14f90224,0.319,1,1275,0.5,-14.5,6.28,126.6,3,Active,18,44,117,0.0,1
0.392,10.5,0.42,2,222.3,3,1,0.96,1204,0.389,2,361092c540a64d43,0.381,1,1305,0.0,15.0,32.22,176.1,1,Active,10,337,934,0.7,4
0.71,9.3,0.18,1,33.6,4,1,0.55,918,0.0,1,3b866807d627d940,0.769,5,918,0.2,0.0,6.02,116.4,3,Active,5,55,93,0.0,1
0.534,21.0,2.0,4,182.9,3,0,1.06,1219,0.421,3,e29673fa487d6ed0,0.573,4,1256,1.1,25.3,11.27,108.2,4,Active,21,224,423,0.095,2
0.539,6.7,0.37,2,718.7,3,1,3.68,1264,0.688,5,1db2b622fe9af2f2,0.532,3,1264,2.4,48.0,36.28,121.0,3,Active,14,138,258,0.214,3
0.486,21.0,4.56,5,3433.9,1,0,1.58,1590,0.482,3,46d50e5b6c09e616,0.491,3,1590,0.0,18.0,20.63,113.9,3,Active,33,432,901,0.455,4
0.641,10.7,0.92,3,833.0,3,0,2.21,1465,0.489,3,5d547972a9e74a48,0.684,5,1465,0.3,48.5,27.8,117.0,3,Active,19,239,393,0.211,3
0.534,187.1,0.91,3,4677.0,1,0,1.49,1853,0.564,4,1dcb30e67b21e78d,0.561,4,2500,2.6,7.7,16.11,127.1,3,Active,280,3028,8140,2.082,5
0.573,16.9,0.59,2,426.9,3,0,1.27,1225,0.667,5,de15eea02defe8c6,0.539,3,1271,5.4,1.0,22.39,134.7,2,Stopped,14,247,536,0.286,3
0.596,3.2,0.17,1,40.8,4,1,2.46,2116,0.438,3,207e85cfcb58baef,0.419,2,2116,1.1,0.0,13.75,208.9,1,Active,5,28,47,0.2,3
0.437,28.0,1.16,4,957.0,2,0,0.51,897,0.25,1,591d7b508d8b0b18,0.491,3,1042,0.8,-24.2,1.87,120.0,3,Active,14,51,119,0.857,5
0.435,14.7,1.3,4,7798.2,1,0,1.2,959,0.25,1,023d59c7caa1ebe3,0.327,1,1046,0.5,5.6,3.25,114.4,3,Active,17,46,108,0.353,3
0.455,22.9,0.48,2,649.8,3,1,0.53,1011,0.35,2,3254f9eb04108545,0.43,2,1093,0.2,9.3,4.67,129.3,2,Active,12,106,242,0.167,3
0.549,10.2,0.12,1,650.1,3,1,1.5,927,0.5,3,7dae8ecf41d85a94,0.546,4,1081,0.2,6.2,21.28,145.9,1,Active,15,213,395,0.0,1
0.581,28.2,1.95,4,438.7,3,0,1.2,1013,0.588,4,ee86e1451a61bfd2,0.647,5,1077,0.4,33.8,9.88,118.7,3,Active,22,181,322,0.409,4
0.524,77.1,0.4,2,4.1,5,1,0.67,2123,0.44,3,930f7892f2b56e4f,0.471,2,2184,7.1,31.5,3.06,130.7,2,Stopped,37,170,328,0.405,4
0.368,21.2,1.47,4,329.3,3,0,1.38,1417,0.2,1,ddb5497b336c53a4,0.38,1,1417,0.2,12.2,10.73,108.3,4,Active,24,186,516,0.25,3
0.448,76.5,0.02,1,4988.1,1,1,1.76,1663,0.397,3,f8953571dce0eea2,0.444,2,1711,3.7,10.8,25.7,135.4,2,Stopped,128,1872,4597,0.906,5
0.507,24.9,1.78,4,765.7,3,0,0.61,1550,0.643,5,bb29bb9cfaa6984b,0.5,3,1618,0.2,24.0,2.8,118.5,3,Active,15,69,136,0.0,1
0.481,26.8,3.45,5,1319.1,2,0,0.47,1846,0.414,3,b8e6a6ececd6bf4d,0.548,4,1846,0.0,0.0,10.16,161.4,1,Active,11,237,534,1.0,5
0.598,23.7,2.03,4,27.2,4,0,0.79,1913,0.483,3,e4cfce893daac0df,0.593,4,1913,0.8,24.5,10.15,148.8,1,Active,16,206,361,1.438,5
0.507,33.5,0.41,2,5301.9,1,1,2.99,1456,0.488,3,cc2af3452406a3dc,0.52,3,1629,2.7,10.4,30.42,81.5,5,Active,92,937,1956,0.663,4
0.449,68.7,1.63,4,7133.7,1,0,0.92,1687,0.38,2,e6f9eae1976bcf92,0.464,2,1798,1.1,18.8,7.68,85.3,5,Active,62,515,1254,0.935,5
0.362,53.3,0.11,1,7733.0,1,1,0.89,1276,0.333,2,ff26ce920349abc4,0.357,1,1331,1.8,17.4,10.59,93.5,5,Active,46,546,1802,1.37,5
0.452,21.3,4.85,5,5593.7,1,0,0.89,1449,0.564,4,9b16ceb367f2e58a,0.437,2,1449,0.1,20.5,14.2,107.0,4,Active,19,302,684,0.368,3
0.617,2.9,0.95,3,94.4,4,0,4.78,2169,0.452,3,6ad0a795c5f99fbd,0.646,5,2169,1.6,0.0,44.57,188.5,1,Active,6,56,115,1.5,5
0.3,16.1,0.18,1,2.4,5,1,0.41,1077,0.25,1,b4639e996d9810b4,0.4,1,1077,3.9,0.0,0.98,131.0,2,Stopped,5,12,40,0.0,1
0.658,30.7,0.43,2,115.8,3,1,1.03,923,0.5,3,d5e8cbd5bf08206c,0.802,5,1123,1.3,-8.0,4.69,107.5,4,Active,27,123,228,0.704,4
0.609,59.2,0.06,1,23.5,4,1,0.22,1704,0.579,4,2f399b57f386efcb,0.551,4,1704,9.6,36.0,1.66,153.1,1,Stopped,11,82,179,1.364,5
0.434,12.5,52.0,5,8965.2,1,0,0.78,1440,0.19,1,1f230c1710f8b810,0.444,2,1440,6.1,0.0,3.42,222.4,1,Stopped,5,22,53,0.0,1
0.413,21.5,2.32,5,11184.8,1,0,2.06,927,0.235,1,42a5fc78a474b82d,0.408,2,1086,0.0,4.3,10.31,85.6,5,Active,44,220,581,0.25,3
0.433,46.1,0.78,3,4488.8,1,0,2.59,1524,0.436,3,daabbe5feafff5fd,0.433,2,1598,2.3,22.5,26.89,69.3,5,Active,113,1172,2810,0.823,5
0.52,32.5,0.88,3,922.9,2,0,0.83,1540,0.482,3,560684b3691218fd,0.582,4,1625,0.1,38.9,19.96,107.6,4,Active,27,646,1400,1.296,5
0.402,39.0,0.23,1,43.9,4,1,0.54,1386,0.311,2,8c453325cd31f6a2,0.391,1,1425,0.3,15.0,6.24,119.7,3,Active,11,128,336,0.091,2
0.419,11.0,0.53,2,2973.5,2,0,2.15,1402,0.381,2,525ec3364d530c1d,0.473,2,1447,0.4,32.4,23.98,107.9,4,Active,23,256,637,0.478,4
0.544,18.5,1.26,4,141.7,3,0,3.35,1017,1.0,5,eea9ab66be7ec56c,0.739,5,1071,5.9,41.0,6.39,97.0,4,Stopped,22,42,79,0.227,3
0.613,12.6,0.32,2,2.4,5,1,0.64,2035,0.474,3,839535e9e8b97fb0,0.8,5,2035,0.2,114.0,3.05,213.2,1,Active,8,38,62,0.0,1
0.392,22.9,0.89,3,135.8,3,0,1.06,1011,0.392,2,421765a071d88267,0.36,1,1031,5.9,-16.3,1.76,130.5,2,Stopped,12,20,51,0.0,1
0.553,94.4,0.86,3,403.6,3,0,0.17,1576,0.462,3,49d0d14f3ea4e310,0.567,4,1576,19.4,40.8,1.03,372.3,1,Stopped,13,77,141,0.154,3
0.446,78.5,0.54,2,21796.1,1,0,0.79,709,0.294,2,f642f9c264a7c25a,0.516,3,1017,1.9,2.8,2.96,97.6,4,Active,58,219,500,0.397,4
0.4,64.3,1.03,3,14942.9,1,0,1.76,1544,0.369,2,ef4fd8a7c1ac8cdd,0.427,2,1860,0.1,14.6,25.96,83.6,5,Active,112,1649,4429,0.393,4
0.386,90.0,2.55,5,10621.3,1,0,0.82,1311,0.332,2,dc55b1bb911bc73d,0.366,1,1415,2.0,3.1,8.36,172.1,1,Active,69,700,1943,0.623,4
0.439,64.0,0.06,1,3505.1,1,1,1.14,1609,0.376,2,0cb0b19cf049890a,0.444,2,1748,3.7,29.3,8.34,107.8,4,Stopped,69,503,1245,0.478,4
0.398,31.1,0.33,2,388.8,3,1,3.3,1326,0.241,1,3dfcf6be9d427e8f,0.426,2,1456,2.8,26.3,10.94,95.2,5,Active,41,136,342,0.293,3
0.472,24.8,3.75,5,223.7,3,0,1.21,1366,0.426,3,29375dae6899a357,0.498,3,1366,0.9,6.5,9.96,91.9,5,Active,29,238,508,0.138,3
0.502,24.6,1.79,4,2154.5,2,0,2.98,1198,0.469,3,8214d2b29b9d0864,0.502,3,1258,0.1,7.4,20.86,78.7,5,Active,73,511,1045,0.548,4
0.478,12.8,0.27,1,644.5,3,1,1.58,638,0.478,3,98b68eece0ccba6e,0.569,4,796,0.2,0.4,9.31,99.5,4,Active,20,118,251,0.0,1
0.49,72.3,2.52,5,1754.0,2,0,1.2,1973,0.375,2,ed30532a715bf633,0.522,3,2187,0.0,6.6,12.58,89.1,5,Active,85,888,1836,0.247,3
0.569,41.1,0.39,2,1230.7,2,1,1.93,1481,0.519,4,5e0ec2d0a55daf20,0.545,4,1591,0.8,26.6,20.84,72.7,5,Active,75,809,1441,0.893,5
0.501,62.3,3.64,5,11579.6,1,0,1.53,1070,0.435,3,f6c8ffe7b04ddd96,0.505,3,1282,13.0,1.8,12.46,81.5,5,Stopped,73,596,1276,1.027,5
0.408,17.4,1.73,4,267.2,3,0,0.97,1596,0.309,2,152036620ef9f27b,0.399,1,1596,0.9,45.8,9.12,161.9,1,Active,16,150,417,2.438,5
0.536,30.6,3.57,5,194.8,3,0,1.5,860,0.466,3,669d1fe0371a3739,0.484,3,1053,0.0,0.5,7.64,84.9,5,Active,46,234,448,0.826,5
0.514,2.8,2.58,5,61.5,4,0,3.94,1298,0.75,5,749c8de3fe6a77c7,0.462,2,1342,0.1,-6.0,22.47,126.8,3,Active,10,57,179,5.0,5
0.426,58.6,0.13,1,3082.1,2,1,0.42,1201,0.375,2,6e6bf7d236ef83eb,0.444,2,1238,2.9,-9.0,7.01,101.1,4,Active,22,366,887,0.727,4
0.327,20.4,0.74,3,28022.8,1,0,0.3,937,0.182,1,56253ca62f0c0a8e,0.389,1,950,0.2,-4.0,1.63,153.1,1,Active,6,33,101,0.167,3
0.5,13.7,0.5,2,3453.7,1,0,4.08,1052,0.523,4,b7bc4ca7f0c4017b,0.555,4,1165,0.3,6.3,51.24,88.4,5,Active,55,690,1496,1.2,5
0.492,19.5,1.52,4,1386.1,2,0,0.41,1023,0.25,1,e6b3a343037192d8,0.458,2,1023,0.2,105.0,1.6,114.0,3,Active,8,31,63,0.375,3
0.563,9.6,1.45,4,204.9,3,0,1.05,935,0.35,2,9d7a5da19c0f83e5,0.405,2,1022,1.0,-22.0,12.32,149.3,1,Active,9,106,206,0.0,1
0.619,8.9,1.08,4,346.4,3,0,5.06,1155,0.593,4,d912b1c1e4242640,0.647,5,1195,0.0,-7.0,92.38,141.4,2,Active,8,146,239,0.625,4
0.312,36.1,0.65,3,10.0,4,0,0.48,927,0.357,2,93c21393de26ce4f,0.28,1,1075,0.5,53.6,0.93,119.8,3,Active,17,33,109,0.235,3
0.533,28.4,0.92,3,5369.7,1,0,1.5,1631,0.587,4,e0e6913cdbabec95,0.547,4,1631,1.0,24.1,11.17,103.0,4,Active,41,306,621,0.659,4
0.578,23.1,0.24,1,2254.4,2,1,1.71,1619,0.603,4,c79fb7d7af4a798b,0.562,4,1619,7.0,13.2,22.29,119.1,3,Stopped,27,353,651,0.37,3
0.528,9.1,7.33,5,17.3,4,0,0.67,987,0.25,1,c7db0fe3bbf78963,0.524,3,987,0.0,0.0,7.0,116.5,3,Active,6,63,125,0.0,1
0.414,73.2,0.2,1,5131.2,1,1,2.62,1238,0.397,3,4efd401a5cafb816,0.402,2,1543,1.1,3.8,28.62,68.4,5,Active,189,2063,5200,1.333,5
0.729,9.9,5.42,5,1276.4,2,0,1.07,1060,0.429,3,462bbdbaf2818fe3,0.703,5,1060,0.0,0.0,23.96,123.3,3,Active,6,134,199,0.0,1
0.482,30.1,0.94,3,576.6,3,0,0.51,1839,0.48,3,ec8e289477366248,0.553,4,1839,0.0,57.5,43.15,139.3,2,Active,14,1185,2719,1.857,5
0.444,31.9,3.01,5,2826.8,2,0,1.39,1201,0.385,2,fee574815ca3d320,0.464,2,1205,0.3,12.0,36.98,93.9,5,Active,44,1167,2718,0.727,4
0.308,127.2,0.04,1,20.0,4,1,0.16,1538,0.387,2,ddf2f74d04af1d3b,0.2,1,1760,24.0,-4.0,0.75,363.4,1,Stopped,17,77,253,0.118,2
0.623,57.4,8.5,5,4.1,5,0,0.61,1640,0.393,2,0a89f0ba8da4e51c,0.688,5,1640,26.1,25.2,2.23,145.5,1,Stopped,19,70,114,0.158,3
0.493,40.6,74.0,5,56.0,4,0,0.5,956,0.5,3,bd71587739b7e2b9,0.531,3,1004,24.7,57.0,2.33,149.6,1,Stopped,8,37,75,0.25,3
0.538,29.4,0.8,3,13233.1,1,0,1.09,1262,0.667,5,48ff6f6900789abf,0.575,4,1296,0.9,35.2,10.36,93.7,5,Active,31,295,556,0.032,2
0.45,22.5,0.51,2,2273.3,2,0,0.39,1327,0.409,3,a08e7d865eed643e,0.406,2,1493,1.6,-82.0,3.74,190.6,1,Active,8,77,180,0.375,3
0.362,30.0,4.77,5,172.9,3,0,1.37,1406,0.176,1,619f6479ef74696c,0.372,1,1462,3.3,3.6,3.72,104.7,4,Stopped,36,98,271,0.25,3
0.503,41.5,1.87,4,6580.8,1,0,1.04,1486,0.548,4,3b66043c44e64907,0.511,3,1542,0.9,17.9,10.73,78.3,5,Active,41,423,894,0.659,4
0.395,7.1,0.59,2,273.6,3,0,2.59,965,0.5,3,a614b2a49aa9dfb1,0.294,1,1140,3.9,-58.0,18.49,152.4,1,Stopped,8,57,162,0.0,1
0.595,52.3,0.14,1,1467.7,2,1,1.78,2227,0.507,4,987ace76c0af0288,0.593,4,2227,2.9,28.3,27.02,94.1,5,Active,87,1324,2530,1.92,5
0.475,21.0,0.05,1,51.8,4,1,0.57,1320,0.412,3,433b404e611e8197,0.517,3,1320,2.7,67.0,1.85,148.7,1,Active,9,29,61,0.111,2
0.453,38.1,2.34,5,5638.7,1,0,2.65,1322,0.415,3,45dedfb297bb2332,0.482,3,1635,0.0,0.7,38.56,71.9,5,Active,99,1441,3693,1.707,5
0.545,10.0,1.47,4,302.7,3,0,3.11,1007,0.441,3,07d7a32dca34f57f,0.544,4,1038,0.0,6.9,31.0,96.8,4,Active,25,249,459,0.64,4
0.371,54.4,0.02,1,1734.6,2,1,0.39,1658,0.312,2,fa22a90d5d5fbe00,0.403,2,1658,14.1,78.0,13.45,158.1,1,Stopped,13,443,1333,2.077,5
0.596,31.6,0.6,2,34.1,4,0,0.6,1989,0.548,4,39433b7b05a5d251,0.646,5,1989,3.3,61.0,6.32,153.9,1,Stopped,17,179,327,0.235,3
0.415,21.3,0.44,2,1265.8,2,1,4.52,1762,0.389,2,28de8b4a2e115a09,0.442,2,1762,8.7,12.2,40.01,85.7,5,Stopped,57,504,1225,1.263,5
0.408,45.2,6.94,5,93.2,4,0,0.64,888,0.219,1,a8134622ed706cd4,0.554,4,1034,0.2,0.5,2.09,93.7,5,Active,29,94,262,1.483,5
0.353,52.7,1.43,4,16133.1,1,0,0.14,1288,0.464,3,3c781bdfa657bdb0,0.316,1,1290,2.0,50.0,1.92,142.4,2,Active,7,95,272,0.0,1
0.565,29.3,0.42,2,5317.7,1,1,1.71,1250,0.565,4,97615333cdff1e35,0.549,4,1305,0.4,-12.3,36.64,86.9,5,Active,39,835,1568,0.59,4
0.553,7.5,1.24,4,1.6,5,0,0.72,935,0.714,5,4beb4c6b33d2e508,0.474,2,935,0.6,0.0,3.74,98.0,4,Active,5,26,47,0.0,1
0.452,94.5,0.25,1,90.1,4,1,0.29,2395,0.407,3,58f3a686bd144406,0.65,5,2395,44.9,53.3,1.93,414.5,1,Stopped,14,94,208,1.0,5
0.513,35.5,0.44,2,7.7,5,1,0.38,928,0.0,1,cc2de744190dc77a,0.5,3,928,1.2,36.6,0.59,117.4,3,Active,13,20,39,0.0,1
0.466,27.5,0.41,2,1770.4,2,1,0.43,1250,0.513,4,c92e2fb21f21ce5b,0.55,4,1315,1.1,-2.5,22.3,142.2,2,Active,11,571,1302,1.273,5
0.33,16.9,0.26,1,8.1,4,1,0.8,1292,0.2,1,93cf6da790282016,0.369,1,1349,0.1,84.0,3.49,162.4,1,Active,8,35,106,0.0,1
0.332,20.4,0.21,1,985.3,2,1,0.55,1351,0.05,1,486ee58748aea222,0.333,1,1351,0.4,189.5,3.39,147.3,1,Active,11,68,211,0.545,4
0.594,18.5,0.75,3,6577.0,1,0,0.62,1315,0.471,3,0483d652f573335b,0.638,5,1315,5.5,0.0,6.08,128.4,2,Stopped,8,79,138,0.375,3
0.558,29.3,1.43,4,33.3,4,0,0.74,1385,0.533,4,7ad14ce46a6baed3,0.588,4,1385,5.7,53.0,3.33,104.1,4,Stopped,15,68,129,0.0,1
0.218,5.7,4.79,5,4.6,5,0,1.79,1200,0.083,1,35c5d4012443b38c,0.342,1,1328,0.2,208.0,4.3,135.8,2,Active,10,24,110,0.0,1
0.474,6.5,3.75,5,4.7,5,0,1.01,974,0.474,3,2fcdee4e6ffb592c,0.412,2,1015,0.5,0.0,1.52,137.8,2,Active,6,9,19,0.0,1
0.372,55.3,0.11,1,1522.3,2,1,0.82,1550,0.363,2,9674662ed2e83948,0.462,2,1627,9.8,30.8,8.36,88.0,5,Stopped,37,375,1094,0.757,4
0.594,75.7,0.03,1,3.8,5,1,0.36,1019,0.8,5,3f3423a4875866bf,0.471,2,1371,61.2,-76.3,1.3,584.8,1,Stopped,5,18,32,0.2,3
0.267,13.3,0.14,1,320.3,3,1,2.19,855,0.0,1,9a755d9b9dd48c2b,0.268,1,910,10.0,0.0,7.49,136.7,2,Stopped,7,24,90,0.0,1
0.412,144.2,0.2,1,2.7,5,1,0.07,1466,0.176,1,c063e858e1785e9e,0.4,1,1544,33.9,24.3,0.32,462.7,1,Stopped,8,35,85,0.0,1
0.486,28.8,4.37,5,6640.7,1,0,0.32,873,0.667,5,54e01ecd382ffc90,0.606,4,929,0.6,19.5,3.62,129.7,2,Active,9,102,220,0.222,3
0.649,25.5,0.52,2,1519.0,2,0,2.13,1384,0.5,3,98ba8fe4bdafb422,0.648,5,1452,0.3,3.9,22.1,79.2,5,Active,51,530,827,0.078,2
0.437,78.7,0.22,1,1486.1,2,1,0.99,1847,0.388,2,c1e2b12eec5d72c3,0.502,3,1886,12.3,22.5,15.42,183.9,1,Stopped,66,1025,2414,1.545,5
0.214,25.0,2.18,5,35.3,4,0,0.41,927,0.0,1,853cbf3d6dbedac8,0.25,1,927,12.2,0.0,1.15,103.1,4,Stopped,5,14,70,0.0,1
0.211,34.5,1.45,4,86.4,4,0,1.16,791,0.143,1,7af38f4351e0c84a,0.237,1,949,17.8,-36.2,2.07,160.0,1,Stopped,9,16,76,0.111,2
0.328,44.9,1.32,4,5030.0,1,0,2.03,1590,0.289,1,a55fe44abfe1cd14,0.381,1,1740,0.0,20.0,33.29,81.2,5,Active,91,1494,5004,1.077,5
0.745,49.9,2.05,4,3417.4,2,0,0.33,1058,0.855,5,06804b70e02ce47b,0.758,5,1132,23.0,-7.5,37.09,159.9,1,Stopped,9,998,3475,0.667,4
0.289,74.8,0.0,1,4551.8,1,1,1.04,910,0.128,1,2bb6dee34d8a6801,0.279,1,1413,32.5,-14.3,3.82,224.1,1,Stopped,44,162,627,0.864,5
0.58,20.8,0.63,3,676.9,3,0,0.36,1040,0.533,4,63495a3a35739068,0.584,4,1053,3.1,0.0,9.18,136.5,2,Stopped,6,153,283,0.833,5
0.557,17.5,0.37,2,3755.3,1,1,1.58,912,0.333,2,77d92d2b19d4a3b5,0.56,4,1029,0.1,20.5,7.99,107.5,4,Active,23,116,210,0.348,3
0.464,16.5,2.93,5,808.9,3,0,0.54,1061,0.167,1,e419291aa9bac052,0.415,2,1061,0.1,0.0,4.66,106.2,4,Active,5,43,110,0.0,1
0.35,85.5,0.45,2,351.1,3,1,1.61,1927,0.27,1,a1218858f13f5aac,0.447,2,2403,1.0,5.7,10.56,158.5,1,Active,136,892,2573,0.331,3
0.394,22.7,0.59,2,3862.9,1,0,1.73,1507,0.311,2,658c7cd612ce9ce0,0.425,2,1507,0.7,9.4,33.6,96.6,4,Active,38,738,1956,0.421,4
0.495,19.4,0.98,3,1954.5,2,0,0.52,898,0.35,2,bac070a330496154,0.576,4,961,0.1,-1.0,7.26,122.6,3,Active,10,139,285,0.0,1
0.609,10.2,1.69,4,518.8,3,0,1.18,1395,0.6,4,44add02c64b47f3f,0.627,4,1397,0.0,0.0,17.89,103.9,4,Active,12,182,304,0.25,3
0.486,8.5,8.25,5,75.3,4,0,1.76,1185,0.486,3,57c1355cd76f4304,0.692,5,1185,1.0,0.0,5.98,125.3,3,Active,5,17,37,0.2,3
0.285,7.2,2.35,5,1107.0,2,0,4.66,1212,0.189,1,0814fde74ffd0175,0.394,1,1308,0.9,26.0,21.4,97.1,4,Active,27,124,456,0.778,4
0.506,21.8,0.45,2,338.4,3,1,0.79,1322,0.516,4,ead39727ce4bced5,0.546,4,1403,1.3,26.3,13.41,131.5,2,Active,16,272,543,0.375,3
0.44,23.5,1.05,4,4.5,5,0,0.92,896,0.0,1,6992a783f7515a90,0.455,2,941,5.0,16.2,1.89,111.0,4,Stopped,17,35,84,0.059,2
0.494,20.5,0.91,3,12315.0,1,0,0.31,1157,1.0,5,965de1d481d120f8,0.477,2,1157,0.0,0.0,4.19,113.8,3,Active,6,82,170,0.0,1
0.404,24.9,1.4,4,407.4,3,0,1.0,714,0.5,3,10cf17f0893993ce,0.295,1,839,16.9,-27.0,19.87,137.8,2,Stopped,8,159,396,0.5,4
0.258,45.2,0.29,2,12.3,4,1,1.44,1006,0.0,1,8e3a9413010f66d9,0.286,1,1029,12.2,0.0,2.31,163.5,1,Stopped,5,8,31,0.0,1
0.194,7.0,0.51,2,20.7,4,0,1.12,815,0.194,1,9d33d1735e355819,0.194,1,880,0.8,-50.0,1.93,137.7,2,Active,7,12,62,0.143,3
0.459,29.3,2.79,5,2378.8,2,0,0.49,866,0.5,3,970d817ddfefe347,0.477,2,1005,0.3,0.4,5.62,126.3,3,Active,14,162,364,0.071,2
0.471,92.1,9.62,5,0.8,5,0,0.15,1056,0.5,3,57ece0096c1c4042,0.551,4,1108,4.5,-32.0,1.46,165.9,1,Stopped,6,57,138,0.0,1
0.606,56.0,0.2,1,3013.0,2,1,2.38,1804,0.607,4,7e67eccece9fb616,0.62,4,1804,2.7,4.4,25.42,62.9,5,Active,119,1271,2368,1.092,5
0.292,11.9,0.33,2,45.6,4,1,0.87,872,0.5,3,bdb5d62f4932d144,0.4,1,948,2.7,0.0,2.06,143.9,1,Active,8,19,65,0.25,3
0.468,20.6,0.65,3,7395.6,1,0,1.34,1025,0.25,1,19618ee7fb1e8913,0.549,4,1064,11.3,-1.8,7.78,136.8,2,Stopped,11,64,158,0.545,4
0.423,8.3,1.89,4,73.1,4,0,1.86,901,0.333,2,4a87558d7cf5a54b,0.485,3,958,0.4,8.5,4.55,138.9,2,Active,9,22,52,0.333,3
0.502,35.2,1.51,4,12957.0,1,0,0.46,644,0.5,3,65f6884bd1a596ad,0.566,4,806,0.4,-12.6,3.45,116.4,3,Active,16,120,251,0.375,3
0.424,3.6,0.65,3,12.9,4,0,6.13,1379,0.15,1,94f3d45e69e48285,0.452,2,1393,0.8,19.0,40.61,181.8,1,Active,8,53,132,0.25,3
0.642,11.0,0.2,1,383.3,3,1,0.86,1136,0.444,3,cd20d5d2e825acfa,0.624,4,1236,0.5,-35.0,14.81,140.9,2,Active,9,155,268,0.0,1
0.551,21.5,89.67,5,965.3,2,0,0.71,1165,0.667,5,c19efe2ef882963e,0.6,4,1172,0.4,22.4,7.0,115.6,3,Active,15,147,272,0.333,3
0.512,30.8,0.3,2,2758.3,2,1,0.89,1187,0.434,3,d51aeeef93631293,0.541,3,1366,0.1,19.2,26.5,99.7,4,Active,26,772,1927,1.5,5
0.337,14.5,0.12,1,349.4,3,1,1.53,869,0.714,5,a2563570fe61157f,0.335,1,1075,1.4,8.9,7.74,120.5,3,Active,20,101,335,0.05,2
0.407,12.8,1.24,4,11055.9,1,0,0.7,1411,0.325,2,2f389bd3a1e03ad2,0.353,1,1431,1.4,0.0,3.75,151.8,1,Active,8,43,123,0.25,3
0.635,11.0,2.38,5,3750.3,1,0,1.31,1210,0.583,4,a15aa6f860f93547,0.637,5,1210,0.1,19.2,23.24,126.0,3,Active,14,249,433,0.5,4
0.47,33.9,1.62,4,12.1,4,0,1.76,1514,0.517,4,3f906f54fc8bda29,0.463,2,1579,13.5,-3.9,6.5,108.9,4,Stopped,36,133,283,0.083,2
0.68,8.4,0.92,3,1.7,5,0,0.76,1124,0.5,3,f16ee1ba6716ed0e,0.643,5,1124,1.1,0.0,2.59,130.7,2,Active,5,17,25,0.0,1
0.507,11.1,1.04,4,2121.7,2,0,3.27,831,0.211,1,9f846dc9d63706f7,0.467,2,1058,0.1,-1.4,34.45,108.8,4,Active,25,263,629,0.16,3
0.359,33.5,0.23,1,442.0,3,1,0.27,1085,0.125,1,c805c3ebfb0f29b2,0.366,1,1163,0.4,28.0,2.08,152.1,1,Active,9,69,195,0.0,1
0.367,102.6,12.38,5,7359.7,1,0,0.1,1100,0.221,1,94da1be633f81abe,0.357,1,1364,0.3,-28.2,2.73,443.8,1,Active,9,258,856,2.111,5
0.214,5.6,3.67,5,0.0,5,0,0.96,868,0.214,1,ccb82512323caec7,0.667,5,868,0.4,0.0,0.58,120.1,3,Active,5,3,14,0.0,1
0.649,16.8,3.62,5,5.5,5,0,0.49,960,0.649,5,a4b490d46a17a1d9,0.8,5,1063,0.2,-80.0,1.4,156.7,1,Active,8,23,37,0.0,1
0.415,9.9,1.15,4,71.0,4,0,1.23,914,0.19,1,146c14f31647fbf0,0.41,2,933,0.2,-2.7,7.17,136.3,2,Active,12,70,176,0.167,3
0.245,7.6,0.05,1,6.6,5,1,0.7,1164,0.263,1,3979df3ab0eb5b82,0.234,1,1164,0.5,0.0,7.52,142.2,2,Active,5,54,237,0.0,1
0.459,35.1,1.15,4,4509.3,1,0,2.2,1923,0.412,3,a93a18db962704fa,0.487,3,2159,0.1,4.8,56.71,93.6,5,Active,77,1983,4600,0.961,5
0.45,72.2,0.15,1,2099.9,2,1,0.4,1634,0.279,1,dcf9bc73a823aad2,0.469,2,1723,1.9,-0.2,3.08,119.1,3,Active,27,210,480,0.296,3
0.355,47.6,0.46,2,465.1,3,1,0.7,2186,0.281,1,6d29efe3c2434cfa,0.42,2,2307,0.2,7.8,8.51,138.0,2,Active,33,404,1602,1.455,5
0.533,62.8,0.77,3,31.8,4,0,1.17,1573,0.516,4,6a7e46c27e70c3b1,0.694,5,1687,1.1,20.6,4.25,141.8,2,Active,24,87,165,0.458,4
0.422,7.0,0.12,1,9.2,4,1,0.98,867,0.0,1,f14e3ebeb91f7bee,0.356,1,867,0.5,0.0,8.47,119.1,3,Active,5,43,102,0.0,1
0.447,64.6,3.49,5,78.8,4,0,0.45,2109,0.469,3,09eed15d51d3dc92,0.572,4,2109,0.1,39.9,13.6,132.0,2,Active,29,875,2033,0.448,4
0.356,122.2,1.04,4,320.1,3,0,0.63,1468,0.282,1,b67ca01cf962ef00,0.422,2,1764,1.2,1.6,3.91,169.2,1,Active,76,470,1400,1.053,5
0.495,14.1,8.5,5,209.1,3,0,1.27,1038,0.364,2,3aa2a784815ef312,0.551,4,1095,0.8,30.0,7.28,115.0,3,Active,16,92,190,0.5,4
0.175,30.6,0.8,3,17.8,4,0,0.56,1005,0.333,2,007866cd30a9937c,0.216,1,1020,12.6,9.0,0.68,115.6,3,Stopped,9,11,63,0.0,1
0.39,22.6,1.45,4,3532.1,1,0,3.8,1422,0.285,1,efc169c15aa34ef7,0.453,2,1540,0.5,9.3,36.89,63.7,5,Active,84,815,2383,1.024,5
0.473,28.2,1.05,4,105.1,3,0,2.15,1530,0.395,2,df50a83732be0535,0.477,2,1530,8.7,9.8,12.46,92.0,5,Stopped,42,243,522,0.5,4
0.418,11.2,0.55,2,6839.3,1,0,2.07,939,0.5,3,f63b705240c4ec25,0.392,1,1134,1.5,-4.8,12.39,114.7,3,Active,20,120,287,0.2,3
0.52,29.0,0.49,2,1162.9,2,1,1.68,2097,0.368,2,592e2b5245d30085,0.516,3,2293,0.2,25.1,9.56,123.7,3,Active,48,273,535,0.396,4
0.539,16.6,0.43,2,1922.0,2,1,2.91,1211,0.613,5,f7a1c7fc9b10411f,0.521,3,1326,0.0,20.6,29.92,78.3,5,Active,47,484,922,0.574,4
0.275,27.8,0.7,3,15666.8,1,0,4.93,1197,0.222,1,ab4e33cfc25ad575,0.287,1,1261,0.0,9.2,37.86,74.8,5,Active,137,1053,3990,0.467,4
0.5,16.1,0.65,3,14.4,4,0,2.12,1540,0.656,5,6f62f77084ea711a,0.634,4,1566,1.5,23.1,16.16,117.9,3,Active,31,236,504,0.258,3
0.337,20.4,62.75,5,170.9,3,0,0.6,1200,0.222,1,46f1064d02077c9d,0.351,1,1312,7.1,-55.0,5.53,180.1,1,Stopped,8,74,255,0.125,2
0.358,36.7,0.8,3,101.9,3,0,0.17,1346,0.393,2,4c0beeb4ecaf2b1c,0.37,1,1346,1.0,0.0,2.63,144.6,1,Active,6,94,282,0.333,3
0.423,9.0,0.28,1,3463.9,1,1,1.99,1296,0.312,2,edbed050a11c65f4,0.426,2,1382,0.2,31.3,12.19,114.4,3,Active,17,104,253,0.647,4
0.457,10.1,1.79,4,970.0,2,0,3.57,1195,0.541,4,435d9430f86721cc,0.462,2,1232,0.0,10.4,34.28,87.5,5,Active,36,346,764,0.972,5
0.467,11.0,29.0,5,6.5,5,0,0.49,831,0.429,3,61d4c7c105af86b4,0.5,3,831,0.9,0.0,1.28,128.0,2,Active,5,13,30,0.0,1
0.644,192.7,6.84,5,164210.4,1,0,0.13,1157,0.6,4,ef3c65bbc9e1726d,0.63,4,1609,1.1,-27.5,0.52,337.2,1,Active,23,94,149,0.739,4
0.455,69.3,3.47,5,1261.1,2,0,0.67,1723,0.365,2,840aad17f5bf841e,0.511,3,1734,1.3,15.6,12.68,105.4,4,Active,41,774,1709,1.171,5
0.4,5.5,0.06,1,20.9,4,1,2.13,958,0.0,1,696c154914e7a0ef,0.423,2,1114,1.0,-73.0,10.88,147.1,1,Active,9,46,115,0.0,1
0.452,31.3,0.73,3,8314.9,1,0,2.49,1913,0.412,3,4a7d009b874d0437,0.479,3,1923,0.0,11.9,38.62,82.4,5,Active,77,1192,2807,0.753,4
0.516,16.0,1.98,4,258.5,3,0,0.81,672,0.667,5,f8cfc8b12aa87018,0.526,3,809,0.3,-40.0,5.47,135.2,2,Active,9,61,128,0.778,4
0.448,67.8,0.35,2,165.5,3,1,0.12,2223,0.465,3,bb288e1d4f129b67,0.473,2,2259,7.3,0.0,20.83,229.2,1,Stopped,7,1261,2942,0.714,4
0.501,9.0,1.51,4,4518.1,1,0,1.35,1073,0.214,1,486f8de606b74f74,0.48,3,1103,0.0,61.0,30.61,134.8,2,Active,8,182,367,0.125,2
0.426,99.4,1.69,4,3339.4,2,0,0.45,2224,0.364,2,40c8aa1d9600d778,0.334,1,2255,9.8,19.6,9.81,258.7,1,Stopped,37,810,1931,0.162,3
0.54,10.0,1.4,4,978.9,2,0,1.92,1094,0.429,3,dfa36394b14c873c,0.54,3,1123,0.1,20.5,17.17,109.7,4,Active,15,134,250,0.0,1
0.419,32.2,1.26,4,5.2,5,0,0.5,892,0.0,1,b08df7e9deb1f293,0.404,2,954,5.0,35.3,1.36,123.3,3,Stopped,13,35,86,0.0,1
0.659,8.9,2.86,5,29.0,4,0,2.64,1166,0.583,4,064bd87fd8948ba5,0.675,5,1324,0.2,2.9,13.18,129.9,2,Active,22,110,170,1.273,5
0.509,26.9,0.54,2,0.8,5,0,0.4,1004,1.0,5,579ee47173f08e2f,0.571,4,1004,8.2,0.0,1.54,118.2,3,Stopped,7,27,57,0.143,3
0.48,33.9,0.75,3,32.6,4,0,0.67,1513,0.425,3,3b40df708c1abb46,0.55,4,1598,2.7,60.2,3.81,141.9,2,Active,21,119,256,0.762,4
0.336,22.2,0.18,1,170.0,3,1,0.31,990,1.0,5,5c46bcff267c1fb3,0.342,1,990,2.6,0.0,2.0,117.2,3,Active,6,39,116,0.333,3
0.577,35.6,0.14,1,8562.2,1,1,0.68,923,0.438,3,931f4e23b9a26e68,0.576,4,923,0.4,4.6,12.09,104.0,4,Active,24,426,801,0.583,4
0.639,6.9,0.75,3,160.0,3,0,2.21,1233,0.6,4,5bccaf889bb3ba12,0.619,4,1233,2.3,12.0,20.3,147.4,1,Active,10,92,147,0.5,4
0.49,28.9,0.08,1,1286.8,2,1,0.64,1391,0.3,2,8ce0c49bcff66742,0.413,2,1391,0.8,80.7,4.48,158.3,1,Active,18,126,261,0.056,2
0.494,67.6,0.01,1,933.6,2,1,0.39,1405,0.491,3,b19d60cb5e5e7de8,0.492,3,1642,0.5,23.9,3.38,112.0,4,Active,26,227,484,0.423,4
0.584,21.0,0.08,1,1432.1,2,1,0.68,450,0.75,5,294b9f37c9e7d49b,0.549,4,837,0.5,-48.0,10.91,131.3,2,Active,13,209,363,0.308,3
0.471,30.5,2.76,5,7787.1,1,0,2.07,1098,0.545,4,949d70abf5c764b9,0.488,3,1218,0.1,10.3,16.07,70.9,5,Active,63,488,1069,0.698,4
0.44,53.3,0.61,2,3376.9,2,0,1.47,1221,0.282,1,13d91abdf79302c6,0.433,2,1221,0.2,25.8,9.25,92.6,5,Active,31,195,450,0.194,3
0.571,23.1,0.12,1,1167.3,2,1,3.34,1547,0.522,4,696bbddbdb686e61,0.56,4,1709,0.4,10.1,47.33,88.3,5,Active,76,1078,2063,0.776,4
0.57,97.9,0.52,2,115.9,3,0,0.21,1553,0.387,2,fef8301d87cc8e71,0.549,4,1764,0.9,0.9,4.38,328.1,1,Active,20,424,1071,1.5,5
0.613,21.1,1.0,3,11.1,4,0,2.53,1436,0.529,4,b40efc959c4b54cf,0.66,5,1436,7.2,-3.9,17.51,101.1,4,Stopped,35,242,403,0.114,2
0.597,12.2,0.56,2,30.5,4,0,1.34,2303,0.457,3,6ace8414a0774a87,0.554,4,2303,0.1,10.3,6.95,179.5,1,Active,15,78,134,0.533,4
0.626,22.0,1.25,4,530.6,3,0,1.92,1362,0.568,4,c28a0154f1910636,0.601,4,1362,4.1,13.0,15.83,96.0,4,Stopped,31,256,425,0.161,3
0.482,3.0,0.74,3,33.3,4,0,2.41,1037,0.286,1,4027f0687b40061c,0.495,3,1038,0.1,0.0,28.87,131.3,2,Active,7,84,195,0.143,3
0.64,17.2,2.1,4,72.3,4,0,1.26,1004,0.286,1,c19bec95bdcd17aa,0.682,5,1024,0.4,29.3,8.16,114.2,3,Active,21,136,214,0.524,4
0.665,41.2,0.12,1,19.7,4,1,0.54,1079,0.667,5,2babb59adc3b9500,0.599,4,1405,0.6,-28.4,5.55,146.8,1,Active,22,225,361,0.182,3
0.573,10.9,1.27,4,477.5,3,0,1.48,980,0.5,3,76b9e59912dc8759,0.558,4,1179,0.5,-28.0,13.59,151.3,1,Active,12,110,211,0.25,3
0.6,5.5,1.28,4,449.3,3,0,3.0,1274,0.634,5,46a98be1ee1038b7,0.644,5,1437,0.0,-28.0,47.5,125.6,3,Active,16,253,450,0.25,3
0.408,23.9,0.87,3,7833.6,1,0,1.43,731,0.463,3,b071f84b4f7ab9d9,0.4,1,888,0.2,-4.6,15.52,88.9,5,Active,34,368,977,0.735,4
0.447,20.3,1.55,4,6217.9,1,0,1.48,1604,0.418,3,35db3dee9939dcd6,0.502,3,1604,0.0,30.7,12.17,92.6,5,Active,30,247,599,0.333,3
0.387,75.9,0.19,1,2158.7,2,1,1.48,1512,0.356,2,12f66341e0640493,0.381,1,1600,1.0,15.4,9.11,78.9,5,Active,111,681,1856,0.865,5
0.487,33.5,0.14,1,1.3,5,1,0.5,803,0.0,1,b2125007f3d9e08a,0.379,1,876,5.2,0.3,1.32,125.0,3,Stopped,14,37,80,0.0,1
0.496,13.7,2.51,5,6172.1,1,0,2.27,1368,0.468,3,47ac2b4f8aa8184e,0.49,3,1414,0.0,7.0,42.96,99.3,4,Active,31,586,1265,0.387,3
0.56,15.4,0.85,3,6322.8,1,0,1.01,1064,1.0,5,6c43a56d1938b1b0,0.472,2,1286,3.5,21.2,2.35,162.9,1,Stopped,12,28,50,0.0,1
0.599,7.9,0.85,3,154.9,3,0,1.95,1334,0.618,5,d23bebea4b99c2d1,0.593,4,1334,0.2,-23.0,22.07,144.1,1,Active,15,170,287,0.533,4
0.553,33.7,5.29,5,3341.8,2,0,0.6,1212,0.531,4,901be5be5db59640,0.49,3,1212,0.1,7.8,15.25,110.5,4,Active,18,456,856,0.222,3
0.416,48.0,6.29,5,47.9,4,0,0.15,1584,0.462,3,f4371975e13fd031,0.6,4,1584,1.6,0.0,1.79,140.0,2,Active,7,81,226,0.429,4
0.397,14.8,0.49,2,3117.6,2,1,1.05,1635,0.294,2,e2ad661170a014ed,0.567,4,1701,0.5,126.7,4.4,139.3,2,Active,15,63,174,0.0,1
0.466,44.6,1.48,4,9183.6,1,0,1.2,1464,0.377,2,81ee79c5915ef789,0.483,3,1473,1.7,24.7,11.23,76.5,5,Active,51,478,1097,0.235,3
0.611,100.1,0.31,2,6625.9,1,1,1.64,1120,0.542,4,fb02a6312d652563,0.631,4,1391,0.3,-3.3,11.81,122.5,3,Active,164,1178,1974,0.848,5
0.452,28.5,0.39,2,824.5,3,1,0.92,1526,0.545,4,c0399ba5338479aa,0.416,2,1526,1.7,2.6,6.35,123.2,3,Active,24,166,409,1.042,5
0.497,23.4,14.75,5,1368.8,2,0,0.39,975,0.571,4,4f8b4756a6c3ab4f,0.446,2,993,2.6,-6.0,2.6,118.8,3,Active,8,54,189,0.0,1
0.559,6.3,5.13,5,10.8,4,0,2.78,949,0.5,3,1e84d9162845fbe5,0.551,4,1108,2.0,-4.3,42.89,151.9,1,Active,12,185,331,0.167,3
0.416,36.8,2.05,4,15969.1,1,0,4.29,1160,0.331,2,394a276a67e55a8b,0.409,2,1430,0.2,16.4,24.0,70.2,5,Active,151,844,2080,0.815,5
0.472,32.3,0.07,1,7186.0,1,1,1.15,1499,0.409,3,ec6ebf35fa4ec65e,0.489,3,1499,3.7,26.9,13.35,101.5,4,Stopped,32,372,909,0.688,4
0.353,23.3,0.17,1,109.0,3,1,0.26,1236,0.125,1,40b0367338bf3fb3,0.308,1,1236,4.2,0.0,0.63,55.1,5,Stopped,5,12,34,0.0,1
0.611,75.3,1.84,4,9.2,4,0,0.28,2104,0.541,4,3b1adacc1f063111,0.653,5,2159,0.5,39.1,3.45,351.0,1,Active,21,257,491,0.333,3
0.485,16.1,0.13,1,1.5,5,1,0.51,1203,0.75,5,10708be5c5e9356e,0.542,3,1203,2.8,0.0,2.65,150.6,1,Active,6,31,68,0.0,1
0.627,8.5,9.0,5,2035.4,2,0,1.49,1382,0.647,5,23c3b08d3113c536,0.72,5,1382,0.0,0.0,19.65,96.0,4,Active,12,158,260,0.417,4
0.622,26.2,0.44,2,1592.2,2,1,0.95,1523,0.594,4,a65c008e3a92d158,0.638,5,1523,5.0,29.3,41.42,126.0,3,Stopped,20,874,1464,1.8,5
0.431,60.3,2.1,4,36084.5,1,0,1.26,1668,0.427,3,8ff90701b440fc64,0.424,2,1668,8.6,5.8,9.68,90.2,5,Stopped,65,499,1267,1.031,5
0.439,66.5,0.11,1,3.7,5,1,0.37,2099,0.19,1,e9798771a85c295e,0.478,3,2099,0.8,33.2,1.32,174.3,1,Active,24,87,198,0.0,1
0.422,39.5,0.24,1,7.2,5,1,0.91,1286,0.324,2,5b28a07c78986c4b,0.515,3,1348,8.3,-15.3,4.44,128.2,2,Stopped,18,88,211,0.0,1
0.684,3.3,37.0,5,6.0,5,0,2.35,991,0.5,3,a3a287ad32f22ce3,0.824,5,991,0.4,38.0,8.74,147.5,1,Active,7,26,38,0.571,4
0.626,173.7,96.15,5,10589.2,1,0,1.08,1098,0.459,3,872f52f1cafe6695,0.648,5,1367,0.2,1.4,9.54,121.3,3,Active,165,1460,2526,0.758,4
0.446,20.2,1.37,4,45.6,4,0,3.71,1611,0.397,3,405790ebb871ba5f,0.526,3,1668,1.1,7.6,20.15,83.8,5,Active,61,331,820,0.426,4
0.402,17.0,0.18,1,10213.4,1,1,0.56,822,0.333,2,6be2b94208fc04aa,0.394,1,906,0.8,-23.0,10.77,132.4,2,Active,9,173,435,0.111,2
0.365,12.5,0.14,1,11694.7,1,1,0.78,1140,0.273,1,3d98adb468d9144d,0.359,1,1140,0.2,42.0,11.29,118.4,3,Active,9,130,367,0.0,1
0.39,22.5,2.28,5,13483.2,1,0,0.57,1620,0.311,2,2b98310330ed4efd,0.487,3,1620,1.2,-2.3,4.45,159.8,1,Active,12,94,246,0.083,2
0.572,28.1,0.95,3,1062.9,2,0,1.58,2364,0.53,4,b7a6d38ccfa1d997,0.653,5,2364,2.9,28.5,23.06,139.0,2,Active,37,539,1069,1.703,5
0.58,10.2,1.2,4,87.4,4,0,1.63,978,0.52,4,b418b5a61a269508,0.545,4,982,0.8,6.0,19.7,124.6,3,Active,9,109,200,0.667,4
0.625,31.7,0.14,1,0.0,5,1,2.03,922,0.625,5,5b7dd4ac9e57d443,1.0,5,922,28.6,0.0,2.03,113.7,3,Stopped,5,5,8,0.0,1
0.472,32.2,2.29,5,4333.2,1,0,1.19,1433,0.354,2,f05bf60e81953896,0.562,4,1433,0.0,60.5,13.59,91.1,5,Active,36,411,886,0.444,4
0.313,42.7,0.68,3,326.8,3,0,2.06,2108,0.193,1,c6e1c57294da74a9,0.331,1,2108,15.5,16.4,13.2,95.7,4,Stopped,56,359,1305,1.143,5
0.554,12.0,1.07,4,49.1,4,0,1.21,1422,0.631,5,14dc0d70c23dd45d,0.555,4,1422,0.5,0.0,23.39,104.1,4,Active,12,231,439,0.083,2
0.587,11.4,2.94,5,1.6,5,0,1.31,1121,0.0,1,2096c420bd63f682,0.469,2,1250,0.4,0.0,13.49,147.9,1,Active,7,72,126,0.0,1
0.578,17.9,0.28,1,37.4,4,1,0.72,1361,0.333,2,10f763376ac94764,0.51,3,1361,0.5,124.0,4.35,100.0,4,Active,12,72,128,0.0,1
0.262,15.7,3.65,5,1238.7,2,0,0.75,988,0.214,1,dde800bd9aef1d83,0.34,1,1197,1.0,-48.5,4.61,146.8,1,Active,11,68,279,0.909,5
0.591,36.3,3.38,5,10.0,4,0,1.24,2084,0.462,3,52486cb26a42b855,0.575,4,2350,0.2,16.6,9.93,137.0,2,Active,45,359,609,0.089,2
0.439,57.1,0.25,1,1234.3,2,1,0.88,1732,0.455,3,9f081814b6b1c130,0.404,2,1732,6.6,22.1,19.78,79.3,5,Stopped,39,877,2051,0.667,4
0.531,7.5,0.98,3,247.0,3,0,1.36,958,0.2,1,62ceec855837de52,0.515,3,1045,0.8,25.0,6.03,143.8,1,Active,9,40,81,0.444,4
0.379,50.5,0.0,1,2462.8,2,1,0.81,1054,0.333,2,c141c1568dffe4f3,0.378,1,1208,1.1,34.1,8.45,86.8,5,Active,39,407,1136,1.231,5
0.508,78.0,0.11,1,9234.2,1,1,0.18,1232,0.306,2,d0be45cb65567ad6,0.52,3,1232,1.0,8.3,3.6,142.9,2,Active,14,277,565,1.571,5
0.559,29.9,4.53,5,1920.7,2,0,0.57,1187,0.514,4,48ba08b30c6b967b,0.545,4,1299,0.1,12.2,14.76,121.3,3,Active,17,441,1155,1.0,5
0.309,17.4,42.86,5,468.6,3,0,0.61,1220,0.167,1,f2ee2b6a0b8badf7,0.473,2,1220,0.9,0.0,5.49,121.1,3,Active,10,90,307,0.8,5
0.594,33.5,6.75,5,63.8,4,0,0.21,964,0.594,4,2955e669ad63ed0b,0.528,3,1003,0.5,0.0,2.6,131.0,2,Active,7,86,155,0.429,4
0.296,43.0,0.51,2,75967.3,1,0,0.12,1039,0.2,1,cda0dce7105f2c1b,0.294,1,1039,1.2,0.0,0.5,129.6,2,Active,5,21,71,0.6,4
0.382,50.8,1.53,4,179.0,3,0,1.93,1132,0.333,2,1e7bae47aaefb259,0.401,2,1431,15.1,2.9,6.95,68.5,5,Stopped,69,248,689,0.725,4
0.56,21.2,0.48,2,9065.5,1,1,0.52,958,1.0,5,b96708868bb1142b,0.444,2,994,0.2,6.7,4.18,124.9,3,Active,11,88,175,0.091,2
0.354,43.9,0.04,1,7.1,5,1,0.47,1023,0.4,3,e0a90c53b2f37ad6,0.324,1,1101,3.3,-7.8,1.26,123.3,3,Stopped,19,51,144,0.053,2
0.421,10.6,4.59,5,844.7,3,0,1.07,766,0.5,3,eb1e8c8f0fcf4ee6,0.333,1,954,0.3,-20.0,3.52,134.1,2,Active,11,36,95,0.818,5
0.513,21.9,1.67,4,4077.4,1,0,0.66,1163,0.524,4,c7ffa30cd1ab0e7d,0.646,5,1163,0.6,14.5,8.86,124.2,3,Active,11,147,337,3.0,5
0.733,18.8,1.14,4,0.0,5,0,0.35,960,0.733,5,db9b7f32603fadeb,1.0,5,977,0.2,0.0,0.64,125.2,3,Active,6,11,15,0.0,1
0.588,41.8,0.52,2,43.1,4,0,0.66,1061,0.25,1,3c997dde08fcff69,0.63,4,1074,0.3,9.4,2.44,102.8,4,Active,25,92,160,0.08,2
0.387,8.7,1.33,4,3701.9,1,0,0.62,1055,0.167,1,1990d88a509c1167,0.361,1,1055,0.0,0.0,10.78,116.8,3,Active,5,87,238,0.4,4
0.407,36.3,0.59,2,1447.8,2,0,1.44,1602,0.286,1,a00a37e5d04d99a9,0.461,2,1613,0.2,21.8,25.07,91.6,5,Active,49,855,2266,1.102,5
0.461,28.2,0.72,3,619.0,3,0,1.33,1677,0.412,3,39285a8117b1b1d3,0.559,4,1702,0.7,25.8,28.01,100.7,4,Active,36,756,1711,0.944,5
0.619,1.9,0.4,2,3.5,5,1,3.72,1166,0.5,3,464468e23bcb2f7a,0.727,5,1166,0.5,0.0,9.67,124.4,3,Active,5,13,21,0.0,1
0.504,38.2,0.5,2,457.5,3,0,1.59,1621,0.477,3,6576c90ebd98c5bb,0.477,2,1748,0.4,20.5,9.75,83.8,5,Active,60,368,744,0.733,4
0.564,21.4,1.83,4,2183.3,2,0,1.97,2158,0.526,4,b35a76769511c7ea,0.588,4,2158,0.0,16.8,67.33,127.8,2,Active,38,1300,2348,1.895,5
0.505,43.3,0.43,2,26816.1,1,1,0.61,1104,0.382,2,c1156240dfc779f3,0.519,3,1183,7.4,20.0,13.62,110.0,4,Stopped,22,488,967,0.455,4
0.531,34.7,0.36,2,2531.9,2,1,1.23,1263,0.368,2,43af6fec27f9ae21,0.562,4,1407,1.0,12.6,2.78,94.2,5,Active,41,93,175,0.073,2
0.629,16.2,0.22,1,855.7,3,1,1.62,1288,0.273,1,a5243516b0c6d154,0.649,5,1288,0.2,14.2,9.99,126.6,3,Active,17,105,170,0.412,4
0.556,26.0,1.31,4,6352.6,1,0,1.63,1543,0.513,4,035db1668fb95a9b,0.572,4,1579,0.3,17.1,26.17,96.4,4,Active,42,674,1249,1.452,5
0.432,11.2,0.38,2,10.8,4,1,0.92,605,0.432,3,6b7c5ffba2ff2105,0.405,2,821,0.4,-52.5,3.69,136.7,2,Active,10,40,95,0.2,3
0.439,110.7,0.62,2,275.6,3,0,0.33,1676,0.421,3,e73bea58c7d8923d,0.477,2,1690,3.6,14.9,3.06,237.3,1,Stopped,34,318,976,2.235,5
0.455,8.3,0.55,2,131.6,3,0,0.94,1335,0.5,3,58e11284bf6e86ad,0.364,1,1335,0.8,0.0,9.92,112.1,4,Active,7,74,191,0.857,5
0.676,25.0,0.06,1,1225.6,2,1,1.09,966,0.8,5,66a90d55738f48fa,0.607,4,976,1.2,18.7,6.22,108.9,4,Active,26,148,222,0.154,3
0.436,16.3,1.2,4,5.2,5,0,1.22,1539,0.273,1,c11e6134a4992f2d,0.449,2,1813,0.8,0.3,4.38,194.8,1,Active,19,68,156,0.053,2
0.401,15.6,1.56,4,321.6,3,0,2.36,1486,0.392,2,95757bae45fcf55d,0.395,1,1486,0.8,10.2,26.82,98.4,4,Active,35,397,1086,1.543,5
0.404,46.1,0.1,1,3128.0,2,1,2.5,773,0.5,3,660a43c41b45c1ed,0.364,1,911,30.1,10.4,9.98,99.3,4,Stopped,40,160,399,0.175,3
0.463,9.6,4.71,5,21.7,4,0,1.58,1268,0.143,1,8fce5f36a2c6a395,0.4,1,1362,0.7,80.0,8.55,120.0,3,Active,14,76,177,0.5,4
0.625,4.8,0.46,2,809.0,3,1,5.68,1349,0.533,4,63c112433e68e13b,0.646,5,1349,0.2,19.2,46.3,96.9,4,Active,26,212,355,0.5,4
0.373,78.9,0.05,1,4828.8,1,1,1.76,1228,0.275,1,3dbae53e882ddf74,0.382,1,1480,12.4,-6.8,9.45,143.6,1,Stopped,115,617,1988,1.574,5
0.491,33.3,1.2,4,4994.5,1,0,2.2,1077,0.573,4,938a4ae5358ee685,0.553,4,1475,0.1,2.7,52.91,72.4,5,Active,71,1704,3865,1.0,5
0.589,40.5,2.35,5,4406.4,1,0,1.45,970,0.619,5,5b4060ab68697482,0.579,4,1087,0.1,-10.2,21.41,111.5,4,Active,24,354,643,0.458,4
0.687,9.4,3.35,5,226.1,3,0,1.18,1116,0.742,5,fad10e276ab19f2a,0.715,5,1116,0.0,-3.0,31.42,130.3,2,Active,10,266,387,0.7,4
0.562,31.8,0.44,2,5253.9,1,1,1.98,1365,0.588,4,66ac37741d08312e,0.556,4,1467,0.2,9.4,27.64,76.1,5,Active,48,669,1202,0.667,4
0.517,70.0,0.04,1,9107.6,1,1,0.16,1498,0.31,2,3d270d0fdbf05250,0.54,3,1498,4.7,0.0,1.18,129.2,2,Stopped,10,75,151,0.5,4
0.511,47.4,0.0,1,4146.9,1,1,0.15,1614,0.49,3,1b5b56ff1f6cc9ce,0.673,5,1618,8.6,0.0,4.56,170.7,1,Stopped,6,177,493,3.333,5
0.376,51.2,2.47,5,2700.7,2,0,0.47,1205,0.439,3,253dea923efa6eab,0.426,2,1225,10.8,11.0,6.3,96.9,4,Stopped,19,253,704,0.632,4
0.658,2.3,1.53,4,12.8,4,0,4.66,1280,0.658,5,0ee1fae72fc64fa6,0.7,5,1358,0.4,0.0,15.98,168.7,1,Active,7,24,38,0.429,4
0.364,27.6,0.26,1,88.2,4,1,0.19,1567,0.234,1,21040c35d4623bd6,0.382,1,1567,0.9,0.0,2.59,90.1,5,Active,5,67,184,0.2,3
0.614,10.2,0.4,2,5.8,5,1,2.24,1137,0.5,3,0278cdbec76d9823,0.591,4,1142,1.1,18.5,18.38,145.8,1,Active,10,82,153,0.1,2
0.457,82.1,0.05,1,996.4,2,1,0.18,1133,0.312,2,b5f27956d1870afb,0.548,4,1413,27.1,-17.0,4.36,440.4,1,Stopped,10,240,525,0.3,3
0.453,29.6,1.39,4,752.9,3,0,2.12,1746,0.49,3,2edfb8038ff7e582,0.475,2,1793,0.3,14.9,45.61,80.5,5,Active,50,1074,2545,1.62,5
0.541,39.9,1.44,4,2.3,5,0,0.76,1201,0.545,4,007f197cd3a214bd,0.447,2,1201,5.4,51.8,1.93,125.6,3,Stopped,13,33,61,0.0,1
0.424,9.2,1.24,4,2479.8,2,0,1.88,881,0.571,4,b250c537bad2f6d1,0.394,1,1022,0.1,-2.6,17.04,133.1,2,Active,15,136,323,0.333,3
0.505,34.0,1.02,3,3.8,5,0,0.4,2071,0.75,5,7779a99d3d2fd74d,0.554,4,2071,1.2,179.7,1.55,161.8,1,Active,13,51,103,0.077,2
0.37,18.8,2.19,5,1210.4,2,0,2.06,1268,0.333,2,6a9e0c07e535820d,0.389,1,1268,0.4,22.1,6.62,89.8,5,Active,38,122,332,0.105,2
0.621,16.0,3.07,5,33.2,4,0,3.27,1037,0.571,4,06feba5822220eac,0.6,4,1038,1.2,-1.5,12.8,88.4,5,Active,35,137,224,0.029,2
0.35,17.2,0.43,2,5.6,5,1,0.8,883,0.5,3,620ff1e3dfb1e109,0.263,1,884,5.0,5.5,1.4,133.7,2,Stopped,8,14,40,0.0,1
0.506,22.2,0.85,3,4676.5,1,0,3.42,1747,0.472,3,3a06000892745eb4,0.535,3,1853,0.0,14.7,45.14,77.7,5,Active,74,976,1943,1.176,5
0.626,24.9,0.03,1,133.1,3,1,0.47,1072,0.267,1,21e1277d30b6fd4d,0.633,4,1151,1.3,-3.3,2.41,164.6,1,Active,11,57,91,0.909,5
0.386,46.2,0.85,3,604.3,3,0,0.17,869,0.4,3,0f0110bb95497cf3,0.41,2,869,17.3,0.0,3.19,119.4,3,Stopped,5,92,254,1.2,5
0.487,17.7,0.93,3,2391.8,2,0,3.34,1431,0.44,3,4243b5d2df89a63b,0.48,3,1490,0.3,17.8,26.22,81.5,5,Active,57,448,973,1.333,5
0.5,46.3,2.0,4,532.6,3,0,0.14,1055,0.273,1,66f8126111f0cb2a,0.544,4,1055,2.3,121.0,1.44,112.1,4,Active,6,61,126,0.833,5
0.4,23.6,2.57,5,8.0,4,0,1.1,897,0.4,3,cb2b13bf6f698f36,0.375,1,901,16.4,0.0,1.58,122.5,3,Stopped,7,10,25,0.0,1
0.33,148.8,0.02,1,1538.8,2,1,0.18,1690,0.192,1,fb4f1d525f3efb3d,0.323,1,1753,15.7,7.8,1.49,310.4,1,Stopped,24,199,625,0.542,4
0.7,51.0,1.88,4,11027.8,1,0,1.72,1161,0.781,5,a456ec6b4ff4d005,0.701,5,1275,0.6,11.6,13.14,75.4,5,Active,80,610,877,0.725,4
0.482,39.7,0.71,3,157.9,3,0,0.34,1202,0.506,4,2e743092dc553a5d,0.449,2,1281,0.1,24.7,15.76,145.3,1,Active,12,551,1210,3.583,5
0.483,7.2,0.19,1,1937.5,2,1,1.01,1070,0.379,2,5f84601e67fe3750,0.515,3,1070,0.2,0.0,15.35,126.5,3,Active,7,106,288,1.571,5
0.622,12.1,4.16,5,2608.4,2,0,1.27,763,0.622,5,b1cf7aa152a4206c,0.545,4,820,0.8,-14.0,6.92,133.9,2,Active,11,60,98,0.0,1
0.5,14.7,0.09,1,783.8,3,1,3.6,899,0.5,3,196c96a2fc568ec9,0.552,4,1047,0.4,-26.2,11.12,142.4,2,Active,11,34,72,0.727,4
0.6,27.5,1.35,4,2451.9,2,0,4.41,1428,0.594,4,96a16cc7e024231f,0.609,4,1616,1.3,9.9,41.22,72.3,5,Active,115,1075,2090,1.783,5
0.617,18.3,0.32,2,1018.4,2,1,1.52,1250,1.0,5,c67d3358ebc3c414,0.692,5,1250,5.4,45.7,7.58,109.6,4,Stopped,18,90,149,0.0,1
0.547,7.4,0.42,2,1341.4,2,1,2.64,1058,0.547,4,dfee8eb163bf12ba,0.757,5,1096,0.2,-1.0,12.91,137.6,2,Active,9,44,95,0.444,4
0.454,41.7,5.18,5,14222.0,1,0,1.72,1395,0.328,2,d983790cde2e7b26,0.48,3,1524,5.7,15.1,13.78,76.8,5,Stopped,58,465,1045,1.138,5
0.5,68.7,0.11,1,2033.3,2,1,0.58,1439,0.428,3,6ed138cd6f3cb5d6,0.472,2,1439,4.7,11.1,8.09,95.4,5,Stopped,36,502,1025,0.917,5
0.545,4.9,0.83,3,24.6,4,0,5.44,922,0.545,4,85171c7152fd040a,0.55,4,922,0.2,0.0,12.7,129.8,2,Active,6,14,33,0.0,1
0.37,66.2,2.38,5,5.4,5,0,0.09,1040,0.37,2,a9c246435a2ade32,0.455,2,1040,2.7,0.0,0.16,148.5,1,Active,6,10,27,0.0,1
0.606,25.2,0.45,2,3818.5,1,1,1.35,1697,0.547,4,048ac83a3e9bf1ef,0.628,4,1697,0.8,8.6,11.81,122.3,3,Active,33,288,490,0.303,3
0.479,29.8,0.43,2,4957.9,1,1,1.13,1402,0.222,1,df55919c44ffaf62,0.492,3,1466,6.0,43.2,6.98,122.3,3,Stopped,27,166,363,0.148,3
0.558,22.5,0.58,2,1749.4,2,0,0.79,1005,0.407,3,180ecd906e4fb94e,0.548,4,1035,0.0,26.4,7.05,108.8,4,Active,16,142,265,0.188,3
0.404,37.7,0.48,2,1779.8,2,1,1.49,1025,0.24,1,5a1985b4a9b7270d,0.569,4,1173,19.9,16.5,4.55,111.2,4,Stopped,21,64,166,0.429,4
0.72,42.5,0.03,1,13610.3,1,1,0.36,1104,0.5,3,16b1d00d57be9ad3,0.847,5,1161,3.9,63.5,3.06,109.6,4,Stopped,14,118,164,0.0,1
0.437,45.2,1.1,4,3197.4,2,0,2.36,1296,0.331,2,a99b0df8fdacdca7,0.441,2,1531,0.1,4.5,9.8,72.8,5,Active,105,436,1092,0.457,4
0.504,30.4,0.86,3,3938.8,1,0,2.01,1316,0.435,3,20d30bed9fdcf114,0.511,3,1331,6.4,14.1,16.1,89.8,5,Stopped,42,336,684,0.786,4
0.455,9.1,1.52,4,286.5,3,0,1.68,1192,0.188,1,a5470dd0f5c9818f,0.562,4,1227,0.1,43.5,5.93,104.4,4,Active,15,53,121,0.467,4
0.482,27.0,1.53,4,31.0,4,0,0.2,1632,0.378,2,59d6921df48695c4,0.47,2,1632,0.5,0.0,8.5,141.7,2,Active,5,217,473,1.0,5
0.471,21.6,0.19,1,550.2,3,1,0.71,915,0.333,2,df4c6b16f3af9390,0.429,2,915,1.8,0.0,7.23,131.4,2,Active,6,61,157,0.0,1
0.516,51.9,0.31,2,232.2,3,1,2.38,1949,0.489,3,6f58dc777b8bcc85,0.586,4,1949,0.0,15.4,33.62,71.9,5,Active,123,1740,3666,1.309,5
0.423,12.6,0.12,1,580.9,3,1,2.5,998,0.5,3,ff4f2bb90a4bf725,0.403,2,1216,0.8,12.7,12.31,109.7,4,Active,26,128,317,0.346,3
0.521,26.1,0.28,1,5505.3,1,1,0.78,1603,0.455,3,27d7002e84e98190,0.461,2,1603,1.8,17.7,5.07,130.0,2,Active,19,123,290,0.211,3
0.462,31.7,0.28,1,1020.2,2,1,2.2,2127,0.431,3,1900fe82d7f0ae9a,0.505,3,2277,0.4,15.4,57.31,97.1,4,Active,69,1794,4654,1.087,5
0.589,31.0,0.71,3,3025.4,2,0,1.26,1188,0.714,5,d3bbd781349a0a0e,0.559,4,1223,0.2,24.0,13.78,92.9,5,Active,33,362,683,1.091,5
0.443,56.4,2.53,5,103.3,3,0,0.64,2074,0.358,2,61329893a2fcdc91,0.591,4,2095,0.2,27.8,5.85,119.6,3,Active,36,329,827,0.583,4
0.44,5.1,1.03,3,189.0,3,0,3.33,1139,0.167,1,405f2822127bb8b6,0.471,2,1139,0.0,-0.8,30.82,120.5,3,Active,16,148,341,0.375,3
0.522,31.0,0.05,1,7.6,5,1,1.18,1346,0.345,2,8f9a007b7cd91762,0.542,3,1426,0.4,16.8,3.34,107.1,4,Active,36,102,203,0.056,2
0.545,17.1,0.83,3,7.0,5,0,0.64,891,0.545,4,1d029255518a59eb,0.333,1,891,1.2,36.0,0.64,133.7,2,Active,6,6,11,0.0,1
0.429,17.7,6.0,5,15.5,4,0,0.58,1172,1.0,5,100130d0fbc3aa58,0.292,1,1172,0.2,0.0,1.74,137.0,2,Active,6,18,42,0.0,1
0.38,47.9,0.21,1,26.5,4,1,4.7,1509,0.368,2,3f3325a328abd2f0,0.457,2,1509,0.2,21.0,27.59,153.9,1,Active,8,47,129,0.0,1
0.581,13.0,1.46,4,7.2,5,0,1.5,1268,0.333,2,a46d54e09a94c6bd,0.512,3,1318,1.0,30.7,6.11,136.3,2,Active,12,49,86,0.0,1
0.523,20.4,1.94,4,1127.0,2,0,1.52,1181,0.552,4,a18f4f2065fa0a77,0.527,3,1188,0.6,14.5,36.59,95.8,4,Active,30,724,1616,1.433,5
0.541,31.3,3.62,5,6.4,5,0,0.48,923,0.25,1,5a8fc755b4c00759,0.5,3,947,5.0,-3.0,1.38,141.6,2,Stopped,7,20,37,0.143,3
0.414,44.0,0.55,2,4252.4,1,0,1.26,1380,0.329,2,0c5795d50b24fbc0,0.394,1,1563,1.2,31.7,20.03,87.9,5,Active,54,857,2275,1.481,5
0.486,32.6,0.42,2,489.6,3,1,1.12,1760,0.475,3,17c7d982bee3a597,0.592,4,1760,7.6,3.4,9.17,103.0,4,Stopped,23,188,453,0.174,3
0.333,7.4,0.3,2,17.5,4,1,1.94,1286,0.385,2,f8b4083c0c378cec,0.3,1,1319,0.7,29.3,7.32,153.0,1,Active,13,49,147,0.077,2
0.414,16.9,1.41,4,151.0,3,0,3.54,1208,0.397,3,4e68b9392b9f3be1,0.41,2,1208,2.0,5.5,27.32,89.1,5,Active,33,255,664,1.545,5
0.461,21.1,1.05,4,700.0,3,0,0.66,897,0.286,1,778b0ad85f3b975d,0.506,3,897,4.0,6.0,4.84,115.0,3,Stopped,11,81,191,0.545,4
0.415,30.0,0.67,3,4914.3,1,0,4.59,1174,0.416,3,66d95086578ee5bc,0.405,2,1357,0.0,6.8,36.06,69.9,5,Active,94,738,1820,0.489,4
0.448,32.8,1.27,4,1.8,5,0,0.46,1333,0.25,1,1ab81e2f266268ea,0.356,1,1364,0.2,35.2,1.93,160.5,1,Active,12,50,116,0.0,1
0.614,23.9,1.12,4,25.0,4,0,1.06,2075,0.47,3,0c582e31212ce6ec,0.672,5,2226,0.2,61.9,6.17,191.2,1,Active,25,146,259,0.88,5
0.615,44.6,2.94,5,53.0,4,0,0.48,1280,0.586,4,b84316e852c94aa3,0.566,4,1313,15.2,2.5,3.14,180.9,1,Stopped,11,72,122,1.0,5
0.538,16.8,0.49,2,4.0,5,1,1.41,1110,0.0,1,5c758cf8586e3840,0.378,1,1191,3.3,-19.8,4.0,112.8,4,Stopped,19,54,104,0.0,1
0.391,31.7,0.26,1,133.5,3,1,1.04,1383,0.438,3,415c5a16e3843fa3,0.373,1,1383,0.9,20.1,3.89,95.3,5,Active,32,120,327,0.0,1
0.631,32.2,0.67,3,200.8,3,0,0.24,1048,0.364,2,06b88593cf7f0fbe,0.562,4,1063,0.5,0.0,3.36,128.1,2,Active,7,98,157,0.143,3
0.505,61.3,3.35,5,1944.3,2,0,0.62,1888,0.493,3,44d931df5e69f72d,0.566,4,1888,16.2,22.6,18.55,116.2,3,Stopped,28,836,2456,4.25,5
0.403,18.6,230.0,5,2145.7,2,0,0.34,1054,0.667,5,1990321360aa2b5a,0.495,3,1065,0.0,0.0,5.32,128.7,2,Active,6,93,231,0.333,3
0.461,33.0,0.71,3,4575.7,1,0,2.71,1240,0.404,3,21c6086bdb755173,0.486,3,1407,0.1,15.5,18.32,74.8,5,Active,89,602,1319,0.697,4
0.439,11.3,0.06,1,0.1,5,1,0.69,644,0.0,1,1afaff46c014e519,0.5,3,786,0.4,-70.0,2.38,158.3,1,Active,7,24,57,0.0,1
0.498,16.9,1.4,4,1296.9,2,0,1.49,1183,0.496,3,a81cba21a820819d,0.483,3,1311,0.1,-21.2,19.46,126.1,3,Active,25,327,810,0.52,4
0.411,84.0,0.58,2,1743.2,2,0,0.58,2228,0.327,2,1979440e8adbc508,0.399,1,2370,5.2,13.7,4.72,226.1,1,Stopped,46,372,1044,0.717,4
0.475,23.2,0.61,2,364.5,3,0,0.64,993,1.0,5,b05ad603d6316357,0.533,3,1009,4.3,28.3,1.54,117.6,3,Stopped,12,29,61,0.083,2
0.682,18.7,1.83,4,2981.5,2,0,1.52,1312,0.533,4,d8f81a15944f532d,0.667,5,1390,1.1,19.0,14.16,112.1,4,Active,21,196,292,0.429,4
0.375,107.7,0.1,1,9876.2,1,1,0.99,1392,0.255,1,61cbe5c4678ca61d,0.408,2,1635,2.1,-0.4,6.62,149.6,1,Active,104,697,1979,0.769,4
0.472,29.0,0.64,3,21.4,4,0,0.65,1195,0.483,3,c64057831a0ac05f,0.466,2,1195,0.4,30.2,4.93,131.9,2,Active,16,121,267,0.125,2
0.489,16.7,0.24,1,79.6,4,1,1.99,961,0.2,1,63e335a944970b67,0.571,4,1320,2.0,-23.2,5.27,172.0,1,Active,17,45,94,0.0,1
0.512,21.5,0.55,2,1529.4,2,0,2.64,1260,0.485,3,6883342c4abe71e1,0.559,4,1340,1.6,3.2,35.64,71.1,5,Active,52,701,1470,0.558,4
0.796,7.5,2.86,5,2212.5,2,0,2.99,2279,0.785,5,0f4ccd5675f86a19,0.83,5,2279,0.2,107.3,76.2,130.9,2,Active,22,560,706,3.136,5
0.597,11.0,0.2,1,6.3,5,1,1.16,1410,0.444,3,00e422cb1cf3338f,0.618,4,1410,0.0,0.0,7.13,163.0,1,Active,7,43,72,0.0,1
0.466,63.4,0.87,3,28379.3,1,0,0.59,1004,0.232,1,9a2f0b7eac70d239,0.574,4,1019,2.6,1.8,5.4,79.5,5,Active,35,323,714,0.143,3
0.433,35.4,0.1,1,9777.2,1,1,2.05,1328,0.229,1,616a400cd9bc65fb,0.401,2,1562,5.2,-12.2,8.08,80.7,5,Stopped,62,244,594,0.435,4
0.565,20.6,0.88,3,4430.5,1,0,0.95,1217,0.676,5,f1078b474b2a5ce2,0.567,4,1217,1.0,9.0,26.29,123.4,3,Active,18,500,903,0.222,3
0.431,56.6,1.3,4,649.9,3,0,1.41,1972,0.322,2,04abf523e556c67e,0.448,2,2300,0.0,23.6,25.2,113.0,4,Active,63,1129,2710,0.905,5
0.292,22.3,2.62,5,12352.3,1,0,2.68,854,0.294,2,ba6a1ac1d9e12a81,0.284,1,1046,7.9,12.5,12.88,92.6,5,Stopped,30,144,493,0.267,3
0.639,11.7,43.38,5,26.5,4,0,1.45,1036,0.4,3,dfa433d33b29cbfe,0.662,5,1036,0.0,10.0,23.15,125.3,3,Active,13,207,355,0.154,3
0.688,20.7,0.81,3,36.6,4,0,2.65,1475,0.619,5,387d6eeb0e6067fc,0.652,5,1562,0.5,5.8,14.39,87.3,5,Active,28,152,224,0.0,1
0.553,70.6,0.57,2,83.8,4,0,0.77,2135,0.42,3,bc5494cbbb25166a,0.553,4,2135,0.4,2.4,5.16,109.3,4,Active,52,348,649,0.519,4
0.43,40.3,9.75,5,4400.5,1,0,1.29,1378,0.363,2,b1ef5ea5f3f2c22e,0.419,2,1378,0.1,21.3,7.69,81.8,5,Active,52,309,774,0.827,5
0.518,28.8,0.11,1,476.1,3,1,1.58,1269,0.41,3,b8ef2e2c70db130a,0.542,3,1320,3.4,7.9,6.11,88.3,5,Stopped,40,155,301,0.275,3
0.51,33.5,0.25,1,100.4,3,1,1.32,443,0.333,2,65ed658f656ef686,0.437,2,846,13.7,-23.9,7.74,107.9,4,Stopped,26,153,345,0.115,2
0.569,50.3,50.0,5,38.3,4,0,0.35,944,0.5,3,90f316e262fd6c3a,0.559,4,968,11.5,1.5,3.93,121.3,3,Stopped,10,112,204,1.1,5
0.487,28.8,0.4,2,2006.7,2,1,1.86,1169,0.397,3,5490845ba7297e65,0.466,2,1169,0.4,5.0,15.53,78.3,5,Active,51,426,891,0.647,4
0.289,8.6,1.31,4,4.4,5,0,1.33,763,0.0,1,adb064de9cafd41a,0.314,1,855,0.4,-11.8,3.07,134.6,2,Active,10,23,83,0.0,1
0.281,12.8,0.24,1,125.3,3,1,2.34,961,0.275,1,018fb0dd44203fad,0.263,1,1187,0.4,20.4,12.08,116.8,3,Active,29,150,602,0.207,3
0.507,19.0,0.83,3,224.4,3,0,1.5,1306,0.705,5,a49f38cbfea4e233,0.502,3,1342,0.4,27.1,15.89,90.4,5,Active,28,296,586,0.071,2
0.512,71.5,0.27,1,100.5,3,1,0.47,1914,0.379,2,8cd6eb1b3d4e5dd7,0.506,3,1987,0.8,37.1,5.83,92.0,5,Active,33,410,887,0.909,5
0.556,66.7,0.48,2,308.1,3,1,0.42,933,0.556,4,a4993d4e1a1a4780,0.654,5,993,48.3,0.0,5.28,148.5,1,Stopped,7,89,180,0.0,1
0.478,6.7,5.48,5,4.0,5,0,1.55,1286,0.333,2,111eabb6848c813b,0.485,3,1286,0.2,37.5,10.05,131.7,2,Active,10,65,136,0.1,2
0.52,6.4,74.0,5,258.0,3,0,0.82,1413,0.5,3,f848845010869ae5,0.645,5,1413,0.4,0.0,6.26,186.5,1,Active,5,38,75,0.2,3
0.575,11.4,0.97,3,3981.3,1,0,2.04,1500,0.267,1,3d7f6f8d2f5f8989,0.66,5,1500,0.4,1.2,7.04,122.2,3,Active,20,69,120,0.15,3
0.717,10.0,1.04,4,269.7,3,0,0.77,1459,0.714,5,05270956decea465,0.667,5,1459,2.2,0.0,4.86,159.4,1,Active,6,38,53,0.0,1
0.277,10.7,1.23,4,11588.2,1,0,2.07,1323,0.404,3,88869615e122395f,0.277,1,1353,0.0,5.7,13.15,115.4,3,Active,22,140,527,0.636,4
0.604,45.0,0.02,1,4.4,5,1,0.94,1671,0.6,4,84724dc8ebae442e,0.583,4,1675,0.1,0.0,3.41,133.7,2,Active,8,29,48,0.0,1
0.522,43.6,0.14,1,15.2,4,1,0.17,1740,0.496,3,d13cb0fa352646b6,0.548,4,1740,2.8,0.0,5.43,129.4,2,Active,7,220,571,1.0,5
0.428,165.6,2.0,4,652.0,3,0,0.31,1960,0.327,2,3358da053e450ed7,0.493,3,1960,101.0,39.2,12.22,378.9,1,Stopped,20,789,1951,0.7,4
0.519,14.8,1.41,4,6281.5,1,0,0.55,1209,0.5,3,4dc39b6e81fefc51,0.615,4,1209,0.4,0.0,4.57,118.0,3,Active,8,66,135,0.75,4
0.381,22.7,7.56,5,42.2,4,0,1.59,1044,0.077,1,75e10ed38363539c,0.394,1,1126,10.6,84.3,7.94,121.1,3,Stopped,17,85,231,0.0,1
0.392,12.4,2.64,5,96.5,4,0,1.51,1453,0.433,3,d2214edb6ad7851b,0.419,2,1453,0.7,53.5,23.28,94.3,5,Active,15,231,855,2.333,5
0.554,5.6,21.4,5,67.8,4,0,1.08,1271,0.55,4,54c95db69408b8f0,0.509,3,1297,0.0,0.0,10.65,196.8,1,Active,6,59,112,0.667,4
0.446,127.0,1.04,4,5294.6,1,0,0.29,1321,0.262,1,b31ce8a6aabe0156,0.431,2,1827,6.0,-13.7,4.31,267.4,1,Stopped,35,521,1270,0.8,5
0.632,20.5,1.35,4,15.8,4,0,0.76,1154,0.538,4,80894877ac2a8198,0.699,5,1154,0.2,33.0,8.19,109.9,4,Active,13,141,242,0.385,3
0.806,5.6,1.02,3,8.3,4,0,0.9,1079,0.75,5,a0690521b93a3148,0.796,5,1079,0.0,0.0,38.35,144.4,1,Active,5,214,273,0.0,1
0.45,6.1,0.82,3,176.3,3,0,1.72,1216,0.377,2,1260881023ebdd06,0.484,3,1263,0.9,-17.0,35.43,179.9,1,Active,7,144,436,0.0,1
0.464,12.4,0.46,2,883.4,2,1,1.51,851,0.417,3,8f5da329b01d7f85,0.429,2,1047,0.5,-4.3,11.85,113.7,3,Active,18,141,319,0.833,5
0.447,65.0,1.2,4,15843.8,1,0,1.7,1182,0.347,2,fcba29f16a8941aa,0.478,3,1553,0.8,16.6,18.0,73.0,5,Active,100,1061,2454,1.0,5
0.419,28.0,1.1,4,3034.9,2,0,0.55,1490,0.333,2,d8b6633a6dab5492,0.533,3,1551,4.1,120.7,1.51,150.6,1,Stopped,13,36,86,0.0,1
0.459,16.7,0.23,1,4797.4,1,1,0.65,1042,0.5,3,591a11c1f21c164b,0.472,2,1074,5.8,0.0,12.86,118.7,3,Stopped,7,139,327,0.0,1
0.347,41.5,1.05,4,2503.0,2,0,1.27,1140,0.279,1,35903c61734d7c8e,0.329,1,1361,0.2,14.2,6.88,96.3,4,Active,50,272,809,0.04,2
0.478,18.3,1.4,4,720.2,3,0,0.88,967,0.294,2,88acb3f8a8fcdc8b,0.454,2,1033,0.0,46.8,11.4,114.2,3,Active,16,208,448,0.125,2
0.603,16.2,0.48,2,2294.0,2,1,3.25,1168,0.615,5,9ed94c6963cc29cd,0.583,4,1326,2.3,31.1,29.86,94.6,5,Active,45,413,703,0.2,3
0.408,129.0,0.31,2,11318.0,1,1,2.47,1329,0.336,2,642f3f586c2ad765,0.439,2,1613,1.0,-1.6,12.36,106.0,4,Active,309,1549,4224,0.961,5
0.453,25.0,0.59,2,64.3,4,0,1.02,1806,0.414,3,7e23e0daf72b7476,0.566,4,1806,6.2,54.3,7.86,121.2,3,Stopped,19,147,413,0.211,3
0.354,15.7,2.77,5,8680.2,1,0,2.35,893,0.333,2,57249a33864b24ca,0.389,1,1057,0.0,1.6,17.21,102.1,4,Active,34,249,893,0.618,4
0.608,44.5,32.21,5,1736.7,2,0,1.55,1286,0.572,4,0774a4a6bafab928,0.641,5,1424,0.0,7.7,20.29,72.0,5,Active,69,903,1594,0.942,5
0.436,8.2,1.31,4,3933.2,1,0,2.16,1072,0.381,2,bf87d74f0bce16f2,0.414,2,1085,0.0,23.4,23.34,108.6,4,Active,17,184,450,1.647,5
0.359,3.0,0.62,2,23.3,4,0,4.77,1194,0.231,1,d03bdefb7157a060,0.481,3,1328,0.0,-7.8,30.68,154.4,1,Active,14,90,251,0.071,2
0.582,21.5,1.28,4,3037.6,2,0,0.75,927,0.485,3,9d943f74f867ba24,0.598,4,927,0.0,16.4,15.69,111.0,4,Active,16,337,603,0.188,3
0.457,5.3,0.91,3,76.0,4,0,3.19,1332,1.0,5,84275a2154b93131,0.442,2,1394,0.5,4.5,10.21,113.4,3,Active,15,48,105,0.4,4
0.491,141.8,1104.0,5,780.3,3,0,0.12,1497,0.483,3,1772f95a1ba47cae,0.589,4,1497,0.0,21.3,3.76,140.6,2,Active,17,512,1105,0.471,4
0.417,54.0,4.43,5,379.1,3,0,1.26,2344,0.342,2,7359472bdd27963c,0.476,2,2344,0.0,22.9,23.77,95.5,4,Active,60,1133,2762,0.75,4
0.471,19.4,0.79,3,55.2,4,0,0.67,1195,0.833,5,8eefd9de4e64ba2a,0.582,4,1195,1.1,16.5,8.31,112.1,4,Active,12,148,314,0.917,5
0.451,41.6,0.74,3,8975.9,1,0,0.28,904,0.451,3,fbe03483ba9e65cf,0.429,2,904,22.9,0.0,2.82,108.7,4,Stopped,5,51,113,0.0,1
0.503,42.4,1.43,4,1562.6,2,0,0.5,1554,0.475,3,a53582aaafd7605d,0.459,2,1554,0.1,25.4,3.59,138.1,2,Active,21,152,306,0.667,4
0.329,57.2,4.6,5,75.4,4,0,0.26,1235,0.267,1,d97121c4aa97488d,0.308,1,1235,4.6,0.0,4.97,132.0,2,Stopped,5,94,325,0.2,3
0.635,5.6,0.13,1,3.8,5,1,1.99,905,0.635,5,1adb5eeab814067b,0.577,4,910,0.4,75.0,7.06,125.1,3,Active,9,32,52,0.0,1
0.322,49.4,2.55,5,216.6,3,0,1.07,2051,0.301,2,6d469c58a1e0686a,0.417,2,2051,2.0,29.2,5.27,94.6,5,Active,51,250,827,0.294,3
0.535,55.9,666.0,5,541.7,3,0,0.66,1199,0.632,5,701cc863b93abb91,0.52,3,1237,6.0,13.4,7.53,103.5,4,Stopped,30,342,667,0.3,3
0.425,35.2,0.57,2,75.9,4,0,1.7,1923,0.273,1,4219937f8e937318,0.421,2,2027,1.0,10.1,7.91,97.5,4,Active,58,270,661,0.138,3
0.469,29.1,1.92,4,162.6,3,0,1.47,1521,0.431,3,de3cf5c91e68ef16,0.461,2,1605,1.8,21.5,19.44,113.8,3,Active,32,422,969,0.469,4
0.258,33.6,0.57,2,46264.2,1,0,1.57,944,0.224,1,c9e091a1646199f7,0.24,1,1149,0.3,20.3,15.17,80.1,5,Active,52,501,2005,0.365,3
0.32,13.7,0.56,2,34468.0,1,0,0.45,1341,0.385,2,343f8c7be3504e5f,0.263,1,1341,0.2,0.0,2.15,97.4,4,Active,6,29,100,0.0,1
0.33,59.6,0.03,1,2718.7,2,1,1.3,1349,0.316,2,5cfd884bbcd2a4ad,0.301,1,1445,34.7,22.1,14.65,89.6,5,Stopped,32,362,1135,1.156,5
0.507,73.2,0.09,1,82.6,4,1,1.84,801,0.407,3,240f50e0228bf345,0.509,3,1101,5.8,7.1,9.66,77.7,5,Stopped,78,409,830,0.538,4
0.519,47.1,0.98,3,28911.7,1,0,0.93,1066,0.374,2,666d60fca65e56f9,0.522,3,1110,3.7,21.8,10.99,92.7,5,Stopped,40,475,1020,1.125,5
0.375,28.5,3.8,5,11.4,4,0,0.25,1085,0.375,2,50adae52151f733f,0.625,4,1085,3.1,0.0,0.46,97.6,4,Stopped,5,9,24,0.0,1
0.581,2.4,0.35,2,6.4,5,1,3.64,1172,0.333,2,91750a964482a2cf,0.571,4,1263,0.2,-86.0,8.18,170.0,1,Active,8,18,31,0.0,1
0.542,21.3,2.47,5,83.7,4,0,0.34,1203,0.667,5,be8ed427d527291b,0.607,4,1222,0.8,0.0,1.56,138.5,2,Active,7,32,59,0.429,4
0.5,11.4,0.38,2,6.1,5,1,1.25,1393,0.5,3,68a56a5a06416b4c,0.4,1,1393,0.5,14.0,3.06,145.6,1,Active,9,22,44,0.0,1
0.75,22.1,1.55,4,3308.1,2,0,1.13,1665,0.707,5,dba203253beed232,0.755,5,2054,0.8,-11.6,21.44,143.1,2,Active,24,457,633,0.125,2
0.579,18.6,0.32,2,2717.2,2,1,2.45,1564,0.552,4,2c48cdd47c288d54,0.596,4,1564,0.2,30.7,35.29,88.0,5,Active,44,634,1107,0.773,4
0.426,18.5,4.56,5,916.6,2,0,0.64,1497,0.492,3,094c59f4ba171706,0.549,4,1512,0.2,17.0,56.33,133.2,2,Active,11,975,2498,2.182,5
0.587,22.5,0.33,2,129.0,3,1,1.33,1402,0.417,3,2ca32f67c506bd0f,0.573,4,1402,0.5,35.0,5.88,108.1,4,Active,28,124,213,0.0,1
0.451,83.8,0.11,1,195.8,3,1,0.9,2136,0.319,2,ef9a2d21a2955de8,0.424,2,2221,9.1,22.5,9.87,183.4,1,Stopped,67,735,1844,1.373,5
0.541,52.0,0.16,1,6651.0,1,1,0.24,799,0.467,3,bd6cde250039ed51,0.481,3,948,18.5,-70.5,4.98,154.4,1,Stopped,8,167,351,0.375,3
0.692,11.4,2.03,4,2.6,5,0,0.7,750,0.714,5,c4dcfede5bcf084f,0.609,4,822,0.1,-50.0,5.41,134.1,2,Active,7,54,91,0.0,1
0.453,42.7,1.1,4,3414.7,2,0,1.12,1187,0.299,2,33e2a4c6a20533a1,0.498,3,1341,7.6,-2.5,6.78,101.3,4,Stopped,38,230,528,0.816,5
0.372,28.6,2.08,4,5884.3,1,0,1.13,741,0.467,3,7e7afb2f49fec096,0.374,1,908,2.0,-3.8,5.97,91.0,5,Active,30,159,446,0.233,3
0.676,22.1,1.69,4,2163.4,2,0,1.23,1334,0.654,5,c98b593d473599ec,0.69,5,1379,0.2,23.0,24.17,100.5,4,Active,27,530,791,0.111,2
0.344,10.7,1.16,4,3976.1,1,0,0.86,1129,0.167,1,e195c281489810da,0.35,1,1179,0.1,21.0,13.87,142.4,2,Active,9,146,427,0.333,3
0.32,10.5,0.23,1,74.9,4,1,2.24,1621,0.2,1,d1215634f4ffd5c8,0.306,1,1719,0.9,21.2,14.49,143.2,2,Active,21,136,441,0.429,4
0.31,9.4,0.2,1,34.2,4,1,1.14,1330,0.304,2,ba4f017337bb12b2,0.308,1,1330,3.2,0.0,11.77,144.2,1,Stopped,7,72,281,0.571,4
0.482,29.6,1.43,4,8586.7,1,0,0.25,1617,0.4,3,d60f2a720071f625,0.36,1,1683,1.8,0.0,3.67,177.0,1,Active,7,102,224,0.0,1
0.458,6.2,0.6,2,2.9,5,0,1.25,862,1.0,5,5abbe27f353e29bc,0.6,4,907,1.3,0.0,1.87,128.3,2,Active,6,9,24,0.0,1
0.472,33.1,1.31,4,47.5,4,0,2.69,1648,0.302,2,26fc548271749d87,0.488,3,1776,0.7,-1.2,12.98,77.4,5,Active,82,396,877,0.22,3
0.455,42.5,1.6,4,4751.3,1,0,0.35,1434,0.386,2,c6119b9c1efebcf1,0.474,2,1481,5.7,75.5,2.43,127.8,2,Stopped,13,89,213,1.154,5
0.436,5.0,1.02,3,6.0,5,0,3.12,1746,0.526,4,d5b44b05081d3ab4,0.54,3,1823,0.2,164.2,12.07,144.6,1,Active,15,58,133,0.067,2
0.407,9.0,0.79,3,1460.8,2,0,1.06,944,0.636,5,8824eca4ee62315b,0.481,3,998,0.2,6.0,13.05,127.2,3,Active,9,111,290,0.0,1
0.581,9.4,0.21,1,1017.0,2,1,1.01,933,0.581,4,10f9b99167106f8c,0.549,4,933,0.0,0.0,29.0,121.1,3,Active,5,143,258,0.0,1
0.458,11.5,1.86,4,1986.9,2,0,1.04,1138,1.0,5,7990d7c04d9d6c94,0.458,2,1161,2.8,5.0,4.14,135.2,2,Active,9,36,83,0.444,4
0.371,8.5,0.82,3,264.3,3,0,1.55,949,0.333,2,2b6accc4658b3524,0.308,1,1031,0.4,-2.0,3.56,135.0,2,Active,10,23,62,0.0,1
0.383,20.4,1.76,4,105.5,3,0,0.97,1380,0.622,5,e68285411cfee633,0.492,3,1457,0.6,36.2,11.28,112.7,4,Active,19,221,642,0.684,4
0.345,32.1,0.45,2,1.6,5,1,0.41,1209,0.385,2,c965e8b9150f2d44,0.36,1,1209,5.4,115.5,0.71,161.3,1,Stopped,11,19,55,0.091,2
0.228,1.8,0.27,1,4.6,5,1,5.0,1598,0.1,1,eb705724d5b86017,0.171,1,1619,0.5,0.0,13.0,236.5,1,Active,5,13,57,0.0,1
0.417,19.6,1.33,4,8073.2,1,0,0.66,1103,0.41,3,84d0728d958f1d19,0.414,2,1103,0.1,0.0,43.51,104.1,4,Active,11,721,1931,2.818,5
0.324,9.9,0.15,1,12.3,4,1,0.51,898,0.5,3,ecfe6a6e8c6347d7,0.444,2,898,0.2,0.0,2.27,129.6,2,Active,5,22,68,0.0,1
0.427,45.6,1.06,4,2740.1,2,0,3.04,1329,0.405,3,9c4f3bdf948b0bb9,0.448,2,1630,0.1,11.5,27.51,67.5,5,Active,138,1250,3035,1.159,5
0.423,35.8,0.37,2,1339.2,2,1,3.36,1569,0.353,2,47dac33ad61f8422,0.465,2,1702,1.8,15.3,24.29,73.9,5,Active,114,825,2018,0.982,5
0.62,17.3,1.19,4,22.3,4,0,0.36,1618,0.565,4,dae66d1bbb2af78d,0.558,4,1618,3.3,0.0,4.06,122.3,3,Stopped,5,57,92,1.2,5
0.685,21.5,0.01,1,26.0,4,1,0.5,1492,0.649,5,b38f252b4c90123e,0.661,5,1492,3.7,0.0,24.72,120.9,3,Stopped,9,441,683,0.0,1
0.355,8.6,0.19,1,7.4,5,1,1.23,884,0.355,2,fe6a08746678907a,0.5,3,894,0.4,0.0,2.25,126.8,3,Active,6,11,31,0.0,1
0.553,8.9,1.51,4,1.9,5,0,4.22,1276,0.118,1,0d9ebb7e79a1dce2,0.557,4,1362,0.1,-5.0,28.69,138.8,2,Active,10,68,123,0.0,1
0.406,26.8,1.55,4,363.9,3,0,1.2,1290,0.291,1,1db038061f87f837,0.438,2,1290,0.2,25.4,4.29,93.7,5,Active,32,114,281,0.062,2
0.167,93.6,0.25,1,5373.4,1,1,0.94,1371,0.149,1,cbc719a3d728261b,0.177,1,1384,2.9,-5.7,2.62,162.6,1,Active,85,238,1607,0.435,4
0.519,11.5,0.63,3,3497.1,1,0,1.79,1342,0.412,3,c616e86354ac344c,0.547,4,1342,0.3,2.2,16.63,115.9,3,Active,17,158,316,0.118,2
0.457,65.9,0.04,1,5447.0,1,1,0.38,843,0.361,2,8e2beb7aae073504,0.438,2,1051,1.0,10.4,8.3,108.2,4,Active,24,531,1213,0.917,5
0.576,23.1,0.42,2,498.4,3,1,0.8,1214,0.515,4,511d444fbcb759b1,0.573,4,1214,1.5,12.0,25.17,103.1,4,Active,17,537,943,1.353,5
0.587,150.9,0.56,2,46215.4,1,0,0.07,1395,0.471,3,1a507c2ee2644662,0.677,5,1496,0.0,12.1,3.93,421.8,1,Active,11,593,1075,0.364,3
0.404,16.5,0.27,1,0.7,5,1,0.92,758,0.333,2,5dd528777c3fb1e0,0.364,1,911,0.0,-28.3,1.76,127.7,2,Active,12,23,57,0.0,1
0.534,199.1,3.34,5,27.8,4,0,0.09,1998,0.431,3,adc6b575155bb593,0.61,4,1998,56.5,89.5,0.59,460.5,1,Stopped,12,79,191,1.0,5
0.322,16.9,3.76,5,2653.4,2,0,2.47,1491,0.196,1,a8713b0285caa54e,0.397,1,1502,0.4,14.2,15.86,93.8,5,Active,41,263,824,0.049,2
0.595,6.1,2.7,5,1.5,5,0,0.84,1015,0.595,4,713e23218a3b32e3,0.625,4,1015,0.1,0.0,3.69,117.4,3,Active,5,22,37,0.0,1
0.376,30.5,0.28,1,209.8,3,1,2.22,1718,0.366,2,cb0ab8cc8ec2adda,0.401,2,1813,1.2,10.4,11.07,94.2,5,Active,52,259,705,0.115,2
0.374,32.7,1.75,4,88.3,4,0,0.25,1594,0.533,4,005a08d5353f21cb,0.483,3,1643,4.5,0.0,3.64,154.5,1,Stopped,7,102,281,0.429,4
0.591,6.4,1.45,4,748.9,3,0,2.29,1312,0.125,1,98007d5281da38bd,0.541,3,1312,0.2,40.3,24.43,161.1,1,Active,12,128,235,0.167,3
0.37,99.5,4.64,5,162.6,3,0,1.83,1772,0.35,2,6913686adb34cb6b,0.365,1,1772,0.0,7.4,10.33,63.4,5,Active,182,1028,3837,2.346,5
0.605,44.9,0.07,1,16859.0,1,1,0.29,1002,0.407,3,8a1549d767c39677,0.584,4,1002,0.2,5.7,4.63,115.3,3,Active,12,193,357,1.0,5
0.351,35.4,0.94,3,4466.4,1,0,0.41,1068,0.367,2,726dd82e865869de,0.352,1,1068,0.9,2.8,5.74,117.0,3,Active,14,198,618,1.071,5
0.538,10.9,0.99,3,2055.3,2,0,2.08,1354,0.714,5,618a906c2148602a,0.53,3,1382,0.0,31.0,25.97,98.7,4,Active,22,274,513,0.318,3
0.401,17.3,2.45,5,3230.1,2,0,0.91,939,0.667,5,abf6e32b48e7391d,0.396,1,939,0.3,-4.7,10.59,102.4,4,Active,15,175,476,0.133,2
0.466,11.3,0.02,1,75.7,4,1,1.23,2067,0.431,3,62646037b89ccfb5,0.617,4,2082,0.7,99.0,7.66,171.9,1,Active,13,81,189,0.154,3
0.467,45.5,0.02,1,27693.3,1,1,0.44,1228,0.35,2,bab750062bd35221,0.47,2,1228,0.4,26.0,6.53,102.5,4,Active,19,283,658,1.947,5
0.361,32.7,1.25,4,3450.5,1,0,2.05,1364,0.309,2,f8007c5398dbbb84,0.366,1,1489,1.2,25.9,10.66,77.7,5,Active,63,328,940,0.333,3
0.38,52.3,0.33,2,1475.1,2,1,1.16,1666,0.396,3,a834eccd196a30fd,0.348,1,1666,9.2,23.3,3.11,94.9,5,Stopped,50,134,384,0.32,3
0.569,21.1,7.29,5,1.8,5,0,0.83,1371,0.5,3,24abc3428f2eca51,0.469,2,1399,2.7,0.0,3.44,166.5,1,Active,8,33,58,0.0,1
0.491,30.2,1.26,4,6563.8,1,0,3.63,1609,0.407,3,a39d400d0617e1bc,0.496,3,1609,0.2,18.3,30.26,61.8,5,Active,108,901,1898,0.843,5
0.498,55.8,1.72,4,17438.7,1,0,1.28,1900,0.49,3,ac1c220063217c89,0.544,4,1951,5.2,18.9,38.89,79.2,5,Stopped,64,1938,4163,1.109,5
0.691,17.9,2.57,5,43.7,4,0,1.05,1441,0.532,4,813127861d0982b6,0.847,5,1602,2.0,11.7,8.82,195.9,1,Active,16,134,207,1.062,5
0.538,28.0,1.12,4,12270.7,1,0,0.37,1284,0.5,3,5ffe928df0bf2a17,0.537,3,1287,8.9,0.0,2.93,139.8,2,Stopped,7,56,104,0.286,3
0.3,39.3,0.02,1,5547.2,1,1,1.08,1138,0.295,2,df919efac1ac3df7,0.301,1,1143,0.9,23.8,10.6,93.8,5,Active,36,353,1287,1.0,5
0.578,5.8,0.64,3,480.1,3,0,2.6,1185,0.613,5,12b1c4122dcf3c35,0.576,4,1256,0.1,-7.6,81.27,152.3,1,Active,15,469,838,0.867,5
0.489,59.2,0.22,1,3884.5,1,1,1.85,1613,0.45,3,73248b2152bd5e64,0.491,3,1618,2.1,2.3,16.03,71.6,5,Active,105,912,2000,0.543,4
0.698,4.1,1.69,4,2.8,5,0,1.63,969,0.698,5,58ab5cc346dbe2ad,0.667,5,969,0.4,0.0,7.62,122.8,3,Active,6,28,43,0.0,1
0.58,18.5,0.5,2,66.7,4,0,0.28,1016,0.375,2,06bd09d96a9eae67,0.539,3,1016,0.9,0.0,5.81,94.4,5,Active,5,102,176,1.2,5
0.428,30.5,2.38,5,7246.9,1,0,0.82,1249,0.373,2,bf12cee90834e5bd,0.417,2,1290,2.4,6.2,19.74,109.1,4,Active,23,555,1435,0.522,4
0.528,24.3,0.14,1,1428.7,2,1,2.69,1099,0.585,4,f1c946f129345205,0.5,3,1242,1.3,3.4,16.34,80.3,5,Active,59,359,688,0.441,4
0.523,33.6,0.56,2,226.2,3,0,0.31,1383,0.672,5,93c0136b81869cdb,0.666,5,1457,0.2,82.0,37.33,160.2,1,Active,10,1197,2650,3.7,5
0.492,63.7,0.17,1,5627.8,1,1,1.39,1604,0.473,3,272535f7c9f5792a,0.495,3,1604,14.3,0.6,17.39,73.5,5,Stopped,68,853,1784,1.044,5
0.433,14.1,2.24,5,674.4,3,0,1.33,962,0.472,3,5e83c8782b7e26d0,0.43,2,1206,0.4,-55.0,36.76,177.0,1,Active,10,277,732,0.8,5
0.582,67.1,0.44,2,136.6,3,1,0.98,1452,0.43,3,498cea34b93cf172,0.672,5,1659,9.2,4.5,4.79,103.5,4,Stopped,57,277,495,0.982,5
0.514,10.6,0.97,3,20.2,4,0,1.43,1305,0.4,3,776acbd70a0ac2a0,0.656,5,1343,0.8,31.3,7.33,135.0,2,Active,14,72,144,0.071,2
0.614,32.8,4.39,5,3090.4,2,0,0.6,888,0.636,5,f6636c9dd1aedcbe,0.604,4,898,0.1,-3.8,14.35,118.2,3,Active,14,337,593,0.857,5
0.353,6.6,0.78,3,47.7,4,0,0.76,1324,0.167,1,126edc764d348def,0.333,1,1324,0.0,0.0,6.36,93.9,5,Active,5,42,139,0.2,3
0.51,5.6,2.11,4,3680.6,1,0,2.45,1105,0.412,3,750bf895c2dd9a72,0.518,3,1155,0.0,-13.7,17.32,122.7,3,Active,13,92,202,1.077,5
0.495,12.6,0.6,2,2279.7,2,0,1.2,1092,0.417,3,8059393f664ced95,0.483,3,1092,4.3,3.2,16.49,145.9,1,Stopped,10,137,287,1.0,5
0.388,33.0,0.83,3,75.0,4,0,1.48,1241,0.393,2,83476d6f8c610d10,0.366,1,1241,12.7,31.9,5.51,92.1,5,Stopped,30,112,291,0.7,4
0.419,7.9,1.79,4,3475.9,1,0,2.68,1388,0.5,3,d99dfa7a471b725b,0.463,2,1388,0.9,0.0,11.46,111.4,4,Active,11,47,117,0.273,3
0.103,8.1,0.45,2,8.0,4,1,2.73,1084,0.0,1,56f7b703708ebf4f,0.065,1,1084,5.0,0.0,3.82,127.7,2,Stopped,5,7,68,0.0,1
0.406,44.1,0.46,2,1562.2,2,1,2.31,1730,0.425,3,8380c5c3c05b5693,0.49,3,2111,1.2,9.9,20.52,75.1,5,Active,99,879,2692,1.263,5
0.549,34.3,0.24,1,3093.0,2,1,1.35,1477,0.574,4,e086a866f994046a,0.578,4,1477,7.6,27.8,19.23,91.6,5,Stopped,36,512,974,1.25,5
0.686,1.6,0.51,2,141.0,3,0,6.14,1591,0.444,3,706342e4e93abc39,0.75,5,1591,0.0,0.0,73.64,179.0,1,Active,8,96,140,0.625,4
0.534,8.7,0.97,3,13.6,4,0,0.82,975,0.692,5,5390eecd63ffded5,0.516,3,975,0.0,0.0,15.69,107.2,4,Active,7,134,290,0.714,4
0.585,17.5,0.51,2,8873.5,1,0,0.41,774,0.333,2,84ad5adc11aa5f17,0.495,3,829,0.1,0.0,9.03,138.2,2,Active,7,153,270,0.143,3
0.527,12.4,1.53,4,4278.9,1,0,2.05,959,0.25,1,8a77eeb76a0906de,0.558,4,959,0.2,-1.7,7.54,91.9,5,Active,25,92,182,0.04,2
0.465,23.8,0.87,3,7546.2,1,0,1.09,657,0.431,3,72bb430ac87ba424,0.506,3,878,0.1,-17.0,17.05,101.6,4,Active,25,391,899,1.44,5
0.388,10.7,1.12,4,242.2,3,0,0.56,906,1.0,5,a230ee5f0482d6e8,0.311,1,906,0.7,0.0,5.26,112.9,4,Active,5,47,121,0.0,1
0.468,58.8,0.34,2,2348.7,2,1,3.48,1587,0.408,3,db9f49fea42a2571,0.479,3,1937,4.8,7.1,27.58,64.4,5,Stopped,188,1488,3409,0.495,4
0.358,26.0,0.31,2,7.0,5,1,0.68,1063,0.0,1,4f4ba03d6e036671,0.458,2,1092,11.4,67.0,1.98,122.9,3,Stopped,10,29,81,0.0,1
0.54,29.8,0.01,1,4324.4,1,1,0.22,912,0.4,3,8585424377b0303c,0.549,4,964,0.5,0.0,3.4,127.4,2,Active,6,92,174,0.5,4
0.568,9.1,1.52,4,2496.2,2,0,1.87,1398,0.651,5,5b3c5cc7ee06cf92,0.551,4,1580,1.1,-3.8,48.94,178.7,1,Active,15,393,733,0.667,4
0.365,36.3,2.15,5,28.4,4,0,0.48,1247,0.545,4,e075991b066acc8b,0.279,1,1442,6.9,-6.4,1.26,166.1,1,Stopped,14,37,104,0.214,3
0.686,78.8,0.03,1,534.4,3,1,0.18,918,0.615,5,60a3be261bbd4633,0.657,5,1368,1.4,-40.1,4.78,363.8,1,Active,14,369,542,0.571,4
0.792,11.3,0.19,1,1.3,5,1,0.62,1142,0.5,3,2e968c633fcbfda2,0.81,5,1142,0.2,0.0,8.87,117.8,3,Active,5,71,96,0.0,1
0.457,34.7,0.75,3,7.5,5,0,1.45,1111,0.444,3,f7b3c840e7ffd060,0.484,3,1252,5.9,19.7,3.85,81.0,5,Stopped,40,106,234,0.05,2
0.322,17.1,0.24,1,2041.0,2,1,1.07,1217,0.25,1,caa730437e733462,0.367,1,1217,2.4,54.0,14.08,107.3,4,Active,13,171,541,0.0,1
0.652,8.8,0.12,1,134.7,3,1,2.75,1444,0.652,5,97476cd4c97afb67,0.665,5,1536,3.0,54.3,47.65,150.1,1,Active,16,277,428,0.062,2
0.355,81.7,26.36,5,23.9,4,0,0.3,1395,0.595,4,854a59fdf1c14571,0.606,4,1395,3.3,36.2,4.08,105.3,4,Stopped,19,263,766,0.316,3
0.436,9.4,0.83,3,150.5,3,0,1.46,985,0.0,1,98dab1b85e0686da,0.382,1,1081,0.8,8.5,3.37,147.7,1,Active,10,23,55,0.6,4
0.481,7.8,0.4,2,4135.6,1,1,2.6,1119,0.444,3,763836bbcaa7a69f,0.516,3,1148,0.1,11.2,31.94,104.3,4,Active,20,246,520,0.4,4
0.508,40.4,0.97,3,11568.1,1,0,1.81,1405,0.4,3,6c7f230fe8ff86d3,0.53,3,1509,7.7,10.1,11.86,84.6,5,Stopped,59,387,791,0.949,5
0.501,101.0,0.34,2,2432.1,2,1,1.58,1075,0.504,4,c9471270b34ef1c0,0.469,2,1369,0.4,1.0,11.57,125.3,3,Active,157,1153,2370,1.662,5
0.331,31.5,3.74,5,6156.7,1,0,3.09,1287,0.329,2,d38b3cf3d9b111fd,0.316,1,1424,0.4,12.8,32.42,67.0,5,Active,95,998,3392,0.421,4
0.639,6.2,1.57,4,3.7,5,0,3.33,1014,0.639,5,bf442498eb1506a3,0.552,4,1119,0.4,-27.0,7.0,155.2,1,Active,10,21,36,0.0,1
0.36,62.5,0.21,1,2583.1,2,1,1.74,1300,0.289,1,a49e63f74a573744,0.369,1,1500,6.9,7.1,19.52,83.3,5,Stopped,97,1086,3711,1.361,5
0.328,130.7,0.61,2,2153.3,2,0,1.86,1452,0.243,1,16a488b30d90d22d,0.364,1,2181,0.2,5.1,9.94,117.2,3,Active,243,1298,4078,0.23,3
0.47,18.4,1.72,4,112.4,3,0,0.74,916,1.0,5,268fc8788a52a9a4,0.398,1,916,1.5,7.3,3.31,130.5,2,Active,12,54,117,0.083,2
0.38,84.6,2.2,5,29.8,4,0,0.18,1734,0.345,2,bd4a9a1ad8d7a31a,0.5,3,1833,40.0,-66.0,3.88,219.2,1,Stopped,8,173,455,0.25,3
0.603,10.7,0.49,2,483.3,3,1,1.93,1358,0.609,4,89c63d1009f68f40,0.605,4,1367,0.1,72.8,40.0,124.4,3,Active,19,394,660,0.474,4
0.392,107.9,0.05,1,2603.8,2,1,0.82,1656,0.277,1,528cb8bf1e1c6bd7,0.548,4,1962,60.3,7.7,4.53,244.6,1,Stopped,37,205,530,0.811,5
0.413,10.7,2.41,5,2257.4,2,0,1.33,1138,0.5,3,61fbde1ca5257e5a,0.52,3,1138,2.4,64.0,3.76,118.3,3,Active,11,31,75,0.182,3
0.492,17.9,0.14,1,52.1,4,1,0.72,1051,0.0,1,27a794aeecd0a9c7,0.451,2,1051,0.5,4.2,3.61,125.9,3,Active,12,60,124,0.0,1
0.246,4.1,0.34,2,222.2,3,1,1.94,1088,0.08,1,1b5364b182bdb0e9,0.164,1,1088,0.5,79.5,7.78,171.4,1,Active,7,28,122,0.143,3
0.352,77.1,0.9,3,18181.8,1,0,1.36,1613,0.268,1,4ac36716a2bb2dee,0.334,1,1846,2.9,5.4,9.38,163.6,1,Active,101,696,2099,1.772,5
0.563,5.6,0.53,2,558.4,3,0,4.99,1422,0.513,4,2f3ff5363fbd9129,0.564,4,1517,3.2,-2.5,140.54,164.9,1,Stopped,12,338,604,0.667,4
0.594,14.6,5.4,5,3.3,5,0,0.63,1176,0.594,4,c88b88733ed213f9,0.562,4,1176,1.1,0.0,1.72,133.3,2,Active,7,19,32,0.0,1
0.546,33.9,12.86,5,1439.0,2,0,0.43,936,0.25,1,51b639aab2ce00d6,0.676,5,974,0.5,0.0,3.29,142.0,2,Active,6,46,97,0.167,3
0.506,12.2,0.79,3,228.8,3,0,1.65,1103,0.455,3,1bfb4139e0b91255,0.532,3,1119,2.0,30.4,6.81,118.7,3,Active,17,70,154,0.412,4
0.429,8.2,1.1,4,45.1,4,0,0.78,1098,0.429,3,40144ee12057e1d9,0.571,4,1098,0.5,0.0,2.34,139.6,2,Active,6,18,42,0.0,1
0.17,20.7,5.71,5,5.2,5,0,0.62,935,0.17,1,469a2713dcf676bc,0.545,4,957,0.5,0.0,0.82,121.5,3,Active,6,8,47,0.0,1
0.223,37.2,0.49,2,488.3,3,1,0.4,936,0.079,1,40150afe47c79216,0.273,1,936,1.9,-21.5,1.89,150.6,1,Active,14,66,300,0.071,2
0.318,98.3,0.35,2,8321.7,1,1,0.16,1279,0.242,1,c01879c1c7c883a3,0.464,2,1405,5.9,-15.0,1.93,368.3,1,Stopped,14,173,598,1.571,5
0.379,30.6,0.3,2,427.5,3,1,0.37,1230,0.421,3,f2f57a8897e32fbe,0.389,1,1230,1.1,53.0,3.91,131.0,2,Active,11,115,327,0.545,4
0.508,81.1,1.71,4,9.7,4,0,0.11,1216,0.5,3,7ae78ad2b628df7d,0.556,4,1477,1.0,-12.4,0.42,503.3,1,Active,8,32,65,0.0,1
0.543,19.9,0.25,1,4.1,5,1,0.61,1334,0.286,1,5789cf041bb0170c,0.5,3,1334,10.0,0.0,1.92,160.5,1,Stopped,6,19,35,0.0,1
0.382,30.5,2.77,5,886.6,2,0,0.71,1364,0.294,2,fa0d5aca11dcf121,0.498,3,1376,0.1,5.4,8.1,131.5,2,Active,19,216,633,0.632,4
0.382,100.4,0.98,3,36048.1,1,0,1.61,1140,0.322,2,38d01717a19aedb6,0.399,1,1374,6.4,1.5,11.02,129.1,2,Stopped,151,1036,2791,0.755,4
0.483,28.0,0.41,2,5976.8,1,1,1.03,1221,0.444,3,fab1dd68e0e000cb,0.532,3,1281,2.6,31.6,17.63,116.3,3,Active,26,447,1025,1.346,5
0.469,20.6,2.09,4,5546.3,1,0,1.61,1296,0.364,2,6509b7e85561ac36,0.397,1,1296,8.8,20.0,5.82,123.8,3,Stopped,18,65,145,0.111,2
0.649,20.0,36.0,5,4.9,5,0,0.42,1147,0.4,3,cc97cd2680fff5c0,0.667,5,1147,5.2,0.0,1.93,141.5,2,Stopped,5,23,37,0.2,3
0.451,28.9,0.44,2,2380.2,2,1,1.88,1626,0.405,3,5dee5750b5470104,0.463,2,1896,0.3,4.2,19.12,105.4,4,Active,54,548,1644,0.426,4
0.679,32.5,3.63,5,18631.7,1,0,0.28,1114,0.2,1,84831e265138d1b6,0.627,4,1114,0.0,0.0,3.68,127.2,3,Active,8,107,162,0.0,1
0.723,25.2,3.33,5,2.9,5,0,0.69,1148,0.0,1,4b7d645c618a63dd,0.68,5,1148,0.2,0.0,5.53,187.6,1,Active,5,40,65,0.0,1
0.426,42.7,0.65,3,3273.6,2,0,2.81,1774,0.352,2,f88b32746de46e85,0.445,2,1997,0.0,11.4,26.42,75.2,5,Active,120,1128,3100,0.95,5
0.368,28.8,2.3,5,14592.2,1,0,0.56,776,0.5,3,8532d25437e3b96b,0.394,1,963,9.0,-27.0,1.41,135.0,2,Stopped,11,28,76,0.0,1
0.647,61.1,0.49,2,13.8,4,1,0.09,1999,0.707,5,cdff42f06bd738d8,0.618,4,1999,2.8,0.0,2.46,251.5,1,Active,5,142,300,0.6,4
0.386,18.4,13.85,5,5268.0,1,0,1.31,935,0.337,2,abd84e3d01871794,0.38,1,1145,0.0,9.0,17.69,103.7,4,Active,21,283,787,1.762,5
0.259,8.8,1.97,4,5088.0,1,0,1.3,1020,0.318,2,fa8c88d057b43560,0.26,1,1068,0.1,13.0,16.6,127.1,3,Active,11,140,553,0.364,3
0.565,20.4,0.35,2,1338.1,2,1,3.13,1808,0.586,4,af63edf51210148e,0.575,4,1845,0.8,12.6,46.57,92.7,5,Active,53,789,1417,0.396,4
0.636,23.8,0.38,2,0.6,5,1,23.0,1049,0.636,5,eb378c19bea70012,0.75,5,1049,0.2,27.4,7.0,106.5,4,Active,23,7,11,0.0,1
0.477,29.7,0.57,2,10.4,4,0,15.0,1423,0.667,5,0b1945d1dc81e41d,0.522,3,1452,0.1,12.0,19.0,111.4,4,Active,15,19,44,0.0,1
0.8,30.1,0.67,3,1.0,5,0,91.0,1426,0.8,5,83f7b601978c35dc,0.8,5,1618,0.4,9.8,4.0,76.2,5,Active,91,4,5,0.0,1
0.5,23.0,1.0,3,13.4,4,0,63.0,1266,0.0,1,ca9cc597f59e7195,0.571,4,1360,0.4,6.8,6.0,85.5,5,Active,63,6,12,0.0,1
0.75,12.2,0.33,2,0.0,5,1,14.0,954,0.75,5,6fcbec82aa781362,0.667,5,988,0.2,12.0,3.0,138.7,2,Active,14,3,4,0.0,1
0.5,15.4,2.0,4,6.0,5,0,34.0,858,0.5,3,e001299d4df6fe97,0.5,3,1474,0.4,-8.3,3.0,126.4,3,Active,34,3,6,0.0,1
1.0,8.7,3.5,5,0.0,5,0,5.0,914,1.0,5,d167844b505aa9c2,1.0,5,916,0.0,0.0,9.0,128.9,2,Active,5,9,9,0.0,1
0.396,10.8,2.53,5,61.2,4,0,13.0,1551,0.316,2,d04b1cf9b2841d70,0.812,5,1551,0.2,5.0,19.0,145.0,1,Active,13,19,53,0.308,3
0.5,10.5,3.0,5,0.0,5,0,19.0,1463,1.0,5,36fbf13e70cb40b5,0.333,1,1463,0.4,23.4,2.0,122.8,3,Active,19,2,4,0.0,1
0.75,17.2,2.33,5,8.0,4,0,28.0,1233,1.0,5,6ae59f11337bd4a7,0.875,5,1282,0.3,21.0,14.0,97.3,4,Active,28,14,20,0.143,3
0.667,25.7,0.69,3,13.0,4,0,28.0,1138,0.429,3,abf487e72387da3a,0.696,5,1283,0.1,11.1,36.0,109.7,4,Active,28,36,54,0.214,3
0.25,14.3,0.33,2,9.5,4,1,20.0,1435,0.25,1,25f398d45591a848,0.25,1,1531,0.1,24.6,1.0,140.0,2,Active,20,1,4,0.0,1
0.5,59.9,0.23,1,5.1,5,1,193.0,1174,0.5,3,101338bddf228003,0.667,5,1508,0.2,6.7,8.0,61.5,5,Active,193,8,16,0.0,1
0.188,32.8,0.41,2,35.6,4,1,12.0,923,0.222,1,6782d45aef201816,0.308,1,957,0.1,21.0,13.0,120.8,3,Active,12,13,69,0.0,1
0.684,11.8,0.58,2,116.4,3,0,24.0,1107,1.0,5,bb36e5114f2de2ed,0.643,5,1211,0.0,24.8,13.0,108.2,4,Active,24,13,19,0.083,2
0.714,55.7,2.5,5,4.6,5,0,66.0,1401,1.0,5,6a8a4440f7842e5c,1.0,5,1862,0.1,-4.8,5.0,118.5,3,Active,66,5,7,0.0,1
0.417,13.2,0.04,1,5.8,5,1,63.0,1657,0.0,1,e42bc0ba652fdd26,1.0,5,1912,0.0,8.4,10.0,105.9,4,Active,63,10,24,0.0,1
1.0,32.3,1.0,3,0.0,5,0,39.0,1270,1.0,5,4a1f01e9de6321c3,1.0,5,1304,0.2,18.1,1.0,90.9,5,Active,39,1,1,0.0,1
0.333,22.1,0.88,3,15.5,4,0,18.0,957,0.333,2,9209b70b325ac517,1.0,5,1247,0.2,-11.8,5.0,156.2,1,Active,18,5,15,0.111,2
0.75,16.3,1.0,3,10.5,4,0,10.0,1051,0.75,5,1d3607781e7b93e8,0.75,5,1075,0.4,4.0,3.0,126.9,3,Active,10,3,4,0.0,1
0.857,19.1,0.4,2,2.8,5,1,9.0,866,0.857,5,0045a3416fa31fe1,0.833,5,919,0.4,41.0,6.0,136.8,2,Active,9,6,7,0.0,1
0.5,14.8,0.56,2,48.0,4,0,45.0,1260,0.5,3,2c4d2316304e37fe,0.5,3,1260,0.2,11.2,7.0,84.5,5,Active,45,7,14,0.0,1
0.308,10.7,0.08,1,628.3,3,1,9.0,1177,0.308,2,254229fff0f4f9de,0.308,1,1193,0.3,145.0,4.0,113.3,4,Active,9,4,13,0.111,2
0.467,21.9,0.76,3,246.1,3,0,11.0,1006,0.333,2,56a7a4be319ce4f3,0.571,4,1025,0.2,19.0,13.0,133.7,2,Active,11,13,30,0.182,3
1.0,5.2,1.5,4,0.0,5,0,6.0,1218,1.0,5,e04ab50d1f19ae53,1.0,5,1218,0.2,0.0,5.0,128.8,2,Active,6,5,5,0.0,1
0.854,11.5,0.76,3,6.8,5,0,26.0,1606,0.538,4,2259c0410377ea52,0.961,5,1724,0.0,26.2,129.0,131.2,2,Active,26,129,151,0.038,2
0.6,21.1,0.67,3,0.0,5,0,10.0,824,0.6,4,68f9a3a37858994c,0.5,3,999,0.0,-40.0,3.0,133.4,2,Active,10,3,5,0.0,1
0.2,32.5,1.5,4,62.0,4,0,25.0,1265,0.2,1,a219c7ef70acb92a,0.2,1,1284,0.1,-2.9,1.0,100.6,4,Active,25,1,5,0.0,1
0.667,11.9,1.0,3,3.4,5,0,10.0,1614,0.333,2,2e3ba01b7c88acf9,1.0,5,1614,0.5,48.0,4.0,194.3,1,Active,10,4,6,0.0,1
1.0,13.4,2.0,4,0.0,5,0,42.0,1203,1.0,5,4652d81ff532f7d3,1.0,5,1406,0.4,8.6,3.0,86.3,5,Active,42,3,3,0.0,1
1.0,17.3,2.0,4,0.0,5,0,6.0,966,1.0,5,f4947dfd4277c61d,1.0,5,966,0.4,0.0,3.0,117.2,3,Active,6,3,3,0.0,1
0.522,8.3,0.53,2,3.5,5,0,9.0,1351,0.522,4,f6f71902e25919d8,0.727,5,1438,0.1,269.0,12.0,143.7,1,Active,9,12,23,0.111,2
0.632,8.9,0.58,2,0.0,5,0,6.0,830,0.632,5,fa7ccac1874c5f4a,0.889,5,835,0.1,-1.0,11.0,142.3,2,Active,6,11,19,0.333,3
0.5,20.6,0.2,1,0.0,5,1,16.0,779,0.5,3,1f3dd8b0167e0fce,0.4,1,978,0.2,-22.2,3.0,124.3,3,Active,16,3,6,0.0,1
0.714,4.2,0.4,2,6.2,5,1,11.0,888,0.714,5,ad3aebf1353c9fcf,0.8,5,997,0.0,20.0,5.0,130.7,2,Active,11,5,7,0.0,1
0.889,5.5,0.8,3,0.0,5,0,7.0,947,0.889,5,9c591e35306515a0,0.75,5,991,0.0,0.0,8.0,139.0,2,Active,7,8,9,0.0,1
0.663,81.3,1.36,4,8.0,4,0,12.0,1248,0.4,3,459ba30272d7877f,0.811,5,1305,0.1,36.3,33.0,149.6,1,Active,12,33,92,1.417,5
0.643,35.0,0.4,2,1.5,5,1,26.0,1232,0.643,5,aa68ca9f5467ba07,0.545,4,1245,0.0,14.9,8.0,84.9,5,Active,26,8,14,0.0,1
0.5,27.8,0.6,2,0.1,5,0,7.0,880,0.5,3,4cff165d83ac3f75,0.429,2,947,0.2,0.0,4.0,126.1,3,Active,7,4,8,0.0,1
0.273,32.2,1.75,4,242.0,3,0,33.0,1541,0.071,1,e0d8c9dc398fa88e,0.833,5,1548,0.1,25.1,6.0,81.2,5,Active,33,6,22,0.0,1
0.301,179.3,0.92,3,88.8,4,0,87.0,1723,0.119,1,030564faac7f7b01,0.55,4,2023,0.1,10.3,17.0,186.9,1,Active,87,17,73,0.046,2
0.474,28.7,0.73,3,13.8,4,0,61.0,1461,0.214,1,aebd3f699ae82cbd,0.611,4,1631,0.3,10.2,16.0,98.5,4,Active,61,16,38,0.049,2
0.25,71.1,2.43,5,25.3,4,0,58.0,1743,0.143,1,a4c2b9bfb7fa69de,0.667,5,1773,0.4,25.3,6.0,90.1,5,Active,58,6,24,0.017,2
0.491,12.5,0.68,3,23.5,4,0,5.0,1345,0.75,5,236d2da62bb55df9,0.6,4,1345,0.0,0.0,27.0,138.0,2,Active,5,27,57,0.0,1
0.5,21.7,1.0,3,4.5,5,0,30.0,1620,0.5,3,17c0d91c716dae1a,0.5,3,1620,0.4,14.0,2.0,96.5,4,Active,30,2,4,0.0,1
0.667,86.2,2.0,4,0.0,5,0,110.0,1143,0.667,5,3fa11c64909bba18,0.667,5,1391,0.4,-6.5,2.0,144.3,1,Active,110,2,3,0.0,1
0.783,80.7,0.92,3,1.3,5,0,6.0,2272,0.714,5,08f1a3706cdb4c57,0.75,5,2272,0.2,0.0,17.0,577.5,1,Active,6,17,23,0.0,1
0.667,11.1,2.0,4,2.1,5,0,8.0,953,0.667,5,50be8d663842c1c5,0.5,3,1001,0.4,-14.0,2.0,148.5,1,Active,8,2,3,0.0,1
0.385,33.1,2.25,5,7.3,5,0,133.0,2088,0.111,1,920854b71f85192c,1.0,5,2174,0.2,9.2,5.0,80.2,5,Active,133,5,13,0.0,1
1.0,5.8,1.0,3,0.0,5,0,5.0,868,1.0,5,9ef3f70b598b0cc7,1.0,5,868,0.2,0.0,2.0,122.9,3,Active,5,2,2,0.2,3
1.0,43.7,1.0,3,0.0,5,0,48.0,1123,1.0,5,6a705618f4125e07,1.0,5,1235,0.2,4.2,1.0,79.9,5,Active,48,1,1,0.0,1
0.769,23.2,0.44,2,2.1,5,1,51.0,1323,0.333,2,c15b25300a1c3165,1.0,5,1340,0.2,14.3,10.0,85.2,5,Active,51,10,13,0.02,2
0.8,180.2,0.25,1,1.0,5,1,265.0,1437,0.8,5,4c53b81b698c0975,0.833,5,1676,0.2,8.2,8.0,104.5,4,Active,265,8,10,0.0,1
0.714,23.6,0.4,2,0.3,5,1,9.0,1167,0.714,5,8e60fd6f83c36784,0.714,5,1282,0.1,96.0,5.0,155.6,1,Active,9,5,7,0.111,2
0.867,10.1,2.75,5,0.1,5,0,7.0,1519,1.0,5,68b396649ebb7983,0.8,5,1519,0.1,0.0,12.0,153.7,1,Active,7,12,15,0.0,1
0.667,8.5,0.24,1,655.1,3,1,10.0,982,1.0,5,d8c0e0d93da172ce,0.652,5,1143,0.2,-56.0,21.0,143.6,1,Active,10,21,36,0.2,3
0.667,28.6,2.0,4,0.0,5,0,12.0,848,0.667,5,f0f29c4179e26bb7,0.667,5,961,0.4,-21.0,2.0,130.4,2,Active,12,2,3,0.0,1
0.7,15.9,1.11,4,41.1,4,0,21.0,1009,0.5,3,45cff4f783031f58,0.786,5,1009,0.1,4.9,27.0,106.6,4,Active,21,27,40,0.048,2
0.909,10.8,0.57,2,0.4,5,0,8.0,899,0.909,5,0f62c49eb83c2d47,1.0,5,899,0.1,38.0,9.0,134.0,2,Active,8,9,11,0.0,1
0.647,20.4,0.31,2,7.7,5,1,7.0,892,1.0,5,a747865bbeb7741b,0.8,5,922,0.0,0.0,10.0,134.5,2,Active,7,10,17,0.0,1
0.483,0.8,0.57,2,81.8,4,0,5.0,1095,0.333,2,68f8d058b13dd51f,0.5,3,1095,0.2,0.0,28.0,108.6,4,Active,5,28,58,0.2,3
0.524,26.8,0.31,2,75.6,4,1,56.0,1114,0.524,4,2606cb596a509f84,0.625,4,1166,0.1,7.9,10.0,83.7,5,Active,56,10,21,0.018,2
0.444,23.5,0.8,3,6.4,5,0,70.0,1513,1.0,5,e928b5b1c45ffb1c,0.375,1,1575,0.2,14.0,4.0,77.5,5,Active,70,4,9,0.0,1
0.333,6.4,1.0,3,30.3,4,0,6.0,958,0.333,2,c14d66e294cf6903,0.333,1,969,0.4,0.0,2.0,130.5,2,Active,6,2,6,0.0,1
1.0,16.8,0.5,2,0.0,5,0,16.0,1214,1.0,5,4d68ef69aab813ef,1.0,5,1266,0.4,17.8,3.0,119.7,3,Active,16,3,3,0.0,1
0.5,9.7,0.71,3,6.1,5,0,14.0,1909,0.4,3,f524937d312348c0,0.571,4,1909,0.5,24.0,6.0,103.8,4,Active,14,6,12,0.0,1
1.0,15.7,1.33,4,0.0,5,0,12.0,1292,1.0,5,4d207bf74ddf6bf9,1.0,5,1292,0.4,12.0,7.0,126.7,3,Active,12,7,7,0.0,1
0.714,18.7,0.4,2,8.7,4,1,24.0,1266,0.714,5,f06c990eb2552a1a,0.75,5,1266,0.0,24.7,5.0,99.3,4,Active,24,5,7,0.0,1
1.0,8.5,1.0,3,0.0,5,0,16.0,857,1.0,5,db6e4f77abd23bc3,1.0,5,1194,0.2,-32.9,1.0,147.4,1,Active,16,1,1,0.0,1
0.833,29.7,0.2,1,3.0,5,1,32.0,1281,0.833,5,382287f2d2f2ecc1,0.833,5,1344,0.1,25.6,5.0,95.0,5,Active,32,5,6,0.031,2
0.667,9.8,0.5,2,4.3,5,0,6.0,1159,0.667,5,76026a1e67f3acfc,0.667,5,1188,0.4,0.0,2.0,157.8,1,Active,6,2,3,0.0,1
0.429,33.2,1.0,3,5.9,5,0,22.0,1041,0.5,3,ff86c9cb89290da7,0.5,3,1118,0.5,15.5,5.0,96.6,4,Active,22,5,14,0.0,1
0.6,14.5,0.5,2,3.1,5,0,15.0,1314,0.6,4,85dbe5be74a97c67,0.545,4,1314,0.2,48.0,9.0,118.8,3,Active,15,9,15,0.0,1
0.733,10.0,1.14,4,1.8,5,0,7.0,870,1.0,5,dd082daed1f2d82f,0.571,4,957,0.1,-41.0,11.0,151.2,1,Active,7,11,15,0.0,1
1.0,22.9,0.5,2,0.0,5,0,31.0,1211,1.0,5,e31bade05496b772,1.0,5,1291,0.0,13.0,3.0,92.6,5,Active,31,3,3,0.0,1
0.564,29.8,1.05,4,11.0,4,0,77.0,1504,0.333,2,1d57bc463eaaba75,0.5,3,1657,0.2,19.5,20.0,73.9,5,Active,77,20,39,0.039,2
1.0,15.9,1.0,3,0.0,5,0,47.0,1426,1.0,5,5382aa628c0a818e,1.0,5,1426,0.2,10.6,4.0,96.3,4,Active,47,4,4,0.0,1
0.5,9.6,0.64,3,15.3,4,0,17.0,880,0.4,3,c89c65263b4fd401,0.333,1,916,0.0,-18.7,9.0,111.6,4,Active,17,9,18,0.0,1
0.778,22.6,0.25,1,1.0,5,1,12.0,1064,0.75,5,508adabba66e8d40,0.75,5,1064,0.2,48.0,34.0,128.2,2,Active,12,34,45,0.0,1
0.632,22.7,0.27,1,2.7,5,1,137.0,1622,0.0,1,5faea7aa4cb949d3,0.5,3,1705,0.2,5.9,12.0,77.3,5,Active,137,12,19,0.0,1
0.878,7.9,1.16,4,1.9,5,0,18.0,1441,1.0,5,3c8f3bd0e5f618c5,0.864,5,1441,0.1,74.0,36.0,101.0,4,Active,18,36,41,0.0,1
0.6,8.8,1.5,4,5.5,5,0,18.0,896,0.6,4,fc642b52ecd7c969,0.667,5,951,0.4,4.6,3.0,110.0,4,Active,18,3,5,0.056,2
0.567,7.6,0.15,1,5.3,5,1,31.0,1729,1.0,5,8afe0cbd86352ad3,0.833,5,1729,0.2,47.5,17.0,121.8,3,Active,31,17,30,0.0,1
0.316,7.8,0.27,1,1.1,5,1,13.0,1151,0.316,2,e68d2f865afed24f,0.154,1,1247,0.2,19.7,6.0,136.1,2,Active,13,6,19,0.0,1
0.241,18.3,1.07,4,338.6,3,0,28.0,1079,0.5,3,c405e838e49c40be,0.217,1,1218,0.2,11.7,7.0,99.9,4,Active,28,7,29,0.071,2
0.588,22.0,0.55,2,3.4,5,0,30.0,1410,0.467,3,9e0bcbb6caf33a07,0.579,4,1410,0.0,40.8,20.0,92.4,5,Active,30,20,34,0.0,1
0.75,23.6,0.14,1,18.7,4,1,20.0,1373,1.0,5,c4422a8c2cf76031,0.667,5,1373,0.2,46.1,6.0,112.5,4,Active,20,6,8,0.0,1
0.68,4.9,1.27,4,3.7,5,0,10.0,1127,0.68,5,18c35861104e5926,0.875,5,1127,0.0,10.0,16.0,128.8,2,Active,10,16,25,0.1,2
0.406,9.2,0.68,3,195.9,3,0,13.0,841,0.406,3,2b954391376398e3,0.5,3,904,0.1,11.1,13.0,156.8,1,Active,13,13,32,0.0,1
0.533,65.3,0.67,3,2.8,5,0,146.0,1573,0.667,5,ec5a1a40421e8d4b,0.571,4,1981,0.1,7.9,8.0,69.1,5,Active,146,8,15,0.0,1
0.714,3.1,0.75,3,0.4,5,0,7.0,1008,0.714,5,d07a3776d4c0b991,1.0,5,1038,0.2,0.0,5.0,155.2,1,Active,7,5,7,0.0,1
0.625,17.2,0.04,1,3.1,5,1,10.0,1468,0.0,1,61deb727c6a01449,1.0,5,1468,0.1,222.0,15.0,133.8,2,Active,10,15,24,0.0,1
0.538,20.2,0.62,2,4.5,5,0,54.0,1062,0.538,4,f23e12d4f195949b,0.5,3,1082,0.2,5.5,7.0,77.3,5,Active,54,7,13,0.0,1
0.52,10.1,7.33,5,24.3,4,0,16.0,930,0.333,2,d385cee48019a723,0.5,3,981,0.1,-5.4,13.0,120.8,3,Active,16,13,25,0.0,1
0.356,32.6,0.13,1,143.1,3,1,35.0,1425,1.0,5,0f2246f18aef9789,0.3,1,1428,0.1,1.2,21.0,90.9,5,Active,35,21,59,0.029,2
0.5,19.6,0.14,1,4.7,5,1,25.0,928,0.5,3,359212e27baa2897,0.5,3,1173,0.2,11.7,4.0,108.7,4,Active,25,4,8,0.0,1
0.667,21.8,0.5,2,0.0,5,0,10.0,787,0.667,5,2929a230c49f5759,0.667,5,924,0.4,-33.8,2.0,139.3,2,Active,10,2,3,0.0,1
0.75,4.4,1.0,3,2.2,5,0,17.0,1066,1.0,5,f02fc15a9b3fdab6,0.714,5,1066,0.0,15.0,17.0,99.6,4,Active,17,17,24,0.118,2
0.727,10.7,0.22,1,3.9,5,1,6.0,1099,0.667,5,39420015af943e04,0.875,5,1099,0.1,0.0,15.0,100.4,4,Active,6,15,22,0.167,3
1.0,6.6,1.0,3,0.0,5,0,24.0,1180,1.0,5,2170ec639077d05c,1.0,5,1209,0.0,-3.8,4.0,111.9,4,Active,24,4,4,0.0,1
0.333,50.4,2.0,4,6.5,5,0,6.0,1087,0.333,2,254fa19b52f1563f,0.333,1,1087,0.4,0.0,1.0,136.2,2,Active,6,1,3,0.0,1
0.323,29.5,6.22,5,8.1,4,0,8.0,912,0.323,2,6ffd46ff9c1efc02,0.333,1,914,0.1,28.0,21.0,127.3,3,Active,8,21,65,0.0,1
0.567,5.9,0.82,3,1.7,5,0,13.0,1068,0.545,4,157059d08fe7092b,0.576,4,1118,0.0,28.3,34.0,124.3,3,Active,13,34,60,0.0,1
0.667,64.7,1.67,4,4.6,5,0,54.0,1780,0.667,5,597f902fad694b50,1.0,5,1780,0.4,18.6,16.0,98.9,4,Active,54,16,24,0.0,1
0.432,43.9,0.38,2,1053.3,2,1,158.0,1656,0.059,1,491266aa0bfb19e6,0.688,5,1769,0.0,8.7,18.0,69.6,5,Active,158,18,44,0.013,2
0.474,18.4,2.8,5,9.7,4,0,42.0,1226,0.4,3,42e4813627b07e82,0.667,5,1313,0.0,9.4,9.0,79.0,5,Active,42,9,19,0.0,1
0.5,10.4,4.25,5,14.0,4,0,13.0,1106,0.5,3,8266dd2e9e0458ed,0.611,4,1110,0.3,-25.0,21.0,117.3,3,Active,13,21,42,0.0,1
0.7,28.9,0.67,3,4.9,5,0,10.0,1214,0.7,5,6c26e685dc09fce2,0.5,3,1263,0.1,-18.5,7.0,127.4,2,Active,10,7,10,0.0,1
0.5,33.0,2.0,4,5.9,5,0,27.0,917,0.5,3,c182a13016af0ea0,0.5,3,986,0.0,14.0,3.0,90.9,5,Active,27,3,6,0.0,1
1.0,48.4,1.0,3,0.0,5,0,8.0,766,1.0,5,c360bcc8df5c680c,1.0,5,858,0.4,-41.5,2.0,136.1,2,Active,8,2,2,0.0,1
0.714,22.1,1.0,3,4.3,5,0,16.0,1451,0.714,5,eede05a9925d3010,0.714,5,1451,0.4,25.4,10.0,143.2,2,Active,16,10,14,0.0,1
1.0,21.5,1.0,3,0.0,5,0,20.0,974,1.0,5,46b831fdef11dd11,1.0,5,1101,0.5,4.7,1.0,114.6,3,Active,20,1,1,0.0,1
0.52,58.0,0.39,2,8.4,4,1,18.0,863,0.333,2,3593f4832e88a298,0.583,4,909,0.0,4.3,25.0,114.0,3,Active,18,25,50,0.111,2
0.577,56.9,0.24,1,114.2,3,1,15.0,1526,0.222,1,2ba10886018a562c,0.818,5,1604,0.1,99.0,13.0,126.1,3,Active,15,13,26,0.067,2
0.75,9.2,0.33,2,1.8,5,1,5.0,1029,0.75,5,eac3e830b8bfba5e,0.75,5,1029,0.2,0.0,3.0,111.5,4,Active,5,3,4,0.0,1
0.385,8.3,0.11,1,18.4,4,1,16.0,978,0.667,5,d5aac00d5c418869,0.333,1,1059,0.0,15.7,20.0,119.3,3,Active,16,20,52,0.062,2
1.0,8.1,1.0,3,0.0,5,0,7.0,937,1.0,5,8273d519f77c5034,1.0,5,952,0.1,0.0,1.0,125.1,3,Active,7,1,1,0.0,1
0.481,6.7,2.25,5,34.6,4,0,12.0,1057,0.75,5,c1526fb0dd6f4291,0.519,3,1177,0.0,-32.0,24.0,141.7,2,Active,12,24,52,0.0,1
0.5,17.6,3.0,5,0.0,5,0,16.0,928,0.5,3,ce71451e2bd6ac54,1.0,5,928,0.5,32.2,2.0,106.9,4,Active,16,2,4,0.0,1
0.484,13.1,0.72,3,14.3,4,0,49.0,1059,0.4,3,538189847c045631,0.7,5,1146,0.1,-1.2,15.0,79.7,5,Active,49,15,31,0.02,2
0.765,9.3,0.89,3,271.7,3,0,18.0,1478,0.8,5,4be3e6173c503290,0.75,5,1611,0.0,44.0,24.0,118.9,3,Active,18,24,34,0.333,3
0.776,7.8,2.16,5,2.6,5,0,20.0,1190,1.0,5,d8f5300aa70633c7,0.826,5,1190,0.0,29.7,60.0,101.3,4,Active,20,60,98,0.05,2
0.778,73.0,0.29,2,1.0,5,1,51.0,1368,0.429,3,2c07a201e74b1c44,1.0,5,1374,0.0,9.2,20.0,90.1,5,Active,51,20,27,0.02,2
0.25,25.6,0.33,2,0.0,5,1,30.0,1137,0.25,1,b1502294827959d3,0.25,1,1497,0.4,14.2,1.0,139.7,2,Active,30,1,4,0.0,1
0.75,9.4,0.33,2,4.9,5,1,20.0,919,0.75,5,bc8fbab93d0a4f17,0.75,5,1021,0.4,6.1,3.0,110.9,4,Active,20,3,4,0.0,1
0.571,22.8,0.31,2,3.0,5,1,45.0,1489,0.429,3,6fa2bc01ca9f5b5c,0.55,4,1514,0.0,34.7,24.0,88.1,5,Active,45,24,42,0.022,2
0.667,44.4,2.0,4,0.3,5,0,106.0,1724,0.5,3,f4140800914cd0f7,0.857,5,1905,0.1,14.3,12.0,78.1,5,Active,106,12,18,0.009,2
0.5,33.7,1.0,3,2.7,5,0,14.0,1346,0.5,3,c1bb47d36bbbfff9,0.5,3,1346,0.1,50.3,2.0,111.6,4,Active,14,2,4,0.0,1
0.517,12.6,0.53,2,7.6,5,0,45.0,1450,0.2,1,209433493f8cc76a,0.7,5,1529,0.1,8.7,15.0,100.5,4,Active,45,15,29,0.0,1
0.34,9.2,1.61,4,310.4,3,0,28.0,1676,0.4,3,cb9560da7e72d4f6,0.37,1,1824,0.3,9.4,13.0,140.2,2,Active,28,13,47,0.071,2
0.8,35.3,1.5,4,1.7,5,0,13.0,1149,0.5,3,4ad02abf59b5153b,0.75,5,1158,0.2,11.0,8.0,130.1,2,Active,13,8,10,0.0,1
0.562,13.0,0.78,3,5.2,5,0,31.0,840,0.5,3,f5d7151c9dd4c265,1.0,5,1051,0.0,12.5,9.0,102.1,4,Active,31,9,16,0.0,1
1.0,139.3,0.25,1,0.0,5,1,83.0,1565,1.0,5,4fe592a3b0e9672e,1.0,5,1976,0.1,11.3,5.0,183.4,1,Active,83,5,5,0.012,2
1.0,5.4,1.0,3,0.0,5,0,9.0,857,1.0,5,64764068ea3391a3,1.0,5,980,0.2,-29.0,1.0,134.4,2,Active,9,1,1,0.0,1
1.0,22.6,1.0,3,0.0,5,0,17.0,1421,1.0,5,c62ebf41b5cc6b6b,1.0,5,1421,0.5,46.7,1.0,106.0,4,Active,17,1,1,0.0,1
0.75,33.1,0.33,2,2.1,5,1,11.0,1275,0.667,5,d24f43771b426e24,0.75,5,1275,0.1,55.0,3.0,142.4,2,Active,11,3,4,0.0,1
0.5,14.8,0.6,2,5.8,5,0,8.0,1233,0.5,3,14a4a297d996f57b,0.5,3,1233,0.2,39.0,4.0,151.7,1,Active,8,4,8,0.0,1
0.75,62.4,1.0,3,0.9,5,0,26.0,1427,0.75,5,8eea81812ec31fca,0.75,5,1427,0.3,18.9,3.0,93.9,5,Active,26,3,4,0.0,1
0.435,1.2,0.64,3,7.5,5,0,7.0,943,0.0,1,24b6a11c272cf51b,0.571,4,943,0.0,0.0,20.0,126.2,3,Active,7,20,46,0.0,1
0.714,60.2,0.17,1,38.5,4,1,80.0,1940,0.714,5,e96dea85cd90e2c3,0.714,5,1940,0.3,17.2,5.0,96.3,4,Active,80,5,7,0.0,1
0.484,21.0,3.43,5,19.9,4,0,34.0,931,0.5,3,e3eb8af80c0e08a0,0.75,5,1100,0.0,-4.1,13.0,94.8,5,Active,34,13,31,0.0,1
1.0,28.6,3.0,5,0.0,5,0,7.0,823,1.0,5,24b840c6ba8e9161,1.0,5,928,0.2,103.0,3.0,157.9,1,Active,7,3,4,0.0,1
0.375,22.9,1.67,4,26.7,4,0,5.0,1088,0.375,2,57112fa2da8a9243,0.375,1,1088,0.4,0.0,3.0,128.3,2,Active,5,3,8,0.0,1
0.5,21.5,1.0,3,13.0,4,0,15.0,526,0.5,3,5b5ee70b636245e4,0.5,3,841,0.3,-21.5,1.0,131.9,2,Active,15,1,2,0.0,1
0.4,47.7,1.5,4,6.6,5,0,62.0,1942,0.333,2,e08035ba7bbcfd09,0.333,1,1994,0.3,23.0,2.0,93.3,5,Active,62,2,5,0.0,1
0.75,30.6,1.5,4,104.0,3,0,31.0,1327,0.667,5,60036c10a2cbf4b9,0.636,4,1448,0.1,28.6,14.0,96.9,4,Active,31,14,20,0.0,1
0.214,10.1,0.27,1,12.8,4,1,30.0,939,0.214,1,418a737b791f2818,0.25,1,1046,0.1,18.0,6.0,109.6,4,Active,30,6,28,0.0,1
0.4,32.5,4.0,5,1.6,5,0,44.0,1639,0.25,1,996c1821e60c773f,0.4,1,1639,0.1,7.5,2.0,86.2,5,Active,44,2,5,0.0,1
1.0,100.5,1.0,3,0.0,5,0,169.0,1414,1.0,5,367bb4b253fb01ce,1.0,5,1730,0.4,0.1,2.0,121.1,3,Active,169,2,2,0.0,1
0.471,14.1,2.4,5,12.9,4,0,37.0,916,0.471,3,d2f782a50bd3ea7b,0.4,1,969,0.4,27.2,8.0,88.7,5,Active,37,8,17,0.027,2
0.457,21.0,1.0,3,454.5,3,0,12.0,922,0.333,2,3784fa348b76032e,0.706,5,946,0.0,13.0,19.0,135.5,2,Active,12,19,46,0.333,3
0.8,35.5,0.67,3,0.4,5,0,24.0,1751,0.8,5,a584550f6aeef4f7,0.8,5,1854,0.1,5.3,4.0,131.8,2,Active,24,4,5,0.0,1
0.917,8.5,0.8,3,4.5,5,0,22.0,1468,1.0,5,b3cbfdee5d8fb3ce,0.941,5,1468,0.0,12.8,33.0,152.4,1,Active,22,33,36,0.0,1
0.5,31.3,1.0,3,4.4,5,0,15.0,1259,0.5,3,492d6a3549f00945,1.0,5,1347,0.5,-2.0,2.0,146.3,1,Active,15,2,4,0.0,1
0.357,10.6,1.0,3,15.0,4,0,14.0,1348,0.0,1,859b1f67ef05c018,0.556,4,1348,0.2,21.7,4.0,124.3,3,Active,14,4,14,0.071,2
0.8,21.1,0.67,3,187.2,3,0,27.0,1115,1.0,5,6e0339d013897dce,0.8,5,1231,0.2,-9.3,8.0,105.2,4,Active,27,8,10,0.0,1
0.684,15.4,0.27,1,19.1,4,1,46.0,1518,0.5,3,63e7630574fe0d51,0.857,5,1532,0.2,-5.3,13.0,92.6,5,Active,46,13,19,0.043,2
0.769,44.6,0.86,3,0.6,5,0,25.0,1702,0.769,5,54d79d21baf4c071,0.769,5,1748,0.3,34.2,10.0,158.9,1,Active,25,10,13,0.0,1
0.5,23.8,1.0,3,5.8,5,0,29.0,1407,0.5,3,1b83718e4d887aa7,0.5,3,1407,0.3,23.1,2.0,114.7,3,Active,29,2,4,0.0,1
0.424,17.2,0.74,3,49.6,4,0,6.0,922,0.333,2,0d06190912a41fea,0.4,1,922,0.1,0.0,14.0,116.8,3,Active,6,14,33,0.0,1
0.5,27.2,1.0,3,0.0,5,0,9.0,797,0.5,3,5e2ecffbfaac1226,0.5,3,984,0.4,-48.0,1.0,142.1,2,Active,9,1,2,0.0,1
0.889,29.5,0.29,2,0.8,5,1,44.0,1120,0.889,5,93d7cee90daacafa,1.0,5,1147,0.1,11.6,7.0,80.1,5,Active,44,7,9,0.0,1
1.0,6.3,1.0,3,0.0,5,0,11.0,1385,1.0,5,382cc762742d5eeb,1.0,5,1671,0.2,1.0,6.0,231.2,1,Active,11,6,6,0.0,1
0.5,26.9,0.5,2,0.7,5,0,6.0,1322,0.5,3,a87d89a402db3257,0.5,3,1322,0.3,0.0,3.0,173.3,1,Active,6,3,6,0.0,1
0.44,27.5,5.25,5,1357.3,2,0,14.0,1521,0.667,5,f1a7132c2b1ad092,0.286,1,1569,0.0,23.5,11.0,157.4,1,Active,14,11,25,0.0,1
1.0,81.1,1.0,3,0.0,5,0,35.0,1212,1.0,5,69cfdc7e193d69e8,1.0,5,1385,0.3,-16.7,1.0,241.0,1,Active,35,1,1,0.0,1
0.667,17.9,0.7,3,7.2,5,0,12.0,1061,0.667,5,586dc3c47cd6250a,0.714,5,1061,0.1,24.0,24.0,120.6,3,Active,12,24,39,0.083,2
0.25,52.1,0.33,2,12.2,4,1,69.0,1666,0.2,1,5ee2940ec17d82fa,0.2,1,1666,0.3,17.8,4.0,88.7,5,Active,69,4,16,0.0,1
0.476,5.4,0.62,2,313.0,3,0,5.0,1060,0.476,3,ece41152d12bcdb7,0.636,4,1060,0.0,0.0,10.0,109.6,4,Active,5,10,21,0.0,1
1.0,7.3,1.0,3,0.0,5,0,7.0,1501,1.0,5,d1d584e92dfcba40,1.0,5,1725,0.2,-158.0,1.0,240.2,1,Active,7,1,1,0.0,1
0.6,10.5,0.67,3,1.5,5,0,13.0,926,0.6,4,57a7e0c3c6a8fc4f,0.625,4,953,0.4,-6.8,6.0,117.8,3,Active,13,6,10,0.0,1
0.556,9.1,0.8,3,3.5,5,0,16.0,1442,0.75,5,38f93bba85569a97,0.333,1,1442,0.0,84.0,10.0,101.2,4,Active,16,10,18,0.0,1
0.5,51.1,3.0,5,2.0,5,0,88.0,1827,0.5,3,151d2872ba97927d,0.5,3,1917,0.3,18.4,2.0,81.5,5,Active,88,2,4,0.0,1
0.8,6.6,1.5,4,5.5,5,0,7.0,1676,0.75,5,45f4845c0bd16981,1.0,5,1676,0.2,0.0,12.0,101.6,4,Active,7,12,15,0.0,1
0.4,15.2,0.67,3,3.9,5,0,8.0,1284,0.333,2,031867ca42e378e1,0.4,1,1322,0.2,0.0,2.0,121.7,3,Active,8,2,5,0.0,1
1.0,21.1,0.5,2,0.0,5,0,12.0,1411,1.0,5,19964091ef778688,1.0,5,1504,0.2,-4.5,3.0,183.3,1,Active,12,3,3,0.0,1
0.449,23.0,1.04,4,5.7,5,0,14.0,1346,0.385,2,c06c49c84e5b3b67,0.444,2,1375,0.1,60.0,22.0,124.9,3,Active,14,22,49,0.0,1
0.75,19.6,1.0,3,11.1,4,0,18.0,1059,0.75,5,b390ab52be206af8,0.75,5,1066,0.4,40.8,3.0,102.1,4,Active,18,3,4,0.0,1
0.636,27.8,0.57,2,3.7,5,0,14.0,1268,0.333,2,fa2aef11fc86800f,1.0,5,1268,0.1,24.0,6.0,106.5,4,Active,14,6,11,0.143,3
0.636,20.7,0.22,1,15.2,4,1,25.0,1039,0.636,5,7290b3710a1ccaad,0.5,3,1263,0.2,-1.9,6.0,133.2,2,Active,25,6,11,0.08,2
0.333,14.5,0.5,2,16.2,4,0,13.0,1021,0.333,2,3c72998f96ad2579,0.333,1,1021,0.5,69.0,1.0,100.9,4,Active,13,1,6,0.0,1
0.316,18.6,0.52,2,6.1,5,0,44.0,1614,0.2,1,7577dd89206f5651,0.429,2,1718,0.4,7.5,12.0,101.1,4,Active,44,12,38,0.0,1
0.43,91.6,0.61,2,26.8,4,0,89.0,2190,0.316,2,bc4a07d6dc03ca71,0.512,3,2190,0.0,21.2,44.0,160.6,1,Active,89,44,114,0.011,2
1.0,19.5,2.0,4,0.0,5,0,52.0,1216,1.0,5,7f157773e48aef0b,1.0,5,1216,0.2,6.5,3.0,81.2,5,Active,52,3,3,0.0,1
0.75,8.8,3.0,5,0.7,5,0,15.0,1196,0.75,5,1492681a0e5e11ac,0.833,5,1196,0.2,29.3,6.0,120.3,3,Active,15,6,8,0.0,1
0.778,21.1,0.5,2,6.1,5,0,12.0,1360,0.778,5,5490c57e501692e7,0.667,5,1385,0.2,-1.3,7.0,140.7,2,Active,12,7,9,0.0,1
0.706,7.2,1.43,4,2.6,5,0,7.0,1047,0.706,5,ead3293ced63db3a,0.6,4,1096,0.0,0.0,11.0,135.7,2,Active,7,11,17,0.0,1
0.357,19.8,0.08,1,178.9,3,1,7.0,890,0.308,2,99088585e60a3c66,1.0,5,890,0.1,0.0,4.0,129.0,2,Active,7,4,14,0.0,1
0.5,84.0,1.0,3,0.0,5,0,86.0,1111,0.5,3,803e59dec0664532,0.5,3,1488,0.2,3.5,1.0,171.6,1,Active,86,1,2,0.0,1
0.75,20.7,1.0,3,9.3,4,0,5.0,1258,0.75,5,96f6b999d46a1f41,0.75,5,1258,0.3,0.0,3.0,177.9,1,Active,5,3,4,0.0,1
0.714,22.1,0.17,1,3.0,5,1,11.0,1015,0.333,2,55ac5b51b61addce,0.667,5,1086,0.2,-45.5,10.0,142.5,2,Active,11,10,14,0.0,1
0.467,41.1,0.5,2,2.4,5,0,37.0,1316,0.2,1,04e366ab12830d0f,0.667,5,1378,0.3,-11.5,7.0,86.8,5,Active,37,7,15,0.0,1
0.447,10.9,0.09,1,16.9,4,1,21.0,1321,0.636,5,7268aab886b9f242,0.435,2,1321,0.0,15.4,21.0,116.1,3,Active,21,21,47,0.095,2
0.4,5.4,0.11,1,11.6,4,1,8.0,1171,0.0,1,b3912844f42d74b6,0.381,1,1171,0.2,81.0,11.0,132.1,2,Active,8,11,30,0.25,3
0.786,68.9,0.4,2,0.7,5,1,134.0,1750,0.786,5,5d401a67246bb225,1.0,5,2173,0.2,6.8,10.0,86.8,5,Active,134,10,14,0.0,1
1.0,21.1,1.0,3,0.0,5,0,11.0,894,1.0,5,488070bfad2fcc17,1.0,5,997,0.2,15.3,2.0,138.1,2,Active,11,2,2,0.0,1
0.4,56.1,1.5,4,2.0,5,0,18.0,1022,0.4,3,6446da335541f99c,1.0,5,1145,0.5,30.5,2.0,115.3,3,Active,18,2,5,0.0,1
0.667,39.5,0.5,2,0.0,5,0,177.0,1009,1.0,5,d99f1390af867e32,0.667,5,1269,0.1,4.4,2.0,58.0,5,Active,177,2,3,0.0,1
0.2,34.3,0.15,1,80.2,4,1,27.0,1166,0.2,1,fac7cfb99267fbb2,0.0,1,1166,0.3,14.2,3.0,88.0,5,Active,27,3,15,0.0,1
0.667,9.0,0.67,3,4.3,5,0,17.0,1464,0.667,5,8d3bd1f8963f8793,1.0,5,1490,0.1,10.0,10.0,138.9,2,Active,17,10,15,0.176,3
0.407,26.0,0.97,3,276.2,3,0,50.0,1454,0.333,2,701856bfa0bbd672,0.429,2,1454,0.0,7.7,24.0,81.7,5,Active,50,24,59,0.04,2
0.694,19.8,1.02,3,58.0,4,0,30.0,1176,0.6,4,6be61b864a93d8c8,0.816,5,1366,0.0,14.6,59.0,108.4,4,Active,30,59,85,0.1,2
0.714,21.7,1.33,4,0.0,5,0,8.0,1275,0.5,3,6da160214547185a,0.667,5,1275,0.5,68.0,5.0,157.4,1,Active,8,5,7,0.0,1
0.667,25.7,2.0,4,2.4,5,0,21.0,762,0.667,5,3fb05d974a910d91,0.667,5,867,0.4,18.4,2.0,110.9,4,Active,21,2,3,0.0,1
0.077,45.3,0.18,1,81.0,4,1,13.0,1990,0.077,1,a3d29fac800e388b,0.077,1,1990,0.0,35.3,1.0,174.0,1,Active,13,1,13,0.0,1
0.857,84.1,0.17,1,0.2,5,1,27.0,1512,1.0,5,e7bba1581093766f,0.8,5,1647,0.3,13.8,6.0,267.9,1,Active,27,6,7,0.037,2
0.857,31.0,1.33,4,0.1,5,0,14.0,834,0.857,5,bdfc5f9cfac342ab,0.833,5,968,0.1,10.3,6.0,122.2,3,Active,14,6,7,0.214,3
0.667,66.2,2.0,4,0.6,5,0,23.0,1249,0.667,5,87904d3f75c5faff,0.667,5,1249,0.4,23.0,2.0,101.9,4,Active,23,2,3,0.0,1
0.509,79.9,4.3,5,42.6,4,0,261.0,1698,0.364,2,6985df9605d89e81,0.545,4,1788,0.0,2.5,25.0,102.5,4,Active,261,25,53,0.008,2
0.714,18.4,1.33,4,2.7,5,0,24.0,1308,0.333,2,379691ab32a5c1b3,0.714,5,1308,0.0,10.7,5.0,96.1,4,Active,24,5,7,0.0,1
0.5,17.8,0.14,1,0.2,5,1,12.0,1033,0.0,1,3b58a833b84bec68,0.556,4,1050,0.2,18.7,8.0,114.0,3,Active,12,8,16,0.0,1
0.889,10.0,1.25,4,0.0,5,0,11.0,1388,0.889,5,58b66226c818bc1c,0.778,5,1388,0.0,41.0,15.0,130.1,2,Active,11,15,18,0.0,1
0.75,8.3,0.33,2,5.6,5,1,8.0,1463,0.75,5,e4da286b1cfa58c0,0.75,5,1542,0.4,0.0,3.0,174.8,1,Active,8,3,4,0.0,1
1.0,20.7,1.0,3,0.0,5,0,10.0,1274,1.0,5,318a55f0588c395e,1.0,5,1274,0.4,0.0,4.0,120.5,3,Active,10,4,4,0.0,1
0.842,9.9,0.9,3,1.1,5,0,7.0,941,0.842,5,3421b64c94da78d5,0.667,5,941,0.0,18.0,15.0,145.7,1,Active,7,15,19,0.0,1
0.607,6.7,0.97,3,39.3,4,0,8.0,1298,0.375,2,8c559bf361430b64,0.679,5,1307,0.0,0.0,37.0,156.9,1,Active,8,37,61,0.125,2
0.583,78.2,5.0,5,20.8,4,0,84.0,2240,0.333,2,ac7bc823feecfa02,1.0,5,2449,0.2,20.8,7.0,103.7,4,Active,84,7,12,0.012,2
1.0,22.2,0.5,2,0.0,5,0,29.0,840,1.0,5,e6ff2ed0f2c3ceda,1.0,5,979,0.0,2.5,3.0,99.5,4,Active,29,3,3,0.0,1
0.478,19.1,1.71,4,55.6,4,0,26.0,1057,0.333,2,572e6de3d9aa52f6,0.529,3,1075,0.0,21.3,22.0,95.4,5,Active,26,22,46,0.0,1
0.543,21.9,0.94,3,158.3,3,0,14.0,783,0.5,3,aa287b1eb144e603,0.588,4,885,0.0,-16.8,19.0,128.7,2,Active,14,19,35,0.286,3
0.714,20.8,0.17,1,4.9,5,1,38.0,1133,0.714,5,f3444247e84462ff,0.714,5,1182,0.3,7.0,5.0,86.8,5,Active,38,5,7,0.026,2
0.567,21.7,0.76,3,179.7,3,0,15.0,970,1.0,5,b031e3b1aeaebbdf,0.526,3,985,0.0,-13.8,17.0,114.3,3,Active,15,17,30,0.133,2
0.667,33.2,1.0,3,2.3,5,0,9.0,949,0.667,5,449dec4fc6b6742f,0.6,4,1052,0.3,91.0,4.0,147.7,1,Active,9,4,6,0.0,1
0.154,41.5,1.17,4,8.6,4,0,7.0,1539,0.167,1,6dcac0f5fffb5a46,0.167,1,1539,0.1,0.0,2.0,86.1,5,Active,7,2,13,0.0,1
1.0,20.9,1.0,3,0.0,5,0,41.0,1390,1.0,5,20857aedd43953cf,1.0,5,1446,0.0,10.2,1.0,93.1,5,Active,41,1,1,0.0,1
0.5,33.6,1.0,3,25.1,4,0,35.0,1110,0.5,3,c0143e92a483cb9b,0.5,3,1182,0.2,10.1,3.0,76.4,5,Active,35,3,6,0.0,1
0.556,8.7,2.0,4,1.5,5,0,14.0,633,0.556,4,6903988d0a3fafc8,0.75,5,828,0.1,-24.3,5.0,123.7,3,Active,14,5,9,0.071,2
0.5,44.6,1.0,3,0.5,5,0,67.0,949,0.5,3,1aaee77fbb85dc3c,0.5,3,1151,0.4,-1.1,1.0,82.3,5,Active,67,1,2,0.0,1
0.714,6.7,1.1,4,2.9,5,0,8.0,1146,0.5,3,abfc5210ac918f0e,0.8,5,1162,0.0,0.0,15.0,139.5,2,Active,8,15,21,0.0,1
0.811,26.9,0.61,2,0.2,5,0,24.0,1301,0.8,5,a34bb194a1d25bac,0.727,5,1414,0.0,-4.0,29.0,108.0,4,Active,24,29,37,0.083,2
0.5,5.0,1.0,3,0.0,5,0,6.0,1019,0.0,1,86548ca2a07d8b9b,0.5,3,1022,0.2,0.0,1.0,135.9,2,Active,6,1,2,0.0,1
0.706,20.1,0.7,3,1168.4,2,0,18.0,908,0.706,5,6db1f96758b97205,0.8,5,956,0.0,11.3,12.0,116.4,3,Active,18,12,17,0.056,2
0.25,26.3,1.0,3,6.1,5,0,19.0,1055,0.25,1,bcfa6dd43e83b58b,0.25,1,1228,0.5,2.4,1.0,129.9,2,Active,19,1,4,0.053,2
1.0,33.2,0.5,2,0.0,5,0,29.0,1437,1.0,5,8290a7a5939cd17b,1.0,5,1437,0.5,12.7,3.0,103.8,4,Active,29,3,3,0.0,1
0.667,30.9,2.0,4,8.3,4,0,9.0,1804,0.667,5,f7b974fcb9e4f73b,1.0,5,1950,0.2,0.0,2.0,223.2,1,Active,9,2,3,0.0,1
0.75,24.4,0.85,3,166.0,3,0,24.0,1509,1.0,5,b97559e6b977c13c,0.667,5,1509,0.1,46.3,18.0,112.5,4,Active,24,18,24,0.083,2
0.565,29.3,0.77,3,280.5,3,0,84.0,1253,0.0,1,3c5d29f693c25b80,0.611,4,1434,0.0,0.8,10.0,63.8,5,Active,84,10,23,0.024,2
1.0,24.7,1.0,3,0.0,5,0,27.0,1368,1.0,5,e43b34df739ebf57,1.0,5,1368,0.5,16.8,4.0,96.2,4,Active,27,4,4,0.0,1
1.0,35.3,0.2,1,0.0,5,1,13.0,1170,1.0,5,8757305b1009c27a,1.0,5,1187,0.3,39.4,6.0,133.9,2,Active,13,6,6,0.0,1
0.667,43.7,2.0,4,12.3,4,0,119.0,1832,0.333,2,aa2a1a6268512eb0,0.667,5,2057,0.2,24.0,4.0,82.6,5,Active,119,4,6,0.0,1
0.667,44.1,1.0,3,2.3,5,0,30.0,1611,0.667,5,31fa7abb0f016884,1.0,5,1697,0.4,49.7,4.0,110.9,4,Active,30,4,6,0.0,1
0.4,36.1,0.67,3,0.0,5,0,33.0,1126,0.4,3,e1e93cd899540e45,1.0,5,1236,0.5,21.1,2.0,97.9,4,Active,33,2,5,0.0,1
0.5,22.0,1.0,3,3.2,5,0,11.0,1450,0.5,3,28be71d1b047e3ea,0.5,3,1450,0.5,55.0,1.0,108.0,4,Active,11,1,2,0.0,1
1.0,58.8,2.0,4,0.0,5,0,49.0,1111,1.0,5,50a093720d4478ec,1.0,5,1216,0.2,5.3,3.0,78.2,5,Active,49,3,3,0.0,1
1.0,13.1,1.33,4,0.0,5,0,27.0,1491,1.0,5,0cf6d62a966768a5,1.0,5,1600,0.2,-7.3,7.0,123.4,3,Active,27,7,7,0.0,1
0.556,25.6,0.8,3,2.3,5,0,36.0,1477,0.5,3,14e688283d17da0a,0.5,3,1477,0.0,19.5,5.0,81.1,5,Active,36,5,9,0.0,1
0.833,29.6,0.5,2,9.2,4,0,20.0,766,0.833,5,ff49bc661a7bcc66,0.75,5,882,0.2,-13.2,5.0,109.0,4,Active,20,5,6,0.0,1
0.857,13.2,1.33,4,2.8,5,0,15.0,1231,0.857,5,dd0d1fd7f4c1c9d3,0.75,5,1231,0.2,60.8,6.0,119.9,3,Active,15,6,7,0.0,1
0.75,22.0,0.33,2,0.2,5,1,38.0,1496,0.75,5,0af5de35c84ca61d,1.0,5,1544,0.0,23.2,6.0,84.8,5,Active,38,6,8,0.0,1
0.471,29.2,1.12,4,5.5,5,0,5.0,1296,0.375,2,6f6d96fd722782ba,0.375,1,1296,0.0,0.0,8.0,95.6,4,Active,5,8,17,0.4,4
0.731,8.8,1.36,4,5.1,5,0,21.0,1198,0.5,3,ad9be6cfbb36d235,0.688,5,1229,0.2,3.7,19.0,112.7,4,Active,21,19,26,0.19,3
0.444,31.1,0.29,2,0.0,5,1,27.0,1283,0.0,1,296732684c43d9e0,0.429,2,1443,0.3,24.0,4.0,117.7,3,Active,27,4,9,0.0,1
0.286,14.8,2.5,5,15.9,4,0,9.0,1022,0.286,1,37a812b4a5a8a20d,0.286,1,1082,0.4,-8.0,2.0,147.4,1,Active,9,2,7,0.0,1
0.587,26.7,1.09,4,10.0,4,0,58.0,1429,0.556,4,be564541a8c29f72,0.684,5,1516,0.0,6.7,26.0,79.4,5,Active,58,26,46,0.069,2
0.188,106.1,4.33,5,17.9,4,0,69.0,1346,0.188,1,81ea8d5d31667066,0.188,1,1781,0.1,3.3,3.0,179.8,1,Active,69,3,16,0.0,1
0.727,12.8,4.5,5,2.5,5,0,6.0,1252,0.727,5,8cde7e86f0aab24a,1.0,5,1252,0.0,118.0,8.0,184.1,1,Active,6,8,11,0.167,3
0.762,19.5,2.0,4,61.5,4,0,29.0,1458,0.5,3,4563f696a272d3aa,0.833,5,1458,0.0,-3.2,16.0,111.6,4,Active,29,16,21,0.0,1
1.0,14.7,0.67,3,0.0,5,0,10.0,1392,1.0,5,2fe8ae441f3cf1ef,1.0,5,1392,0.4,54.0,5.0,130.5,2,Active,10,5,5,0.0,1
0.359,19.1,1.64,4,17.3,4,0,37.0,1799,0.5,3,d9ffc1d8a8197c8d,0.75,5,1799,0.1,38.9,34.0,102.0,4,Active,37,34,103,0.0,1
0.594,7.9,0.23,1,5.2,5,1,39.0,1449,0.571,4,90c5f3251133f1cc,0.6,4,1514,0.1,9.6,19.0,101.2,4,Active,39,19,32,0.0,1
0.5,33.8,3.0,5,5.8,5,0,46.0,1630,0.5,3,30d24b66c738025e,0.5,3,1630,0.3,23.7,2.0,93.5,5,Active,46,2,4,0.0,1
0.312,40.2,0.88,3,11.4,4,0,132.0,1479,0.467,3,03a4ca27690c4996,0.312,1,1562,0.0,11.4,9.0,87.4,5,Active,132,9,32,0.0,1
0.286,11.0,0.17,1,18.6,4,1,9.0,803,0.286,1,9ee8462991d80ac7,0.286,1,918,0.2,-23.5,1.0,137.3,2,Active,9,1,7,0.0,1
0.421,31.4,0.27,1,42.8,4,1,35.0,821,0.421,3,1c997c3ca1b74467,0.375,1,969,0.1,-10.3,8.0,91.0,5,Active,35,8,19,0.0,1
0.65,8.3,0.82,3,1.4,5,0,12.0,1336,0.0,1,61cad427ebb0d6f8,1.0,5,1379,0.1,51.3,13.0,165.4,1,Active,12,13,20,0.0,1
1.0,106.0,1.0,3,0.0,5,0,10.0,1234,1.0,5,93c4bfdb995531d4,1.0,5,1278,0.2,-34.0,2.0,147.8,1,Active,10,2,2,0.0,1
0.419,10.5,1.05,4,7.4,5,0,6.0,875,0.467,3,64f3b2eb484a2fa1,0.353,1,875,0.0,0.0,18.0,127.6,2,Active,6,18,43,0.0,1
1.0,22.8,2.0,4,0.0,5,0,13.0,1091,1.0,5,abf17ded5507bda6,1.0,5,1133,0.4,35.5,3.0,134.3,2,Active,13,3,3,0.0,1
1.0,6.4,1.0,3,0.0,5,0,9.0,1413,1.0,5,983301c8ec074ae0,1.0,5,1427,0.2,0.0,1.0,142.1,2,Active,9,1,1,0.0,1
0.45,20.7,0.33,2,9.5,4,1,32.0,1256,1.0,5,b971ebb447e2d8b0,0.5,3,1326,0.0,23.6,9.0,95.7,4,Active,32,9,20,0.0,1
0.385,5.3,0.3,2,297.3,3,1,19.0,808,0.5,3,93852cc40626dbe2,0.25,1,879,0.2,4.9,5.0,119.2,3,Active,19,5,13,0.0,1
0.6,44.2,1.5,4,1.0,5,0,26.0,1172,0.5,3,c9f20df910be8588,0.6,4,1325,0.0,-0.7,6.0,119.1,3,Active,26,6,10,0.0,1
0.654,10.4,0.86,3,3.1,5,0,5.0,987,0.654,5,0edc9cb18207fb32,0.812,5,987,0.0,0.0,16.0,120.8,3,Active,5,16,26,0.2,3
0.31,32.8,1.07,4,108.5,3,0,70.0,1518,0.067,1,3d59cb3b75a80035,0.857,5,1672,0.4,0.7,9.0,83.9,5,Active,70,9,29,0.029,2
0.421,101.1,0.36,2,11.1,4,1,39.0,1325,0.421,3,76cc2c1eb34fc20f,0.625,4,1574,0.2,16.5,8.0,87.6,5,Active,39,8,19,0.0,1
0.55,21.1,0.45,2,12.2,4,1,43.0,1904,0.632,5,dfa8f17b339a1821,0.778,5,1914,0.0,22.7,43.0,99.2,4,Active,43,43,80,0.0,1
0.353,25.5,16.0,5,819.4,3,0,8.0,633,0.353,2,0c457b49805de898,0.5,3,788,0.0,-54.5,6.0,145.6,1,Active,8,6,17,0.0,1
0.6,20.5,0.67,3,7.4,5,0,7.0,1171,0.6,4,d5fc60a6467a3156,0.75,5,1191,0.4,0.0,3.0,158.8,1,Active,7,3,5,0.0,1
0.789,54.8,0.36,2,0.6,5,1,100.0,1226,0.5,3,5b27113d7c5251c2,0.9,5,1334,0.2,10.3,15.0,71.0,5,Active,100,15,19,0.0,1
0.343,85.0,0.03,1,6.1,5,1,15.0,2051,0.343,2,2bb30d6c7430d385,0.343,1,2051,0.2,28.0,10.0,357.6,1,Active,15,10,35,0.0,1
1.0,22.3,0.25,1,0.0,5,1,31.0,1170,1.0,5,56d1d13a93fca25e,1.0,5,1295,0.2,3.4,5.0,98.0,4,Active,31,5,5,0.0,1
0.25,17.9,1.0,3,6.2,5,0,16.0,1143,0.25,1,d4a904b2036bc79d,0.25,1,1184,0.2,33.3,2.0,139.6,2,Active,16,2,8,0.0,1
0.75,21.4,0.54,2,19.9,4,0,9.0,1120,0.833,5,215c562c6527f7a0,0.667,5,1120,0.1,0.0,15.0,114.4,3,Active,9,15,20,0.111,2
0.333,82.4,2.0,4,7.6,5,0,12.0,1026,0.333,2,c896686e8aefe01f,0.333,1,1131,0.1,-26.5,2.0,145.4,1,Active,12,2,6,0.0,1
0.8,5.8,0.67,3,1.5,5,0,14.0,1313,1.0,5,a46c6a53a9abae5e,1.0,5,1313,0.2,42.8,16.0,114.2,3,Active,14,16,20,0.071,2
1.0,20.9,1.0,3,0.0,5,0,27.0,1218,1.0,5,fd4129bc07fe2449,1.0,5,1257,0.5,40.3,4.0,99.5,4,Active,27,4,4,0.0,1
0.4,10.6,0.25,1,5.0,5,1,14.0,1123,0.4,3,f4b7f935c7a7d919,0.25,1,1123,0.2,61.0,2.0,113.0,4,Active,14,2,5,0.0,1
0.25,20.9,3.0,5,53.0,4,0,18.0,960,0.25,1,39aaa3e2cc9a5943,0.25,1,983,0.1,12.7,2.0,111.9,4,Active,18,2,12,0.0,1
1.0,40.7,0.67,3,0.0,5,0,27.0,1748,1.0,5,8d5cc26f4867baa8,1.0,5,1748,0.5,21.9,5.0,116.7,3,Active,27,5,5,0.0,1
1.0,21.3,2.0,4,0.0,5,0,18.0,1137,1.0,5,36443f1c221b29a5,1.0,5,1189,0.2,36.0,3.0,115.8,3,Active,18,3,3,0.0,1
0.559,12.2,1.03,3,5.3,5,0,16.0,1497,1.0,5,7bdbbef7d1aa1aeb,0.559,4,1497,0.0,137.0,33.0,113.4,3,Active,16,33,59,0.125,2
0.467,15.3,0.67,3,2.8,5,0,21.0,1438,0.143,1,305fa6518bb3efea,0.474,2,1495,0.2,6.6,14.0,140.5,2,Active,21,14,30,0.0,1
0.125,21.6,1.0,3,50.0,4,0,18.0,1793,0.125,1,5cf77d7cbbeeef29,0.125,1,1914,0.1,25.7,1.0,182.9,1,Active,18,1,8,0.0,1
0.75,11.5,1.0,3,2.8,5,0,19.0,1601,0.75,5,6fa5f9d7912df860,0.833,5,1601,0.4,18.0,6.0,115.4,3,Active,19,6,8,0.053,2
0.516,21.7,0.94,3,127.6,3,0,36.0,1211,0.5,3,0317a8cbea017bae,0.452,2,1284,0.0,9.9,31.0,88.8,5,Active,36,31,64,0.111,2
0.571,9.8,0.75,3,0.0,5,0,5.0,1039,0.0,1,79734e2196ec1cec,0.333,1,1039,0.2,0.0,4.0,122.2,3,Active,5,4,7,0.0,1
0.565,12.6,0.77,3,26.7,4,0,7.0,1538,0.652,5,d78b86b8667491b9,0.684,5,1538,0.0,0.0,26.0,149.0,1,Active,7,26,46,0.0,1
0.458,8.6,0.45,2,8.8,4,1,11.0,945,1.0,5,52e0faa5432eff1c,0.688,5,1101,0.1,-11.3,21.0,151.3,1,Active,11,21,48,0.182,3
0.571,14.2,2.5,5,24.4,4,0,10.0,1066,0.5,3,ed8d92046413697f,0.75,5,1072,0.2,60.0,8.0,161.7,1,Active,10,8,14,0.0,1
0.875,20.3,0.6,2,0.4,5,0,12.0,1466,1.0,5,2b8708a6742fba33,1.0,5,1466,0.3,50.7,6.0,161.0,1,Active,12,6,8,0.0,1
0.5,6.9,0.2,1,4.6,5,1,8.0,926,0.5,3,68ad2107df89bd56,0.4,1,945,0.2,80.0,3.0,131.4,2,Active,8,3,6,0.0,1
0.8,2.9,1.5,4,0.0,5,0,8.0,1033,0.8,5,576b66129b1225ae,1.0,5,1033,0.4,13.0,4.0,131.4,2,Active,8,4,5,0.0,1
1.0,3.4,1.0,3,0.0,5,0,5.0,897,1.0,5,1aaf7566713296f2,1.0,5,897,0.5,0.0,1.0,127.0,3,Active,5,1,1,0.0,1
0.524,34.4,0.5,2,7.4,5,0,14.0,874,0.167,1,bf4b2e878f8e3aa0,0.667,5,902,0.2,54.7,11.0,121.8,3,Active,14,11,21,0.0,1
0.444,18.3,0.8,3,16.9,4,0,22.0,1167,0.444,3,1decb8820eb5b1df,0.444,2,1167,0.4,-16.5,4.0,109.2,4,Active,22,4,9,0.0,1
0.8,22.6,0.67,3,1.6,5,0,13.0,1152,0.8,5,b418a5d844f73451,0.8,5,1191,0.3,72.5,4.0,116.3,3,Active,13,4,5,0.0,1
0.696,12.2,0.28,1,2.1,5,1,20.0,1292,1.0,5,1df3a2743fd171d0,0.727,5,1292,0.0,-0.3,16.0,122.3,3,Active,20,16,23,0.05,2
0.426,5.5,1.26,4,46.0,4,0,22.0,1046,0.364,2,165b359235b8d0b6,0.429,2,1087,0.0,25.8,26.0,103.4,4,Active,22,26,61,0.045,2
0.2,17.2,1.0,3,16.1,4,0,38.0,1731,0.167,1,6b0168e25d3e1021,0.2,1,1907,0.1,12.1,4.0,93.2,5,Active,38,4,20,0.0,1
1.0,26.7,1.0,3,0.0,5,0,7.0,1108,1.0,5,672fc296c0eaa0a5,1.0,5,1149,0.5,0.0,1.0,115.6,3,Active,7,1,1,0.0,1
1.0,169.4,0.75,3,0.0,5,0,93.0,1323,1.0,5,8db95359a1865d59,1.0,5,1718,0.2,13.2,7.0,158.7,1,Active,93,7,7,0.0,1
0.325,32.0,0.6,2,502.0,3,0,114.0,1190,0.111,1,ecd3d9a0d2f66bde,0.389,1,1461,0.0,0.8,13.0,69.3,5,Active,114,13,40,0.053,2
0.733,13.7,0.88,3,0.9,5,0,33.0,1487,0.733,5,446a6dd0442d494f,1.0,5,1494,0.0,7.0,10.0,93.8,5,Active,33,10,15,0.0,1
0.6,8.2,0.25,1,9.5,4,1,5.0,874,0.6,4,3793f9f837c66e94,0.5,3,874,0.0,0.0,6.0,121.9,3,Active,5,6,10,0.0,1
0.222,9.5,2.0,4,2136.9,2,0,11.0,840,0.222,1,6c74dc517d930abb,0.222,1,874,0.1,0.2,2.0,124.0,3,Active,11,2,9,0.0,1
0.478,1.3,0.53,2,23.6,4,0,6.0,1739,0.364,2,13c4c16c385468b2,0.312,1,1739,0.2,0.0,11.0,198.1,1,Active,6,11,23,0.667,4
1.0,28.2,1.0,3,0.0,5,0,8.0,1498,1.0,5,78924b0a9b13c7e2,1.0,5,1602,0.4,-24.5,1.0,218.4,1,Active,8,1,2,0.0,1
0.476,22.7,0.4,2,6.3,5,1,19.0,1293,0.222,1,c9d69fac13b4dfc9,0.538,3,1344,0.1,-6.5,20.0,135.6,2,Active,19,20,42,0.0,1
0.706,21.7,0.89,3,12.9,4,0,11.0,1152,1.0,5,6a145cf70da4db0b,0.7,5,1152,0.0,54.0,12.0,110.6,4,Active,11,12,17,0.0,1
0.562,8.9,0.23,1,2.4,5,1,13.0,1594,1.0,5,ba2b416cd9206259,0.625,4,1669,0.1,0.0,9.0,161.5,1,Active,13,9,16,0.0,1
1.0,16.0,0.5,2,0.0,5,0,30.0,1182,1.0,5,1b67d5a4ad5a5176,1.0,5,1195,0.2,13.4,3.0,90.6,5,Active,30,3,3,0.0,1
0.75,9.8,3.0,5,0.7,5,0,10.0,948,0.75,5,96defb40d21804a3,0.667,5,1097,0.0,-38.0,6.0,161.1,1,Active,10,6,8,0.0,1
1.0,9.5,1.0,3,0.0,5,0,5.0,1066,1.0,5,58f4ae3e3639841b,1.0,5,1066,0.5,0.0,2.0,120.9,3,Active,5,2,2,0.0,1
0.667,21.3,2.9,5,1.6,5,0,56.0,1596,0.571,4,991b49e9e96dd019,0.579,4,1596,0.0,18.6,26.0,75.2,5,Active,56,26,39,0.018,2
1.0,20.4,1.0,3,0.0,5,0,22.0,712,1.0,5,8e77da7756832179,1.0,5,836,0.2,-20.8,1.0,98.2,4,Active,22,1,1,0.0,1
0.533,19.9,6.5,5,2.8,5,0,88.0,1665,0.0,1,2da849605ff77244,0.625,4,1782,0.0,5.4,16.0,70.9,5,Active,88,16,30,0.0,1
0.5,9.6,1.0,3,0.0,5,0,7.0,1170,0.5,3,5a373ab99049f389,0.5,3,1170,0.5,0.0,1.0,148.1,1,Active,7,1,2,0.0,1
0.6,20.2,4.0,5,0.0,5,0,31.0,1005,0.6,4,af2ea488035e0fe4,0.6,4,1087,0.4,17.1,3.0,94.5,5,Active,31,3,5,0.0,1
0.5,17.1,0.61,2,14.7,4,0,34.0,1297,1.0,5,53ad849d1de2b15c,0.625,4,1387,0.0,-10.9,29.0,94.8,5,Active,34,29,58,0.029,2
0.609,1.4,1.88,4,2.8,5,0,8.0,1034,0.609,4,eae6fa334e84a9ad,0.76,5,1102,0.2,-51.0,28.0,149.5,1,Active,8,28,46,0.0,1
0.778,4.8,2.0,4,0.6,5,0,8.0,2177,0.778,5,8e1e6e46358f9643,0.875,5,2177,0.2,0.0,14.0,230.6,1,Active,8,14,18,0.0,1
0.619,19.9,1.33,4,4.1,5,0,9.0,1010,0.6,4,11e3e4fec4370e66,1.0,5,1063,0.0,-8.0,13.0,129.8,2,Active,9,13,21,0.111,2
1.0,34.3,1.0,3,0.0,5,0,23.0,922,1.0,5,2f4e14b06d8a71d3,1.0,5,982,0.2,1.6,1.0,111.0,4,Active,23,1,1,0.0,1
0.583,22.0,0.14,1,465.4,3,1,74.0,1370,1.0,5,4744fb2fcfbf06c3,0.625,4,1469,0.2,15.1,14.0,73.5,5,Active,74,14,24,0.027,2
0.492,15.5,0.23,1,6.2,5,1,12.0,1502,0.231,1,f9264422ab2d6568,0.6,4,1502,0.2,0.0,32.0,143.3,2,Active,12,32,65,0.167,3
0.667,55.4,0.69,3,0.5,5,0,40.0,1637,0.667,5,2f35ffb225f550e6,0.429,2,1686,0.1,66.9,18.0,88.8,5,Active,40,18,27,0.0,1
0.5,18.5,1.0,3,3.1,5,0,7.0,802,0.5,3,a187620fbfba96ae,0.5,3,867,0.1,-56.0,2.0,139.3,2,Active,7,2,4,0.0,1
0.667,23.1,0.69,3,6.1,5,0,13.0,1732,0.5,3,2661237c4393199d,0.875,5,1732,0.0,101.5,18.0,146.1,1,Active,13,18,27,0.154,3
0.727,10.7,1.75,4,3.6,5,0,18.0,1229,1.0,5,dd3f72c21ec953a8,0.625,4,1276,0.4,39.0,8.0,104.5,4,Active,18,8,11,0.0,1
0.25,6.1,1.0,3,28.5,4,0,16.0,1253,0.25,1,fa6cb9a5b05b1fdc,0.25,1,1378,0.4,-13.0,1.0,145.9,1,Active,16,1,4,0.0,1
0.5,9.2,0.08,1,5.0,5,1,8.0,1071,0.5,3,169cd5dad6ca55e0,0.5,3,1072,0.0,0.0,6.0,153.8,1,Active,8,6,14,0.0,1
0.786,9.1,0.17,1,1.3,5,1,8.0,1029,0.786,5,7e792388e0e94ee6,1.0,5,1053,0.3,0.0,11.0,143.7,1,Active,8,11,14,0.0,1
0.889,7.4,0.5,2,1.7,5,0,13.0,1160,0.889,5,d247cac9e9533c99,0.8,5,1160,0.2,3.0,8.0,124.8,3,Active,13,8,9,0.0,1
0.25,24.8,1.0,3,0.0,5,0,18.0,638,0.25,1,d2e2faba4106df0f,0.25,1,874,0.4,-30.1,1.0,114.3,3,Active,18,1,4,0.0,1
0.565,27.7,0.28,1,389.9,3,1,81.0,1208,0.8,5,a2efb55e09b50dd3,0.727,5,1234,0.1,11.2,13.0,74.0,5,Active,81,13,23,0.0,1
0.519,34.6,0.42,2,64.8,4,1,27.0,1528,0.25,1,ac4aa531051c622c,0.75,5,1739,0.1,13.9,14.0,127.0,3,Active,27,14,27,0.185,3
0.727,18.9,0.94,3,31.9,4,0,29.0,1724,0.667,5,7dcb5d493cc0e2fe,0.722,5,1724,0.0,2.4,24.0,100.7,4,Active,29,24,33,0.0,1
0.462,11.7,3.33,5,11.3,4,0,7.0,1045,0.462,3,547077e4b0f351f1,0.417,2,1068,0.4,0.0,6.0,141.5,2,Active,7,6,13,0.0,1
0.833,8.5,0.5,2,0.4,5,0,7.0,1089,0.833,5,c705eaf3eb526813,1.0,5,1089,0.2,0.0,4.0,110.6,4,Active,7,4,6,0.0,1
1.0,8.1,1.0,3,0.0,5,0,18.0,1282,1.0,5,3619f9003ba125a9,1.0,5,1282,0.2,10.2,2.0,107.6,4,Active,18,2,2,0.0,1
0.75,43.5,1.0,3,764.9,3,0,20.0,1101,0.75,5,225a2942b87f593a,0.75,5,1199,0.2,11.0,3.0,124.0,3,Active,20,3,4,0.0,1
0.429,33.6,0.4,2,6.0,5,1,52.0,1418,0.5,3,d2ae30e40d967b91,0.4,1,1464,0.5,21.5,3.0,69.9,5,Active,52,3,7,0.0,1
0.167,9.9,0.2,1,0.0,5,1,12.0,1635,0.0,1,5aa1454a868028ed,0.0,1,1635,0.1,90.5,1.0,134.7,2,Active,12,1,6,0.0,1
0.429,14.3,1.47,4,78.2,4,0,11.0,1228,0.364,2,436a74071bc5fb22,0.667,5,1326,0.0,-4.0,14.0,147.7,1,Active,11,14,42,0.091,2
0.381,31.1,4.25,5,16.4,4,0,23.0,1383,0.333,2,a20b4c650932e982,0.267,1,1383,0.0,-0.3,8.0,103.5,4,Active,23,8,21,0.0,1
0.6,17.0,0.25,1,1.5,5,1,36.0,1605,0.6,4,df3d7accc5f1327a,1.0,5,1609,0.1,20.8,3.0,92.2,5,Active,36,3,5,0.0,1
0.706,48.8,2.4,5,3.4,5,0,9.0,1534,0.5,3,9068b9740fdca769,0.75,5,1534,0.4,54.0,12.0,142.2,2,Active,9,12,17,0.444,4
1.0,74.0,1.0,3,0.0,5,0,13.0,645,1.0,5,0cd626d4006ff512,1.0,5,912,0.1,-30.4,1.0,140.8,2,Active,13,1,1,0.0,1
0.5,33.4,0.33,2,0.0,5,1,43.0,1169,0.5,3,24e827240a4e28c8,0.5,3,1232,0.4,6.3,2.0,84.0,5,Active,43,2,4,0.0,1
1.0,13.2,3.5,5,0.0,5,0,8.0,1036,1.0,5,a7d69717307a5930,1.0,5,1036,0.0,0.0,16.0,116.0,3,Active,8,16,18,0.125,2
0.286,40.5,0.24,1,6.1,5,1,43.0,1573,0.167,1,0e7d1904874dc247,0.308,1,1681,0.4,20.6,6.0,94.1,5,Active,43,6,21,0.0,1
0.25,52.7,3.0,5,0.9,5,0,6.0,1577,0.333,2,94ca2aee62f16cc5,0.25,1,1577,0.3,0.0,1.0,138.9,2,Active,6,1,4,0.0,1
0.556,19.4,0.5,2,6.0,5,0,59.0,1389,0.5,3,3ab9ece698d721e9,0.583,4,1401,0.0,15.5,10.0,79.1,5,Active,59,10,18,0.0,1
0.174,59.2,0.1,1,8.8,4,1,57.0,1714,0.174,1,986359ffaa57757d,0.1,1,2324,0.2,-8.9,4.0,113.4,3,Active,57,4,23,0.0,1
0.25,25.4,1.0,3,49.3,4,0,8.0,1056,0.25,1,28155c45a71e71b2,0.25,1,1129,0.4,-28.0,3.0,177.0,1,Active,8,3,12,0.0,1
1.0,15.6,1.0,3,0.0,5,0,8.0,882,1.0,5,022e3b0c246e8853,1.0,5,924,0.4,54.0,2.0,131.8,2,Active,8,2,2,0.0,1
0.483,7.8,0.71,3,205.0,3,0,25.0,1323,0.385,2,fa575fee36f07bf5,0.667,5,1352,0.0,29.1,56.0,111.0,4,Active,25,56,116,0.2,3
0.667,15.7,0.83,3,1.5,5,0,39.0,1497,0.6,4,680efaab610efd7f,0.786,5,1520,0.1,7.4,22.0,86.7,5,Active,39,22,33,0.0,1
0.812,9.7,0.45,2,4.3,5,1,13.0,1247,1.0,5,0a058891e6df101b,0.8,5,1247,0.0,81.0,13.0,113.2,4,Active,13,13,16,0.0,1
0.8,10.4,0.25,1,3.1,5,1,9.0,1391,0.8,5,8a53a2316c6a30cb,0.8,5,1391,0.4,5.0,4.0,149.8,1,Active,9,4,5,0.0,1
0.667,10.2,0.5,2,19.6,4,0,9.0,1089,0.667,5,9a54b7c46cf29c60,0.667,5,1204,0.4,-57.0,2.0,156.3,1,Active,9,2,3,0.0,1
0.8,34.2,0.25,1,0.0,5,1,11.0,1222,0.8,5,ee229046cd80b027,1.0,5,1240,0.1,52.0,4.0,109.4,4,Active,11,4,5,0.0,1
1.0,10.9,0.67,3,0.0,5,0,8.0,1586,1.0,5,55e747ac053480b2,1.0,5,1586,0.5,0.0,5.0,128.2,2,Active,8,5,5,0.0,1
1.0,8.5,0.33,2,0.0,5,1,10.0,1751,1.0,5,bf4e39a2c214ddcb,1.0,5,1753,0.5,0.0,4.0,130.0,2,Active,10,4,4,0.0,1
0.37,3.2,0.38,2,32.2,4,1,5.0,872,0.37,2,28628f4dbc143df6,0.333,1,874,0.0,0.0,19.0,131.7,2,Active,5,19,54,0.0,1
1.0,10.1,0.75,3,0.0,5,0,7.0,1109,1.0,5,454bbf0909f60e79,1.0,5,1109,0.0,0.0,7.0,112.2,4,Active,7,7,7,0.0,1
0.741,9.9,0.69,3,4.0,5,0,39.0,1167,1.0,5,7dbfc3d10c6685f8,0.6,4,1277,0.1,8.5,19.0,88.8,5,Active,39,19,27,0.154,3
0.467,64.1,0.07,1,11.4,4,1,95.0,2166,0.571,4,3d21cde1f38769c1,0.5,3,2312,0.0,12.7,7.0,89.2,5,Active,95,7,15,0.0,1
0.405,5.0,1.34,4,5.5,5,0,7.0,1469,0.667,5,959a289704a9dc3c,0.396,1,1469,0.0,0.0,69.0,168.2,1,Active,7,69,185,0.0,1
1.0,22.3,1.0,3,0.0,5,0,7.0,958,1.0,5,083bd50c0a6b6961,1.0,5,1039,0.3,0.0,1.0,140.6,2,Active,7,1,1,0.0,1
0.365,30.0,1.02,3,45.0,4,0,7.0,1255,0.406,3,4ad6580439ffd461,0.37,1,1255,0.0,0.0,30.0,131.6,2,Active,7,30,85,0.0,1
1.0,69.2,1.0,3,0.0,5,0,11.0,875,1.0,5,e92f00cd9d37e652,1.0,5,1118,0.1,-22.3,1.0,155.8,1,Active,11,1,1,0.0,1
1.0,19.7,1.0,3,0.0,5,0,14.0,1152,1.0,5,068806211c3d8ee6,1.0,5,1152,0.1,34.0,1.0,104.0,4,Active,14,1,1,0.0,1
0.727,15.0,0.83,3,6.8,5,0,13.0,1014,0.727,5,4d0d450477323c84,0.692,5,1028,0.0,14.5,16.0,123.0,3,Active,13,16,22,0.077,2
1.0,117.2,1.0,3,0.0,5,0,17.0,2133,1.0,5,ab3b7bca8911159b,1.0,5,2133,0.1,72.5,2.0,354.0,1,Active,17,2,2,0.0,1
0.75,8.4,0.6,2,1.6,5,0,22.0,1437,0.75,5,21d9d82378766f33,0.6,4,1606,0.2,7.6,6.0,155.9,1,Active,22,6,8,0.0,1
0.636,14.2,0.57,2,6.9,5,0,20.0,2320,0.636,5,7164123d3e9f6502,0.6,4,2320,0.4,65.0,7.0,159.1,1,Active,20,7,11,0.0,1
1.0,6.0,1.0,3,0.0,5,0,6.0,809,1.0,5,7169f81d54d317ff,1.0,5,817,0.4,0.0,2.0,126.9,3,Active,6,2,2,0.0,1
0.58,17.9,0.98,3,5.7,5,0,26.0,1220,0.667,5,639e14b041cfcb88,0.639,5,1220,0.0,13.4,41.0,105.4,4,Active,26,41,81,0.0,1
0.667,23.1,2.0,4,18.5,4,0,15.0,545,0.667,5,7a94a707ea39ad1f,0.667,5,927,0.1,-37.4,2.0,131.8,2,Active,15,2,3,0.067,2
1.0,19.6,0.67,3,0.0,5,0,12.0,1395,1.0,5,b589e7466e772184,1.0,5,1399,0.0,69.5,5.0,115.6,3,Active,12,5,5,0.0,1
0.629,21.6,0.17,1,12.4,4,1,9.0,1127,1.0,5,d8dc7ba58d026604,0.6,4,1189,0.0,-18.0,19.0,140.3,2,Active,9,19,35,0.333,3
0.5,19.8,1.0,3,1.7,5,0,17.0,999,0.5,3,38d9af00a9ef02f3,0.5,3,1020,0.2,14.8,1.0,106.7,4,Active,17,1,2,0.0,1
1.0,7.6,1.0,3,0.0,5,0,14.0,762,1.0,5,501f7e465e52326c,1.0,5,888,0.4,-3.3,1.0,125.7,3,Active,14,1,1,0.0,1
0.537,24.5,1.45,4,164.5,3,0,48.0,1647,0.667,5,122c68bb6f79e641,0.857,5,1647,0.0,12.7,29.0,73.1,5,Active,48,29,54,0.021,2
0.733,41.2,0.43,2,131.1,3,1,18.0,2103,1.0,5,f9e49989769bb78a,0.611,4,2103,0.0,34.0,22.0,158.3,1,Active,18,22,30,0.0,1
0.8,118.2,0.25,1,1.9,5,1,268.0,1765,1.0,5,7e261b4f124e3b5a,0.75,5,2328,0.5,4.7,4.0,107.4,4,Active,268,4,5,0.0,1
0.667,29.4,1.25,4,2.5,5,0,9.0,1636,0.667,5,edd6ca116a561c64,0.667,5,1636,0.0,0.0,5.0,128.7,2,Active,9,5,9,0.0,1
0.4,83.3,4.0,5,0.0,5,0,12.0,657,0.4,3,b7bc656ce830190a,0.25,1,878,0.4,-36.0,2.0,136.6,2,Active,12,2,5,0.0,1
1.0,11.5,1.0,3,0.0,5,0,9.0,873,1.0,5,ef4af49c01a8c134,1.0,5,898,0.4,28.0,2.0,122.3,3,Active,9,2,2,0.0,1
0.211,7.7,0.36,2,18.5,4,1,9.0,1335,0.0,1,c5a6f1657821d893,0.667,5,1341,0.4,87.0,4.0,145.4,1,Active,9,4,19,0.0,1
0.258,19.5,2.44,5,1226.9,2,0,16.0,803,1.0,5,60955f304c109a8e,0.5,3,896,0.0,7.0,8.0,112.5,4,Active,16,8,31,0.125,2
1.0,20.7,0.5,2,0.0,5,0,38.0,1295,1.0,5,33ae8d6d8bb5a18d,1.0,5,1305,0.2,12.1,3.0,89.8,5,Active,38,3,3,0.0,1
0.8,14.9,0.25,1,2.4,5,1,26.0,1423,0.8,5,fc78ea5a5a49e259,1.0,5,1673,0.2,25.7,4.0,137.3,2,Active,26,4,5,0.038,2
0.833,18.7,1.0,3,0.0,5,0,6.0,1072,0.0,1,874396e1e7099bb1,1.0,5,1072,0.2,0.0,5.0,107.2,4,Active,6,5,6,0.0,1
0.541,5.5,1.18,4,16.2,4,0,14.0,1466,1.0,5,651c1c2be3fb5299,0.765,5,1507,0.1,26.7,18.0,138.3,2,Active,14,18,37,0.0,1
0.571,5.4,1.0,3,1.5,5,0,6.0,1120,0.571,4,eb38c0c411ce7a4b,0.556,4,1120,0.1,0.0,8.0,145.1,1,Active,6,8,14,0.333,3
0.61,6.7,0.24,1,2.8,5,1,15.0,960,0.61,4,da491990a3e42285,0.7,5,1038,0.0,9.0,25.0,114.2,3,Active,15,25,41,0.067,2
0.615,15.5,1.6,4,7.1,5,0,7.0,1245,0.615,5,a4b62d661990e3e6,0.667,5,1245,0.2,0.0,8.0,125.5,3,Active,7,8,13,0.0,1
0.643,95.6,1.8,4,10.9,4,0,84.0,1527,1.0,5,f97f3344486aa43a,0.778,5,1698,0.4,12.2,9.0,161.4,1,Active,84,9,14,0.012,2
0.731,32.0,0.62,2,2.9,5,0,16.0,723,0.5,3,89d309c23e510c23,0.875,5,874,0.0,1.7,19.0,121.1,3,Active,16,19,26,0.0,1
0.667,9.4,0.5,2,0.0,5,0,18.0,2118,0.0,1,794d3d967f5da159,1.0,5,2118,0.2,14.5,2.0,217.8,1,Active,18,2,3,0.0,1
0.667,11.7,0.5,2,5.7,5,0,34.0,1078,0.667,5,83c6d39832910cd7,0.667,5,1078,0.1,9.3,6.0,85.7,5,Active,34,6,9,0.029,2
1.0,48.4,1.0,3,0.0,5,0,30.0,1147,1.0,5,13bd4b270a58d816,1.0,5,1213,0.5,16.4,2.0,103.5,4,Active,30,2,2,0.0,1
0.831,11.5,0.9,3,1.9,5,0,8.0,1082,0.833,5,5b57565837ab6134,0.848,5,1132,0.1,-23.5,48.0,160.3,1,Active,8,48,59,0.375,3
0.667,10.0,2.0,4,7.8,5,0,16.0,1471,0.667,5,6a728570c727d675,0.5,3,1532,0.2,-2.5,2.0,111.5,4,Active,16,2,3,0.0,1
1.0,34.4,1.0,3,0.0,5,0,11.0,694,1.0,5,9d96c3a3f841ae76,1.0,5,915,0.5,-32.8,1.0,137.0,2,Active,11,1,1,0.0,1
1.0,29.0,2.0,4,0.0,5,0,17.0,1469,1.0,5,dd162a871e416926,1.0,5,1469,0.1,45.0,3.0,111.5,4,Active,17,3,3,0.0,1
0.8,8.6,1.5,4,0.1,5,0,17.0,1136,0.8,5,e82e3f8b6d4b39f6,0.8,5,1183,0.3,0.2,4.0,126.2,3,Active,17,4,5,0.0,1
0.6,95.6,1.5,4,10.3,4,0,96.0,1793,0.6,4,6dd6a4cf75375f20,0.667,5,1933,0.2,4.6,2.0,152.2,1,Active,96,2,5,0.0,1
0.55,22.7,1.86,4,29.7,4,0,18.0,1049,1.0,5,681a1aea9ba654ba,0.429,2,1066,0.1,24.8,11.0,100.8,4,Active,18,11,20,0.0,1
0.727,99.5,1.2,4,1.8,5,0,6.0,1312,0.727,5,8f666b211fc76b47,0.75,5,1423,0.1,-21.3,8.0,539.1,1,Active,6,8,11,0.0,1
0.326,8.2,0.39,2,181.9,3,1,14.0,851,0.0,1,bcb32bc6594f7788,0.303,1,923,0.1,-8.8,15.0,128.4,2,Active,14,15,46,0.071,2
0.5,30.1,1.0,3,4.7,5,0,5.0,791,0.5,3,a7161092d4cfd8ca,0.5,3,791,0.3,0.0,1.0,131.6,2,Active,5,1,2,0.0,1
0.8,7.9,0.67,3,6.5,5,0,14.0,1287,0.8,5,479a9f1f2ac54328,0.8,5,1292,0.4,6.0,4.0,108.9,4,Active,14,4,5,0.0,1
1.0,51.9,0.5,2,0.0,5,0,24.0,1465,1.0,5,7c2035eda7c1a824,1.0,5,1465,0.5,4.6,3.0,103.1,4,Active,24,3,3,0.0,1
0.5,6.1,1.0,3,1.3,5,0,15.0,898,0.5,3,0b32c4f742c0798f,0.625,4,994,0.2,-4.0,7.0,117.0,3,Active,15,7,14,0.0,1
1.0,27.8,0.67,3,0.0,5,0,64.0,1487,1.0,5,a63d9fd4b15face4,1.0,5,1579,0.1,7.5,5.0,71.7,5,Active,64,5,5,0.0,1
0.5,11.9,5.0,5,3.1,5,0,6.0,1162,0.5,3,efcb63715136311f,0.333,1,1185,0.3,0.0,3.0,140.9,2,Active,6,3,6,0.0,1
0.641,11.7,1.6,4,12.8,4,0,17.0,1521,0.667,5,87490c97f21a3b32,0.923,5,1521,0.0,72.0,25.0,116.7,3,Active,17,25,39,0.0,1
0.4,21.8,9.0,5,1427.9,2,0,6.0,1142,0.4,3,7293d3511ed5be5b,0.4,1,1150,0.3,0.0,4.0,146.2,1,Active,6,4,10,0.167,3
0.8,20.4,1.5,4,6.0,5,0,27.0,1422,0.5,3,57494f24953abc7a,1.0,5,1422,0.2,43.7,8.0,93.6,5,Active,27,8,10,0.0,1
0.429,19.0,1.33,4,0.4,5,0,34.0,1371,0.0,1,8e8ddd859fc13f0c,0.333,1,1541,0.5,11.0,3.0,128.4,2,Active,34,3,7,0.0,1
1.0,13.2,1.0,3,0.0,5,0,5.0,887,1.0,5,16c24e96fc032dd3,1.0,5,887,0.5,0.0,2.0,129.4,2,Active,5,2,2,0.0,1
0.8,55.7,0.67,3,3.4,5,0,108.0,1536,0.8,5,6c4b8adbc7a87554,0.5,3,1850,0.2,4.9,4.0,77.1,5,Active,108,4,5,0.009,2
1.0,9.3,0.5,2,0.0,5,0,8.0,1040,1.0,5,37bda27f1b00567c,1.0,5,1040,0.2,37.0,3.0,138.1,2,Active,8,3,3,0.0,1
0.5,22.3,1.0,3,29.1,4,0,12.0,929,0.5,3,ed5550da70ab3c49,0.5,3,954,0.2,7.0,2.0,125.0,3,Active,12,2,4,0.0,1
0.432,16.4,0.69,3,415.7,3,0,14.0,1219,0.462,3,3c169959d65d2137,0.643,5,1376,0.1,-7.0,17.0,154.0,1,Active,14,17,44,0.143,3
0.643,23.0,1.0,3,3.4,5,0,8.0,1150,0.75,5,eca27489132a30c5,1.0,5,1195,0.0,-23.0,9.0,158.5,1,Active,8,9,14,0.0,1
0.571,54.8,1.33,4,2.4,5,0,69.0,1492,1.0,5,84f70249c5cc3a06,0.667,5,1533,0.2,23.2,4.0,65.9,5,Active,69,4,7,0.029,2
0.538,14.2,0.62,2,3.5,5,0,52.0,1560,0.538,4,c4221ba8e77c7447,1.0,5,1622,0.2,-2.4,7.0,98.7,4,Active,52,7,13,0.0,1
0.8,10.0,1.5,4,0.0,5,0,14.0,766,0.8,5,93f541d2b6a2d1e5,0.875,5,893,0.1,-5.3,8.0,127.2,3,Active,14,8,10,0.0,1
0.333,29.5,0.88,3,266.2,3,0,6.0,1141,1.0,5,8293f2971b1bf5e6,0.333,1,1141,0.3,0.0,5.0,109.4,4,Active,6,5,15,0.0,1
0.667,23.1,2.0,4,1.0,5,0,74.0,2157,0.667,5,2f26deb7f5e8804f,0.667,5,2157,0.3,25.2,2.0,94.7,5,Active,74,2,3,0.0,1
0.714,8.1,0.4,2,6.1,5,1,7.0,1103,0.714,5,aaf644c42515d850,0.6,4,1124,0.2,0.0,5.0,159.2,1,Active,7,5,7,0.0,1
1.0,31.9,1.0,3,0.0,5,0,22.0,911,1.0,5,963d19a5ff76ef7c,1.0,5,1130,0.4,-7.6,2.0,110.9,4,Active,22,2,2,0.0,1
0.667,13.4,2.0,4,1.9,5,0,28.0,1293,0.667,5,fed6b0d8dd6ba25e,1.0,5,1397,0.5,18.1,2.0,120.8,3,Active,28,2,3,0.0,1
0.5,35.7,1.0,3,24.2,4,0,30.0,1220,0.5,3,eb45fdb9a081cb95,0.5,3,1259,0.3,65.9,1.0,124.6,3,Active,30,1,2,0.0,1
0.75,28.0,0.14,1,0.3,5,1,21.0,1769,0.667,5,573ef8b32b9d6e0e,0.8,5,1769,0.2,22.5,6.0,163.4,1,Active,21,6,8,0.0,1
0.562,14.2,1.0,3,15.0,4,0,7.0,1543,0.333,2,1e9e2af77043403d,0.625,4,1543,0.5,0.0,9.0,137.8,2,Active,7,9,16,0.143,3
0.5,45.2,0.33,2,0.0,5,1,6.0,1175,0.5,3,f416baede7fa0134,0.5,3,1214,0.3,0.0,2.0,155.7,1,Active,6,2,4,0.0,1
0.568,23.3,0.68,3,50.6,4,0,23.0,1592,0.438,3,cbe0bcaec6124ad9,0.545,4,1601,0.0,-4.4,19.0,138.8,2,Active,23,19,37,0.174,3
0.75,33.8,0.33,2,0.0,5,1,14.0,1162,0.75,5,8a4ceff7891c1b2d,0.75,5,1216,0.4,-6.7,3.0,130.1,2,Active,14,3,4,0.0,1
0.778,20.5,2.0,4,1.7,5,0,13.0,1291,0.778,5,98ca0ed67ebc125c,1.0,5,1291,0.2,90.5,7.0,116.3,3,Active,13,7,9,0.0,1
0.585,48.6,0.52,2,1.9,5,0,5.0,1592,0.5,3,8e63b90a4fbb38aa,0.8,5,1592,0.0,0.0,22.0,183.5,1,Active,5,22,41,0.0,1
0.6,24.3,0.33,2,3.1,5,1,9.0,805,0.6,4,afeaed1e99ca85cf,0.571,4,865,0.1,-3.0,12.0,126.5,3,Active,9,12,20,0.0,1
0.833,31.4,1.0,3,0.5,5,0,23.0,1289,0.833,5,0cb3c5f67ee7ad89,1.0,5,1373,0.2,17.8,5.0,107.1,4,Active,23,5,6,0.0,1
0.484,20.4,0.15,1,4.6,5,1,64.0,1515,0.25,1,ce4be5a8e8918d43,0.583,4,1515,0.2,13.4,15.0,80.6,5,Active,64,15,31,0.0,1
0.429,32.4,9.5,5,120.3,3,0,38.0,867,0.429,3,b65825d44b4a0a7d,0.444,2,976,0.3,12.7,7.0,81.4,5,Active,38,7,21,0.184,3
0.679,34.0,0.17,1,0.8,5,1,13.0,1421,0.679,5,3b6553862d4bc260,0.5,3,1517,0.3,-10.5,19.0,168.8,1,Active,13,19,28,0.0,1
1.0,14.0,2.0,4,0.0,5,0,9.0,1447,1.0,5,837fd080050c061a,1.0,5,1518,0.1,0.0,6.0,127.2,3,Active,9,6,6,0.0,1
0.415,14.9,0.33,2,3.9,5,1,47.0,1865,0.269,1,929f328f04c21600,0.471,2,2130,0.0,21.6,23.0,118.2,3,Active,47,23,65,0.0,1
0.4,16.4,4.0,5,195.8,3,0,37.0,1680,1.0,5,f4607335ada1b59e,0.25,1,1697,0.1,25.7,2.0,108.7,4,Active,37,2,5,0.0,1
0.729,6.1,1.29,4,17.9,4,0,5.0,868,1.0,5,3cc1fc4b006b43a7,0.727,5,868,0.0,0.0,35.0,117.3,3,Active,5,35,48,0.2,3
1.0,20.9,1.0,3,0.0,5,0,9.0,1009,1.0,5,b5603b49a8bd359a,1.0,5,1050,0.5,-14.0,2.0,150.5,1,Active,9,2,2,0.0,1
0.528,9.1,0.38,2,271.6,3,1,21.0,1234,0.528,4,0c9092357ad33c17,0.833,5,1278,0.1,16.5,18.0,117.1,3,Active,21,18,36,0.095,2
0.438,45.5,0.33,2,31.7,4,1,12.0,997,0.438,3,ecc86a97bbee96ab,0.438,2,1075,0.3,20.7,7.0,136.9,2,Active,12,7,16,0.0,1
0.125,21.1,0.14,1,0.0,5,1,7.0,1495,0.0,1,f13c1fe13b2940fc,0.0,1,1495,0.4,0.0,1.0,82.5,5,Active,7,1,8,0.0,1
0.316,15.7,1.38,4,0.0,5,0,31.0,1653,0.25,1,efefc8d2c551fc07,1.0,5,1678,0.2,60.6,6.0,95.7,4,Active,31,6,19,0.032,2
1.0,17.7,1.0,3,0.0,5,0,22.0,1349,1.0,5,c09fcf82cd4a44df,1.0,5,1349,0.1,35.7,2.0,102.3,4,Active,22,2,2,0.0,1
0.8,28.7,4.0,5,0.0,5,0,68.0,1114,0.8,5,f9312e063829a294,0.8,5,1114,0.4,23.2,4.0,76.8,5,Active,68,4,5,0.0,1
0.778,15.1,0.64,3,15.3,4,0,15.0,1688,0.778,5,9bba9589f43688a9,0.8,5,1688,0.1,124.3,14.0,112.5,4,Active,15,14,18,0.0,1
0.615,17.5,1.6,4,1.8,5,0,10.0,1487,0.615,5,9345017f12a60049,0.667,5,1487,0.4,0.0,8.0,124.7,3,Active,10,8,13,0.0,1
1.0,10.1,0.33,2,0.0,5,1,6.0,837,1.0,5,a6b69fe290979654,1.0,5,864,0.2,0.0,4.0,130.8,2,Active,6,4,4,0.0,1
0.7,22.7,0.67,3,1.2,5,0,39.0,1556,0.0,1,8e3e9fb86d3b774c,1.0,5,1622,0.2,17.5,7.0,84.3,5,Active,39,7,10,0.0,1
0.5,9.3,1.0,3,1381.8,2,0,8.0,1212,0.5,3,3786353b887facf0,0.364,1,1212,0.1,58.0,7.0,131.9,2,Active,8,7,14,0.125,2
0.479,20.2,3.73,5,7.9,4,0,47.0,1475,0.273,1,f4bf40d356678a5d,1.0,5,1698,0.0,3.1,30.0,102.4,4,Active,47,30,71,0.064,2
0.5,23.0,1.57,4,42.1,4,0,36.0,1916,0.357,2,575b2a6d51d8c759,1.0,5,2112,0.1,19.9,7.0,144.4,1,Active,36,7,18,0.111,2
0.6,8.5,0.71,3,99.2,4,0,29.0,1297,1.0,5,3cc27b16979df54a,0.739,5,1299,0.0,38.7,35.0,90.5,5,Active,29,35,60,0.138,3
0.105,53.7,2.17,5,59.4,4,0,51.0,651,0.105,1,0ef6ec1c1918a680,0.105,1,834,0.3,8.2,2.0,83.9,5,Active,51,2,19,0.0,1
0.846,49.5,0.62,2,0.0,5,0,80.0,1890,0.333,2,c535a2ca4be14473,1.0,5,1963,0.2,25.5,11.0,84.7,5,Active,80,11,13,0.0,1
0.375,71.0,0.23,1,18.2,4,1,27.0,1512,0.375,2,26fed633ca9dc0a5,0.455,2,1618,0.3,12.3,6.0,109.0,4,Active,27,6,16,0.0,1
0.5,7.9,0.79,3,226.4,3,0,6.0,903,0.5,3,703d822d00929b69,0.571,4,903,0.0,0.0,17.0,128.7,2,Active,6,17,34,0.5,4
1.0,21.1,1.0,3,0.0,5,0,31.0,1441,1.0,5,9776f9ae6eb2c30d,1.0,5,1441,0.2,11.2,8.0,103.5,4,Active,31,8,8,0.0,1
0.6,26.7,0.39,2,23.1,4,1,13.0,736,0.6,4,ab699af4b3e8ae41,1.0,5,974,0.1,-34.8,14.0,121.3,3,Active,13,14,25,0.0,1
0.583,13.2,0.5,2,10.8,4,0,5.0,1230,1.0,5,42a08b91be232ba1,0.429,2,1230,0.2,0.0,7.0,89.3,5,Active,5,7,12,0.0,1
1.0,70.0,1.0,3,0.0,5,0,26.0,875,1.0,5,e55a9fe7729b760a,1.0,5,875,0.1,40.1,1.0,99.2,4,Active,26,1,1,0.0,1
1.0,21.1,0.6,2,0.0,5,0,18.0,1000,1.0,5,d8b9f1eba755c72b,1.0,5,1008,0.1,-2.3,8.0,99.0,4,Active,18,8,8,0.056,2
0.571,3.5,0.17,1,252.0,3,1,6.0,793,0.5,3,2609a055fead8aa3,0.5,3,836,0.2,0.0,4.0,149.6,1,Active,6,4,7,0.167,3
0.55,23.4,0.11,1,6.4,5,1,63.0,1636,1.0,5,244a99f46eeadb4d,0.667,5,1661,0.2,18.9,11.0,91.8,5,Active,63,11,20,0.0,1
1.0,22.9,1.0,3,0.0,5,0,8.0,1401,1.0,5,4d8e2e0ea04de08d,1.0,5,1490,0.5,0.0,2.0,186.9,1,Active,8,2,2,0.0,1
0.5,18.5,0.57,2,97.5,4,0,15.0,1064,0.8,5,4e69eb64ed4cca71,0.889,5,1085,0.1,5.0,12.0,119.8,3,Active,15,12,36,0.533,4
0.571,18.1,1.33,4,4.6,5,0,15.0,1231,0.571,4,ecb01cc2d6bce800,0.571,4,1390,0.1,-33.8,4.0,149.2,1,Active,15,4,7,0.0,1
0.333,41.2,0.5,2,2.9,5,0,31.0,1767,0.333,2,2746411f33dad48a,0.333,1,1792,0.1,21.3,2.0,136.5,2,Active,31,2,6,0.0,1
0.667,6.8,0.5,2,1.8,5,0,19.0,1213,0.667,5,a1d8d72cc609da31,0.625,4,1263,0.1,42.0,5.0,113.2,4,Active,19,5,9,0.0,1
0.462,14.1,3.33,5,5.9,5,0,19.0,740,0.462,3,b3282ac17a1e6c30,0.3,1,889,0.0,-7.8,6.0,110.8,4,Active,19,6,13,0.0,1
0.8,38.1,0.67,3,0.0,5,0,6.0,1778,1.0,5,775a2dc991999a2f,0.75,5,1778,0.5,0.0,4.0,256.1,1,Active,6,4,5,0.0,1
0.867,14.2,1.5,4,0.6,5,0,12.0,1273,1.0,5,a12af8558c3384d4,0.857,5,1273,0.1,51.0,13.0,129.1,2,Active,12,13,15,0.0,1
0.667,8.2,0.2,1,9.7,4,1,23.0,1218,0.667,5,b475d23319c20a5e,0.6,4,1275,0.1,-35.4,4.0,131.3,2,Active,23,4,6,0.0,1
0.655,8.9,0.93,3,7.2,5,0,5.0,858,1.0,5,20528d7044f23afe,0.833,5,858,0.0,0.0,17.0,129.7,2,Active,5,17,29,0.0,1
0.66,9.0,6.57,5,34.7,4,0,6.0,833,0.66,5,b39d4a89b606aa41,0.605,4,840,0.3,0.0,35.0,119.3,3,Active,6,35,53,0.0,1
0.364,42.8,1.2,4,12.9,4,0,51.0,1292,0.364,2,94dec349ab8c2822,0.444,2,1351,0.4,3.6,4.0,90.8,5,Active,51,4,11,0.0,1
0.55,15.8,2.33,5,68.5,4,0,13.0,1600,0.462,3,aafe7c3a5e8c4829,0.714,5,1727,0.0,71.0,10.0,142.3,2,Active,13,10,20,0.0,1
1.0,22.9,0.25,1,0.0,5,1,18.0,1430,1.0,5,fd1c5becc0154f9f,1.0,5,1430,0.3,28.7,5.0,136.1,2,Active,18,5,5,0.0,1
1.0,33.5,2.0,4,0.0,5,0,110.0,867,1.0,5,c46ff3b0b71755e0,1.0,5,1162,0.2,12.5,3.0,78.4,5,Active,110,3,3,0.0,1
0.667,11.6,0.8,3,4.5,5,0,12.0,966,0.667,5,35d6848481b9f0a7,0.714,5,1039,0.4,-18.0,6.0,142.7,2,Active,12,6,9,0.0,1
0.286,25.9,0.75,3,12.4,4,0,34.0,1146,0.25,1,066d4702a4a31d42,0.286,1,1224,0.3,6.1,2.0,95.9,4,Active,34,2,7,0.0,1
0.577,11.9,0.53,2,208.8,3,0,20.0,1023,0.5,3,ffe8a34c8a523525,0.647,5,1023,0.0,28.6,15.0,96.4,4,Active,20,15,26,0.0,1
0.2,13.6,0.67,3,567.2,3,0,5.0,934,0.2,1,efc4e466caefa58a,0.0,1,934,0.2,0.0,1.0,125.2,3,Active,5,1,5,0.0,1
0.545,81.8,4.5,5,7.1,5,0,25.0,1992,1.0,5,4dd85cbc189b1fd5,0.6,4,2054,0.1,12.5,6.0,276.2,1,Active,25,6,11,0.0,1
0.4,20.7,1.5,4,4249.6,1,0,11.0,1082,0.4,3,5fbd3b6eaccb359f,0.0,1,1202,0.0,17.5,2.0,147.0,1,Active,11,2,5,0.0,1
1.0,53.6,1.0,3,0.0,5,0,14.0,857,1.0,5,eb7a840aee6ecedd,1.0,5,857,0.5,21.2,1.0,116.0,3,Active,14,1,1,0.0,1
0.529,5.5,0.42,2,1.3,5,1,21.0,1447,0.529,4,657eec0486f03913,0.684,5,1447,0.0,12.2,18.0,107.0,4,Active,21,18,34,0.0,1
0.75,11.3,3.0,5,0.7,5,0,13.0,1065,0.75,5,e22daee1e76963be,1.0,5,1065,0.2,46.3,3.0,127.6,2,Active,13,3,4,0.0,1
1.0,13.1,1.0,3,0.0,5,0,8.0,934,1.0,5,a90152a0118e36c2,1.0,5,1034,0.4,-28.0,1.0,127.2,3,Active,8,1,1,0.0,1
0.632,14.8,0.25,1,74.7,4,1,32.0,1101,0.8,5,20fea59d87028a4c,0.583,4,1147,0.1,15.5,47.0,95.9,4,Active,32,47,76,0.062,2
0.062,20.3,0.78,3,38.4,4,0,14.0,907,0.062,1,b0019d107d583b82,0.062,1,988,0.4,-13.3,1.0,128.0,2,Active,14,1,16,0.0,1
0.933,10.4,1.5,4,0.2,5,0,11.0,1535,0.933,5,3be3af3531ccf945,1.0,5,1535,0.2,0.0,14.0,102.1,4,Active,11,14,15,0.0,1
1.0,11.4,1.0,3,0.0,5,0,20.0,998,1.0,5,c822ccdda92f8bec,1.0,5,998,0.1,14.3,2.0,109.9,4,Active,20,2,2,0.0,1
1.0,17.4,0.5,2,0.0,5,0,20.0,1296,1.0,5,e5cde99f881a6f58,1.0,5,1296,0.3,9.2,3.0,94.5,5,Active,20,3,3,0.0,1
1.0,16.9,3.0,5,0.0,5,0,15.0,862,1.0,5,03d26fed9541fbb7,1.0,5,862,0.4,5.1,4.0,113.3,4,Active,15,4,4,0.0,1
1.0,30.6,1.0,3,0.0,5,0,11.0,1107,1.0,5,23a7e8ca94f77f20,1.0,5,1202,0.4,-30.7,2.0,132.6,2,Active,11,2,2,0.0,1
1.0,22.5,4.0,5,0.0,5,0,15.0,1241,1.0,5,d5b3be2fcb8eff6f,1.0,5,1241,0.4,56.5,5.0,102.9,4,Active,15,5,5,0.0,1
0.182,9.0,1.75,4,18.9,4,0,48.0,1462,0.059,1,37a65ea5043001c6,0.182,1,1567,0.1,12.9,8.0,86.0,5,Active,48,8,44,0.0,1
0.727,25.5,0.57,2,0.0,5,0,56.0,1535,0.727,5,b780e5c89e07f02f,0.833,5,1630,0.2,6.6,8.0,79.7,5,Active,56,8,11,0.0,1
0.636,18.3,0.1,1,2.1,5,1,11.0,557,0.636,5,a1e8400731d2ad03,0.5,3,817,0.1,-45.2,6.0,137.6,2,Active,11,6,11,0.0,1
1.0,18.4,1.0,3,0.0,5,0,16.0,1142,1.0,5,1364a9b0b9711f25,1.0,5,1241,0.5,33.5,1.0,115.5,3,Active,16,1,1,0.0,1
0.412,19.7,0.21,1,591.9,3,1,9.0,619,0.125,1,37b14a81f373796a,0.6,4,832,0.1,-54.3,7.0,141.5,2,Active,9,7,17,0.0,1
0.25,35.9,1.0,3,11.3,4,0,26.0,1639,0.25,1,0726e189e8f84b0f,0.25,1,1639,0.5,19.5,1.0,124.2,3,Active,26,1,4,0.0,1
1.0,20.1,1.0,3,0.0,5,0,10.0,874,1.0,5,3e9975ad5fadb05c,1.0,5,874,0.0,6.0,1.0,130.6,2,Active,10,1,1,0.0,1
0.25,58.2,1.0,3,5.0,5,0,56.0,1417,0.25,1,e59840bcecc1f3b3,0.25,1,1601,0.3,6.6,1.0,100.6,4,Active,56,1,4,0.0,1
1.0,4.3,1.0,3,0.0,5,0,6.0,1058,1.0,5,97b957511881b65d,1.0,5,1058,0.4,0.0,2.0,118.6,3,Active,6,2,2,0.0,1
0.846,24.6,2.25,5,0.0,5,0,81.0,1632,1.0,5,429502735ea0c7c1,1.0,5,1670,0.1,20.2,10.0,71.3,5,Active,81,10,13,0.0,1
0.5,47.2,1.0,3,33.5,4,0,139.0,1753,0.5,3,07130acf976bd9fe,0.667,5,1825,0.1,12.2,4.0,72.6,5,Active,139,4,8,0.0,1
0.6,39.9,0.25,1,0.0,5,1,69.0,1271,0.6,4,6980fc7f325a9cb0,0.333,1,1271,0.4,3.5,3.0,70.0,5,Active,69,3,5,0.0,1
0.615,14.6,1.0,3,211.0,3,0,46.0,1264,0.667,5,855213067b23a471,0.889,5,1419,0.1,9.1,16.0,96.3,4,Active,46,16,26,0.0,1
0.667,27.0,2.0,4,0.0,5,0,38.0,996,0.667,5,5ecba0f4f71455fd,0.667,5,1202,0.4,-11.1,2.0,97.3,4,Active,38,2,3,0.0,1
0.282,23.3,1.17,4,15.7,4,0,13.0,1177,0.282,1,d6dbd5e518ceaab5,0.282,1,1246,0.3,9.3,11.0,120.7,3,Active,13,11,39,0.0,1
0.333,8.5,3.5,5,4.3,5,0,14.0,936,0.333,2,c1fd2e65f2ae3b99,0.5,3,1120,0.2,-4.3,3.0,140.1,2,Active,14,3,9,0.0,1
1.0,13.9,1.0,3,0.0,5,0,16.0,1078,1.0,5,812cc7dcd0c81697,1.0,5,1160,0.2,-3.5,2.0,105.8,4,Active,16,2,2,0.0,1
0.667,32.0,0.2,1,0.7,5,1,29.0,615,0.667,5,bef7a6c51b9ddadc,0.6,4,1222,0.2,-39.8,4.0,103.3,4,Active,29,4,6,0.0,1
1.0,9.1,1.0,3,0.0,5,0,7.0,1060,1.0,5,b8f2f3d781f91430,1.0,5,1110,0.5,0.0,1.0,145.7,1,Active,7,1,1,0.0,1
0.472,8.2,1.57,4,199.6,3,0,24.0,1129,0.4,3,5f330da32dcd48c4,0.368,1,1129,0.0,7.1,16.0,98.2,4,Active,24,16,36,0.125,2
0.667,21.0,0.5,2,1.1,5,0,61.0,1646,0.667,5,66ff190bdd1fa4b4,0.667,5,1733,0.1,22.4,6.0,81.6,5,Active,61,6,9,0.0,1
1.0,126.0,1.0,3,0.0,5,0,113.0,2137,1.0,5,36e69724acc6c360,1.0,5,2137,0.1,7.2,1.0,145.3,1,Active,113,1,1,0.0,1
0.306,23.2,0.11,1,234.2,3,1,32.0,972,0.286,1,b6decee35603bee9,0.45,2,1083,0.0,9.8,15.0,97.2,4,Active,32,15,49,0.25,3
0.75,4.9,1.0,3,0.3,5,0,10.0,1006,0.75,5,b28bd623db98690c,1.0,5,1092,0.1,0.3,3.0,149.3,1,Active,10,3,4,0.0,1
0.667,22.0,1.25,4,1.7,5,0,27.0,1279,0.667,5,93783ab366d6b80e,0.625,4,1340,0.3,8.8,6.0,106.4,4,Active,27,6,9,0.0,1
0.636,17.7,0.22,1,4.0,5,1,28.0,1544,0.75,5,165e088e416ea0c8,0.667,5,1544,0.0,22.2,18.0,96.3,4,Active,28,18,33,0.036,2
0.75,18.2,0.33,2,5.5,5,1,40.0,1697,0.75,5,bc6be3ab33c0264d,1.0,5,1713,0.0,26.1,12.0,99.4,4,Active,40,12,16,0.025,2
0.615,22.0,1.36,4,2.9,5,0,19.0,1173,0.4,3,b15e4ec3d578d0b6,0.714,5,1356,0.1,-8.3,16.0,127.9,2,Active,19,16,26,0.0,1
0.889,22.0,0.8,3,15.4,4,0,22.0,1775,1.0,5,9cb931a2defd105c,1.0,5,2059,0.2,0.5,8.0,194.7,1,Active,22,8,9,0.045,2
0.708,11.4,0.85,3,0.9,5,0,20.0,1740,0.556,4,bc3fbbd66972ec2c,0.692,5,1843,0.2,31.4,16.0,162.7,1,Active,20,16,24,0.0,1
0.636,22.4,0.47,2,2.8,5,1,13.0,1508,0.667,5,c7a54fc5ca487ac6,0.533,3,1541,0.2,99.0,14.0,126.6,3,Active,13,14,22,0.154,3
0.286,33.0,1.33,4,21.3,4,0,7.0,965,0.286,1,79c886d958d37f5b,0.286,1,1012,0.4,0.0,2.0,149.9,1,Active,7,2,7,0.0,1
0.615,11.4,1.6,4,0.9,5,0,23.0,1301,0.615,5,df665500d3caf261,0.615,4,1301,0.0,45.0,8.0,122.4,3,Active,23,8,13,0.0,1
0.607,17.6,0.12,1,4.0,5,1,26.0,1352,0.714,5,78567fa238e0d103,0.5,3,1356,0.2,32.4,16.0,115.1,3,Active,26,16,28,0.0,1
0.289,18.4,1.38,4,7.8,5,0,28.0,1333,0.125,1,90b1dc3146633b3a,0.28,1,1368,0.1,16.5,11.0,106.9,4,Active,28,11,38,0.036,2
0.6,5.4,3.38,5,4.9,5,0,6.0,1320,1.0,5,3f299e652a6ba79e,0.9,5,1320,0.2,0.0,21.0,151.6,1,Active,6,21,35,0.0,1
0.75,21.7,0.67,3,2.0,5,0,29.0,1175,1.0,5,27221436de6fcf2a,0.583,4,1175,0.0,-10.6,14.0,91.6,5,Active,29,14,20,0.0,1
0.75,37.6,0.6,2,6.4,5,0,42.0,1407,0.75,5,190a8665a5cd9397,1.0,5,1424,0.3,21.4,6.0,108.7,4,Active,42,6,8,0.0,1
0.75,10.0,1.0,3,1.0,5,0,12.0,807,0.75,5,1fdc0c7eb71cf15c,1.0,5,915,0.2,-3.5,3.0,127.7,2,Active,12,3,4,0.0,1
0.5,32.8,1.0,3,14.7,4,0,16.0,897,0.5,3,828b8f7341a7bec5,0.5,3,1010,0.3,-10.0,1.0,121.4,3,Active,16,1,2,0.0,1
0.625,9.4,1.0,3,3.4,5,0,10.0,1262,0.625,5,6a9f6af7dc71b4a0,0.571,4,1262,0.0,96.7,5.0,143.1,2,Active,10,5,8,0.0,1
0.2,45.0,1.5,4,2.9,5,0,5.0,1481,0.2,1,19f941674055e7b2,0.2,1,1543,0.2,0.0,1.0,239.5,1,Active,5,1,5,0.0,1
0.75,54.8,1.67,4,1.9,5,0,91.0,1437,0.778,5,f2036dc6906c7f42,0.667,5,1530,0.0,21.5,11.0,71.2,5,Active,91,11,16,0.011,2
1.0,5.4,1.0,3,0.0,5,0,6.0,781,1.0,5,962a202a16a491ca,1.0,5,806,0.1,0.0,1.0,137.0,2,Active,6,1,1,0.0,1
0.409,13.4,1.44,4,2.0,5,0,6.0,1113,0.409,3,f4c0dd91b1755d42,0.4,1,1113,0.3,0.0,9.0,118.4,3,Active,6,9,22,0.0,1
0.372,13.1,1.69,4,276.2,3,0,17.0,1022,0.333,2,aecaa11468508456,0.455,2,1132,0.0,-11.4,16.0,128.3,2,Active,17,16,43,0.0,1
1.0,29.4,4.0,5,0.0,5,0,13.0,1421,1.0,5,00bf78e1fe4fa332,1.0,5,1489,0.2,16.0,10.0,152.3,1,Active,13,10,10,0.0,1
0.296,21.0,0.93,3,106.9,3,0,51.0,933,0.0,1,92bca95a13747b5b,0.286,1,989,0.3,12.6,7.0,85.9,5,Active,51,7,27,0.059,2
0.5,31.6,1.0,3,24.6,4,0,8.0,1235,0.5,3,8c3ee9cac8834182,0.5,3,1243,0.4,-1.0,4.0,139.1,2,Active,8,4,8,0.0,1
0.786,17.3,0.75,3,10.3,4,0,8.0,1176,0.5,3,5462f541dc71c6b8,0.7,5,1219,0.2,-20.0,11.0,172.1,1,Active,8,11,14,0.0,1
0.41,13.3,0.5,2,20.6,4,0,21.0,1202,0.25,1,1de53f5ca9906a95,0.471,2,1360,0.1,-2.4,14.0,120.2,3,Active,21,14,39,0.238,3
0.762,8.7,0.5,2,1.3,5,0,17.0,1308,1.0,5,d1c3ba2d23ce8ff7,0.769,5,1313,0.1,61.5,16.0,110.5,4,Active,17,16,21,0.0,1
1.0,17.2,0.2,1,0.0,5,1,10.0,1506,1.0,5,27f64ce1b93a4c9a,1.0,5,1506,0.2,66.0,6.0,110.5,4,Active,10,6,6,0.0,1
0.632,17.5,0.9,3,16.3,4,0,46.0,859,1.0,5,5c02123d65bfbedd,0.583,4,1001,0.1,-15.1,12.0,91.0,5,Active,46,12,19,0.022,2
0.909,1.3,0.57,2,0.2,5,0,7.0,1436,1.0,5,ef3dd06f3cf09d82,1.0,5,1492,0.4,0.0,10.0,179.5,1,Active,7,10,11,0.0,1
0.667,17.7,0.38,2,4.1,5,1,8.0,921,0.667,5,551569d9e01eb643,0.615,4,921,0.1,19.0,12.0,144.3,1,Active,8,12,18,0.0,1
0.714,24.2,0.75,3,460.5,3,0,35.0,1272,1.0,5,6ed302356dd08b22,0.875,5,1364,0.4,2.3,10.0,115.2,3,Active,35,10,14,0.057,2
0.609,21.3,0.21,1,7.7,5,1,72.0,1426,0.609,4,9b5e3629eda6c675,0.6,4,1511,0.2,24.8,13.0,62.1,5,Active,72,13,23,0.014,2
0.714,1.6,0.4,2,5.7,5,1,7.0,1171,0.714,5,6fe77ba11ef52ed6,0.8,5,1264,0.2,0.0,5.0,180.3,1,Active,7,5,7,0.0,1
0.679,11.2,0.96,3,3.4,5,0,42.0,1393,0.565,4,aba279f6719aa0b2,0.824,5,1393,0.0,3.2,36.0,84.8,5,Active,42,36,53,0.024,2
0.792,48.5,0.26,1,1.1,5,1,44.0,1330,0.8,5,b1f08358e5033dd6,1.0,5,1389,0.0,25.7,17.0,81.9,5,Active,44,17,24,0.0,1
0.778,12.6,0.5,2,0.8,5,0,11.0,1616,0.667,5,059a498740bc3b88,0.833,5,1616,0.3,26.3,7.0,162.7,1,Active,11,7,9,0.0,1
1.0,29.6,1.0,3,0.0,5,0,24.0,1624,1.0,5,c72b7536f7251910,1.0,5,1624,0.0,18.3,2.0,96.5,4,Active,24,2,2,0.0,1
1.0,13.4,2.0,4,0.0,5,0,11.0,1102,1.0,5,2ecb9e32e2b5d787,1.0,5,1102,0.2,15.0,3.0,127.5,2,Active,11,3,3,0.0,1
0.222,20.7,0.64,3,1.4,5,0,27.0,1559,0.5,3,98fbc96db0f83a8c,0.273,1,1559,0.4,26.5,4.0,97.3,4,Active,27,4,18,0.0,1
0.652,10.2,0.92,3,21.6,4,0,8.0,996,0.652,5,6c7623978a248f32,0.7,5,996,0.2,0.0,15.0,125.9,3,Active,8,15,23,0.0,1
0.63,5.3,0.93,3,28.3,4,0,11.0,1246,0.667,5,2352a935b21cade1,0.519,3,1246,0.2,0.0,34.0,110.3,4,Active,11,34,54,0.0,1
0.641,22.1,3.18,5,6.2,5,0,35.0,1122,0.769,5,6da5d4860819ee30,0.647,5,1147,0.0,9.3,59.0,87.0,5,Active,35,59,92,0.0,1
1.0,45.4,1.0,3,0.0,5,0,59.0,1458,1.0,5,273a79886b335923,1.0,5,1485,0.4,1.6,2.0,89.2,5,Active,59,2,2,0.0,1
0.917,12.8,0.2,1,0.5,5,1,21.0,1240,0.917,5,f1b5ce7913d0fe73,0.889,5,1240,0.1,23.4,11.0,95.6,4,Active,21,11,12,0.0,1
0.7,51.9,0.25,1,2.9,5,1,54.0,1698,0.5,3,96bbd370690f9eba,0.636,4,1710,0.1,11.5,14.0,85.7,5,Active,54,14,20,0.0,1
1.0,15.2,1.0,3,0.0,5,0,30.0,1238,1.0,5,ee5ab93f8dcafdb2,1.0,5,1238,0.0,32.2,1.0,100.8,4,Active,30,1,1,0.0,1
1.0,58.3,1.0,3,0.0,5,0,49.0,1276,1.0,5,91ceb44a7d49b293,1.0,5,1744,0.2,-15.8,1.0,119.5,3,Active,49,1,1,0.0,1
0.5,19.0,0.5,2,4.8,5,0,12.0,925,0.5,3,95f183bb3c8979c6,1.0,5,925,0.5,-16.6,3.0,128.0,2,Active,12,3,6,0.0,1
0.667,11.1,0.71,3,2.9,5,0,16.0,1306,0.667,5,b5510e387d994b96,0.833,5,1306,0.4,44.0,8.0,127.0,3,Active,16,8,12,0.0,1
1.0,9.8,1.0,3,0.0,5,0,7.0,748,1.0,5,af8201fed2ba9b3e,1.0,5,857,0.4,-58.0,1.0,138.1,2,Active,7,1,1,0.0,1
0.632,14.3,0.46,2,130.1,3,1,20.0,1364,0.632,5,a7f393da73be8977,0.7,5,1514,0.2,16.9,11.0,172.9,1,Active,20,11,19,0.05,2
1.0,9.4,1.0,3,0.0,5,0,10.0,984,1.0,5,cf0ccdebe639016d,1.0,5,1019,0.2,47.0,10.0,129.8,2,Active,10,10,10,0.0,1
1.0,26.1,0.5,2,0.0,5,0,46.0,1273,1.0,5,5f0cef1d0d108349,1.0,5,1349,0.5,13.1,3.0,103.5,4,Active,46,3,3,0.0,1
0.615,6.0,1.36,4,2.9,5,0,11.0,1120,0.6,4,a5aeeb20359d1c19,0.588,4,1141,0.0,10.5,16.0,120.9,3,Active,11,16,26,0.0,1
0.8,28.5,4.0,5,0.0,5,0,19.0,1299,0.0,1,9497e94f518f8a2a,1.0,5,1552,0.5,1.0,4.0,125.3,3,Active,19,4,5,0.0,1
0.333,5.4,0.5,2,2.0,5,0,5.0,957,0.333,2,390afb3100c40a24,0.333,1,957,0.1,0.0,1.0,91.7,5,Active,5,1,3,0.0,1
0.556,5.0,0.29,2,0.3,5,1,10.0,706,0.556,4,a5757aa57471f3ca,0.4,1,892,0.2,-37.3,5.0,132.6,2,Active,10,5,9,0.1,2
0.625,30.6,0.45,2,4.7,5,1,68.0,1368,0.0,1,9962686be60195cc,1.0,5,1527,0.2,13.3,10.0,76.3,5,Active,68,10,16,0.0,1
0.556,10.7,1.25,4,1.1,5,0,16.0,1250,0.556,4,d257a37c5d8ad3f1,1.0,5,1250,0.2,41.2,5.0,110.2,4,Active,16,5,9,0.0,1
0.4,11.4,0.25,1,18.2,4,1,8.0,682,0.0,1,03e30fd8bc0a32fc,0.5,3,799,0.2,-50.5,2.0,135.5,2,Active,8,2,5,0.0,1
0.474,53.6,3.75,5,3.2,5,0,24.0,1572,0.429,3,0b9fedb911e97b30,0.375,1,1572,0.1,20.2,9.0,109.9,4,Active,24,9,19,0.0,1
0.647,41.4,0.7,3,1.9,5,0,7.0,1650,1.0,5,b517b3f87fb752e7,0.667,5,1650,0.3,0.0,9.0,139.2,2,Active,7,9,17,0.0,1
1.0,9.1,1.0,3,0.0,5,0,7.0,850,1.0,5,8dcb9e3a72c26905,1.0,5,982,0.3,-96.0,2.0,148.8,1,Active,7,2,2,0.0,1
0.4,19.9,1.5,4,0.0,5,0,39.0,1225,0.4,3,7fba2cac6441e6a1,1.0,5,1338,0.5,12.3,2.0,86.6,5,Active,39,2,5,0.0,1
0.4,21.4,1.22,4,12.6,4,0,70.0,1054,0.4,3,d9bd282546ff3fbc,0.5,3,1054,0.2,23.1,8.0,76.9,5,Active,70,8,20,0.029,2
0.25,15.0,3.0,5,10.3,4,0,14.0,1051,0.25,1,27c1404604a6dd2e,0.25,1,1074,0.1,28.0,1.0,113.9,3,Active,14,1,4,0.0,1
0.875,8.5,1.67,4,6.9,5,0,7.0,568,0.875,5,a1481cf3d971ccd0,1.0,5,669,0.3,-70.0,2.0,108.2,4,Active,7,2,8,0.571,4
0.625,25.1,0.33,2,8.2,4,1,47.0,1027,0.5,3,7b21e4bd34e6d8ca,0.75,5,1128,0.3,5.5,5.0,74.1,5,Active,47,5,8,0.0,1
0.48,89.1,0.92,3,1.6,5,0,93.0,2329,0.333,2,b7306ff4ca2fd557,0.455,2,2453,0.3,6.8,12.0,170.0,1,Active,93,12,25,0.0,1
0.8,17.3,1.5,4,16.5,4,0,25.0,1437,0.8,5,f5184de053aa6c19,0.857,5,1437,0.4,15.5,8.0,118.9,3,Active,25,8,10,0.0,1
0.674,51.2,1.69,4,8.1,4,0,20.0,1652,0.778,5,110f453b5f132bda,0.812,5,1840,0.1,-20.0,29.0,129.4,2,Active,20,29,43,0.0,1
0.6,68.7,1.5,4,416.3,3,0,38.0,1693,0.6,4,9af270355f73bd0e,0.625,4,1693,0.3,18.4,5.0,96.6,4,Active,38,5,10,0.0,1
0.8,15.6,0.43,2,0.0,5,1,15.0,895,0.8,5,5cd81308a60a7431,1.0,5,1031,0.0,-8.2,8.0,120.8,3,Active,15,8,10,0.0,1
0.408,6.4,1.32,4,51.5,4,0,11.0,956,0.408,3,1b8bc24ec91dd253,0.396,1,1088,0.0,12.5,52.0,139.7,2,Active,11,52,130,0.182,3
0.5,14.8,0.6,2,994.6,2,0,17.0,936,0.5,3,9045f9a0907c5028,0.25,1,1028,0.1,-8.2,4.0,113.2,4,Active,17,4,8,0.0,1
0.667,26.5,2.0,4,1.6,5,0,9.0,635,0.667,5,fe90cc7863fc0689,0.667,5,781,0.0,-43.7,4.0,130.2,2,Active,9,4,6,0.0,1
0.292,59.4,1.4,4,16.8,4,0,19.0,1955,0.292,2,7ec658f0cf0a6f3a,0.292,1,1994,0.3,3.8,7.0,193.6,1,Active,19,7,24,0.0,1
0.826,30.6,1.3,4,1.8,5,0,18.0,1160,0.833,5,097c72a055e82003,1.0,5,1224,0.0,-7.6,19.0,125.6,3,Active,18,19,23,0.0,1
0.667,25.7,1.25,4,2.1,5,0,34.0,1251,0.667,5,7dec047e01ecbef0,0.75,5,1251,0.2,31.1,6.0,85.3,5,Active,34,6,9,0.0,1
0.714,8.1,0.4,2,2.2,5,1,11.0,766,0.714,5,32702a24fd0d6b5a,1.0,5,971,0.3,-38.5,5.0,138.9,2,Active,11,5,7,0.0,1
0.5,5.7,1.0,3,3.8,5,0,11.0,1057,0.5,3,aa06eee8d4222d18,0.571,4,1057,0.0,57.0,13.0,103.6,4,Active,11,13,26,0.0,1
0.812,20.4,0.33,2,1.6,5,1,72.0,1302,0.5,3,e2984844397b17de,0.8,5,1336,0.1,10.7,13.0,71.0,5,Active,72,13,16,0.014,2
1.0,45.3,1.0,3,0.0,5,0,6.0,1581,1.0,5,f7807023da807a92,1.0,5,1581,0.4,0.0,1.0,80.2,5,Active,6,1,1,0.0,1
0.714,18.6,1.33,4,13.0,4,0,9.0,1280,0.714,5,538c31d136418650,0.714,5,1280,0.4,226.0,5.0,129.5,2,Active,9,5,7,0.0,1
0.667,33.1,0.12,1,0.0,5,1,33.0,1417,0.5,3,3c7bc4ec68728728,0.8,5,1417,0.1,48.7,6.0,91.3,5,Active,33,6,9,0.0,1
0.556,18.5,1.25,4,12.7,4,0,43.0,1372,0.556,4,45b227ae67c5ed8b,0.625,4,1411,0.4,-7.5,4.0,91.1,5,Active,43,4,9,0.0,1
0.812,54.2,1.29,4,4.7,5,0,81.0,1163,0.812,5,aff04c0532ac1de5,0.889,5,1216,0.0,9.2,13.0,71.6,5,Active,81,13,16,0.0,1
0.75,28.4,0.33,2,0.9,5,1,11.0,1014,0.75,5,42923d79b5362f44,1.0,5,1050,0.2,15.2,3.0,132.9,2,Active,11,3,4,0.0,1
0.294,10.3,0.06,1,10.6,4,1,10.0,876,0.294,2,d06d946f6ec25e03,0.5,3,994,0.2,-27.0,5.0,129.0,2,Active,10,5,17,0.0,1
0.529,15.7,0.13,1,4.1,5,1,40.0,985,0.5,3,264f793193c56cbb,1.0,5,1069,0.1,-1.9,8.0,84.0,5,Active,40,8,17,0.025,2
0.857,9.9,2.5,5,2.0,5,0,15.0,1198,0.857,5,68cd9e55d0e9c888,0.833,5,1199,0.4,14.7,6.0,125.3,3,Active,15,6,7,0.0,1
0.6,41.4,0.67,3,11.6,4,0,28.0,1385,0.6,4,b34a7c144c679ed7,0.6,4,1385,0.3,23.8,3.0,102.3,4,Active,28,3,5,0.0,1
0.6,29.9,1.5,4,1.6,5,0,21.0,1147,0.6,4,a2c4923dd42cef51,0.6,4,1164,0.4,36.8,3.0,88.6,5,Active,21,3,5,0.0,1
0.429,12.9,0.75,3,22.7,4,0,14.0,1043,0.429,3,0f5c66bb07b85567,0.429,2,1076,0.4,26.0,3.0,114.7,3,Active,14,3,7,0.0,1
0.533,36.7,0.15,1,5.2,5,1,67.0,1615,0.727,5,0a631021990670e7,0.562,4,1646,0.0,4.0,14.0,80.2,5,Active,67,14,30,0.0,1
0.846,7.2,1.36,4,3.2,5,0,34.0,995,1.0,5,5bf34ec642e3bb42,0.765,5,1100,0.0,15.5,19.0,100.8,4,Active,34,19,26,0.147,3
1.0,9.6,1.0,3,0.0,5,0,20.0,1090,1.0,5,be78ac2bc6635025,1.0,5,1110,0.5,-8.1,2.0,113.3,4,Active,20,2,2,0.0,1
0.75,12.3,1.0,3,2.2,5,0,6.0,972,0.75,5,6306628e54814ca3,1.0,5,987,0.0,0.0,12.0,135.1,2,Active,6,12,16,0.0,1
0.19,40.3,0.05,1,7.7,5,1,37.0,1549,0.111,1,807deee44802003d,0.4,1,1725,0.3,9.0,4.0,96.5,4,Active,37,4,21,0.0,1
1.0,31.2,0.25,1,0.0,5,1,47.0,1183,1.0,5,5fe02397d96ecca2,1.0,5,1263,0.2,9.4,5.0,85.2,5,Active,47,5,5,0.0,1
0.333,20.5,1.0,3,9.4,4,0,20.0,1383,0.333,2,7eeb9e36869e0652,0.333,1,1383,0.4,53.5,2.0,105.4,4,Active,20,2,6,0.0,1
0.857,10.4,0.56,2,0.2,5,0,30.0,1095,0.857,5,4ea5f2a964fe252e,0.818,5,1141,0.1,18.0,12.0,99.7,4,Active,30,12,14,0.0,1
0.75,20.6,1.0,3,0.4,5,0,41.0,1321,0.75,5,3ad6f8a0227ae2a6,1.0,5,1323,0.4,6.9,6.0,94.6,5,Active,41,6,8,0.0,1
0.333,17.0,0.5,2,8.7,4,0,10.0,1234,0.333,2,60eb75812417c8a3,0.333,1,1234,0.2,160.0,1.0,141.0,2,Active,10,1,3,0.0,1
1.0,23.1,1.0,3,0.0,5,0,18.0,1221,1.0,5,659b6e19b3035093,1.0,5,1221,0.4,47.6,2.0,118.9,3,Active,18,2,2,0.0,1
1.0,5.6,2.0,4,0.0,5,0,5.0,1424,1.0,5,c1889ed1eaeb7bfd,1.0,5,1424,0.2,0.0,3.0,190.7,1,Active,5,3,3,0.0,1
1.0,18.4,1.0,3,0.0,5,0,15.0,980,1.0,5,2de77e682283d2b2,1.0,5,1115,0.4,-12.5,2.0,123.8,3,Active,15,2,2,0.0,1
0.5,19.0,0.43,2,7.2,5,1,34.0,1409,0.429,3,3a57c19acd2e06f7,0.667,5,1541,0.4,0.8,5.0,105.4,4,Active,34,5,10,0.0,1
0.857,22.1,0.75,3,0.0,5,0,16.0,1260,0.857,5,58924753e3b5904d,1.0,5,1260,0.2,21.4,12.0,133.8,2,Active,16,12,14,0.0,1
0.667,12.6,2.0,4,0.0,5,0,7.0,979,0.667,5,89a381e0b164f62c,0.667,5,979,0.4,0.0,2.0,137.8,2,Active,7,2,3,0.0,1
0.5,69.3,1.0,3,5.1,5,0,25.0,1374,0.5,3,c199ecdc44693f52,0.5,3,1458,0.5,24.0,1.0,113.6,3,Active,25,1,2,0.0,1
1.0,25.8,1.0,3,0.0,5,0,33.0,1187,1.0,5,e6aac1efbb1b8adf,1.0,5,1193,0.4,31.6,6.0,88.9,5,Active,33,6,6,0.0,1
0.486,11.3,0.75,3,103.3,3,0,12.0,1093,1.0,5,9e94433d955e6b9e,0.48,3,1141,0.0,27.0,17.0,132.9,2,Active,12,17,35,0.0,1
1.0,25.3,2.0,4,0.0,5,0,38.0,1420,1.0,5,bd4405474d6d594b,1.0,5,1480,0.2,26.6,3.0,107.9,4,Active,38,3,3,0.0,1
1.0,32.3,1.0,3,0.0,5,0,42.0,1511,1.0,5,f4aa078f39731f85,1.0,5,1541,0.3,22.5,1.0,86.0,5,Active,42,1,1,0.0,1
1.0,10.2,2.0,4,0.0,5,0,26.0,1284,1.0,5,f40af82f35427f47,1.0,5,1284,0.2,-5.3,3.0,109.2,4,Active,26,3,3,0.0,1
1.0,6.5,1.0,3,0.0,5,0,14.0,1314,1.0,5,75b3d8ebfc003cc6,1.0,5,1314,0.5,55.2,1.0,132.4,2,Active,14,1,1,0.071,2
0.5,23.9,1.0,3,0.0,5,0,18.0,479,0.5,3,85f864ad469b3a70,0.5,3,924,0.3,-34.2,1.0,114.8,3,Active,18,1,2,0.0,1
0.571,23.3,1.33,4,0.0,5,0,9.0,960,0.571,4,3f053efdcbcf6c65,0.667,5,1032,0.4,29.0,3.0,142.4,2,Active,9,3,7,0.0,1
0.538,9.0,0.18,1,645.2,3,1,9.0,995,0.538,4,be33c0f872199f9d,0.6,4,1031,0.1,-4.0,7.0,128.4,2,Active,9,7,13,0.0,1
0.692,20.6,2.25,5,3.8,5,0,38.0,1242,1.0,5,ec85c1bb47f3f445,1.0,5,1321,0.1,22.5,8.0,87.7,5,Active,38,8,13,0.0,1
0.333,29.2,0.5,2,2.6,5,0,27.0,1295,0.0,1,5c3b2685ffc461e6,0.333,1,1295,0.4,4.7,3.0,99.5,4,Active,27,3,9,0.0,1
0.667,36.0,8.0,5,1.7,5,0,49.0,1299,0.667,5,161e76b74771ceb9,0.667,5,1299,0.2,14.9,6.0,80.8,5,Active,49,6,9,0.0,1
0.5,79.1,1.0,3,2.1,5,0,47.0,1916,0.5,3,555d02fb6d7cb3b5,0.5,3,1956,0.4,9.3,1.0,208.6,1,Active,47,1,2,0.0,1
0.25,20.1,0.78,3,10.6,4,0,5.0,1042,0.25,1,9040377d292d74ed,0.5,3,1042,0.2,0.0,4.0,90.6,5,Active,5,4,16,0.0,1
0.25,59.1,1.0,3,16.8,4,0,26.0,1235,0.25,1,4c0be6e0cc89295d,0.5,3,1443,0.4,-4.6,3.0,119.5,3,Active,26,3,12,0.0,1
0.667,46.7,0.5,2,0.6,5,0,6.0,896,1.0,5,1ae4704147e2c36a,0.667,5,925,0.1,-12.0,2.0,139.6,2,Active,6,2,3,0.167,3
1.0,133.4,1.0,3,0.0,5,0,40.0,1658,1.0,5,a54eb10751dc1731,1.0,5,1658,0.4,4.1,1.0,221.9,1,Active,40,1,1,0.0,1
1.0,163.3,1.0,3,0.0,5,0,47.0,1783,1.0,5,afcd1a449f4ed881,1.0,5,2045,0.2,32.9,2.0,216.4,1,Active,47,2,2,0.0,1
0.667,28.0,0.5,2,8.3,4,0,10.0,954,0.667,5,a79226adf6c7848b,0.667,5,1024,0.4,13.0,2.0,119.1,3,Active,10,2,3,0.0,1
0.541,10.3,0.61,2,120.1,3,0,25.0,1335,0.4,3,f214320da1538087,0.529,3,1401,0.0,22.8,18.0,107.0,4,Active,25,18,37,0.08,2
0.571,4.5,6.0,5,4.5,5,0,12.0,761,0.571,4,7eab8cc898dde6b8,0.6,4,990,0.2,-31.6,4.0,135.8,2,Active,12,4,7,0.0,1
0.769,9.8,0.18,1,0.0,5,1,11.0,881,0.769,5,f8dde670f31119bc,0.571,4,945,0.2,12.2,10.0,137.4,2,Active,11,10,13,0.0,1
0.818,12.3,1.2,4,1.3,5,0,38.0,1458,0.818,5,64fc3664cbc43f0d,1.0,5,1458,0.2,11.6,9.0,87.1,5,Active,38,9,11,0.0,1
0.769,8.5,0.3,2,1.1,5,1,11.0,695,0.769,5,e04923f24d0105a0,0.667,5,883,0.0,-27.6,10.0,138.1,2,Active,11,10,13,0.0,1
0.882,12.3,1.12,4,0.2,5,0,11.0,863,0.882,5,0c638e0ad28a1269,1.0,5,863,0.1,-21.0,15.0,128.8,2,Active,11,15,17,0.0,1
0.895,70.2,0.12,1,39.0,4,1,15.0,1077,0.333,2,c2825fa2a5bef0c4,1.0,5,1190,0.0,21.0,17.0,120.4,3,Active,15,17,19,0.0,1
0.375,45.5,0.14,1,32.8,4,1,89.0,999,0.375,2,3553e936b38e30ed,1.0,5,1103,0.4,-1.9,3.0,71.3,5,Active,89,3,8,0.0,1
0.7,32.4,0.67,3,0.7,5,0,50.0,1455,1.0,5,54e47a5c81dcbfd7,0.857,5,1504,0.0,9.0,14.0,79.1,5,Active,50,14,20,0.0,1
1.0,10.0,1.0,3,0.0,5,0,15.0,767,1.0,5,17c8566502e0ab77,1.0,5,886,0.5,-8.0,1.0,112.6,4,Active,15,1,1,0.0,1
0.357,19.5,2.5,5,149.4,3,0,16.0,1276,0.357,2,ccd4625e4f33ea59,1.0,5,1349,0.1,61.0,5.0,119.4,3,Active,16,5,14,0.0,1
0.5,9.0,1.0,3,0.8,5,0,7.0,1388,0.5,3,07a11e90043bceb6,0.5,3,1388,0.4,0.0,1.0,174.5,1,Active,7,1,2,0.0,1
0.615,19.6,2.25,5,4.2,5,0,16.0,1008,0.615,5,fc2a51e1f42f0803,0.571,4,1008,0.0,-9.7,15.0,109.3,4,Active,16,15,26,0.0,1
0.75,16.1,0.33,2,0.0,5,1,52.0,1104,0.75,5,31109653f7481fa1,1.0,5,1228,0.1,3.7,3.0,72.4,5,Active,52,3,4,0.0,1
0.375,22.2,1.67,4,0.0,5,0,9.0,1130,0.333,2,c6b9cf8dcc642314,0.667,5,1250,0.5,0.0,3.0,165.4,1,Active,9,3,8,0.0,1
0.929,38.0,1.33,4,0.1,5,0,8.0,1024,1.0,5,4c5d53a22b01eaa5,1.0,5,1071,0.0,0.0,13.0,125.7,3,Active,8,13,14,0.0,1
0.5,7.4,1.0,3,0.0,5,0,9.0,1262,0.5,3,6fe6788e35a164f9,0.5,3,1262,0.1,0.0,1.0,130.2,2,Active,9,1,2,0.0,1
0.625,21.7,0.14,1,7.8,5,1,8.0,895,0.625,5,48f92a8c5b997b6e,0.667,5,910,0.2,40.0,5.0,137.4,2,Active,8,5,8,0.0,1
0.5,36.1,0.14,1,9.2,4,1,29.0,1225,0.5,3,8bdff3de54ca6ba5,0.75,5,1459,0.2,20.8,4.0,104.4,4,Active,29,4,8,0.0,1
0.464,34.8,3.0,5,35.8,4,0,107.0,1351,0.75,5,5ec835baf8b55905,0.75,5,1631,0.0,9.0,15.0,67.7,5,Active,107,15,56,0.019,2
0.5,32.2,0.09,1,942.5,2,1,23.0,1380,0.5,3,8d4197b7d553df67,0.5,3,1451,0.1,6.2,6.0,115.3,3,Active,23,6,12,0.0,1
0.338,30.7,0.33,2,188.2,3,1,33.0,1051,0.338,2,3b089bb6396abbb4,0.333,1,1085,0.0,-11.1,23.0,92.7,5,Active,33,23,68,0.061,2
0.745,15.0,0.89,3,1.6,5,0,39.0,1693,0.63,5,e1b3242583598b8d,0.765,5,1736,0.0,26.4,33.0,90.4,5,Active,39,33,51,0.051,2
1.0,32.6,3.0,5,0.0,5,0,36.0,745,1.0,5,0b1f3b399e2c21b6,1.0,5,911,0.1,12.2,4.0,99.1,4,Active,36,4,4,0.0,1
1.0,11.4,1.0,3,0.0,5,0,6.0,868,1.0,5,f1324d678b3baa4b,1.0,5,906,0.4,0.0,1.0,123.3,3,Active,6,1,1,0.0,1
0.625,10.8,0.33,2,6.3,5,1,12.0,981,0.625,5,3ae63fd301bf250d,0.5,3,1005,0.2,6.3,5.0,128.4,2,Active,12,5,8,0.0,1
0.733,47.8,0.2,1,2.2,5,1,44.0,2232,0.6,4,d3eefd1bb3493e75,0.714,5,2232,0.2,36.7,21.0,117.4,3,Active,44,21,30,0.0,1
0.56,13.7,0.67,3,14.5,4,0,11.0,1149,0.667,5,c0c7b25101998b13,0.577,4,1149,0.2,33.3,28.0,116.3,3,Active,11,28,50,0.0,1
0.703,113.9,0.48,2,4.8,5,1,185.0,2349,0.5,3,21c39a9dc5091f42,0.833,5,2681,0.2,-1.5,26.0,121.5,3,Active,185,26,37,0.0,1
0.185,22.8,5.75,5,82.0,4,0,6.0,1643,0.25,1,5b1b18c7487b1d8d,0.174,1,1643,0.3,0.0,5.0,164.3,1,Active,6,5,27,0.0,1
0.857,11.9,3.67,5,0.1,5,0,12.0,798,0.857,5,e00d9d38d08c25bb,1.0,5,1195,0.0,-56.4,11.0,195.3,1,Active,12,11,14,0.083,2
0.5,16.2,1.0,3,0.0,5,0,14.0,1204,0.0,1,22246e413bc338c2,0.5,3,1291,0.3,38.3,1.0,120.8,3,Active,14,1,2,0.0,1
0.167,24.5,0.06,1,14.3,4,1,133.0,932,0.167,1,4517d6c842605512,0.154,1,1128,0.1,-0.4,3.0,73.8,5,Active,133,3,18,0.0,1
0.688,19.8,1.67,4,53.5,4,0,15.0,1196,0.6,4,9d6d532d0c3d4c01,0.833,5,1279,0.3,-7.0,10.0,125.0,3,Active,15,10,16,0.133,2
0.417,8.5,2.0,4,2.6,5,0,11.0,938,0.417,3,3f4b92fc0e4988ca,0.5,3,963,0.1,10.7,5.0,121.8,3,Active,11,5,12,0.0,1
0.438,35.7,3.0,5,40.9,4,0,74.0,1548,0.286,1,b34e97884573498d,0.444,2,1668,0.0,9.9,7.0,76.7,5,Active,74,7,16,0.0,1
0.6,7.7,4.0,5,12.9,4,0,6.0,964,0.6,4,11cdc0d08e993507,0.429,2,964,0.0,0.0,6.0,114.4,3,Active,6,6,10,0.0,1
0.722,20.1,2.6,5,1.1,5,0,9.0,954,0.722,5,a03a3e0c9bbe25b7,0.857,5,1046,0.1,7.0,12.0,139.9,2,Active,9,12,18,0.0,1
0.5,15.6,1.0,3,1.0,5,0,16.0,980,0.5,3,4caca038d356da27,0.5,3,1115,0.3,-5.2,3.0,122.0,3,Active,16,3,6,0.0,1
0.639,5.2,0.29,2,61.6,4,1,18.0,1429,0.639,5,adb4d851d92ea344,0.8,5,1498,0.0,-1.3,23.0,135.7,2,Active,18,23,36,0.0,1
0.775,2.8,0.82,3,3.7,5,0,5.0,1074,0.775,5,a64f737bea24ecf0,0.727,5,1074,0.0,0.0,25.0,142.5,2,Active,5,25,40,0.0,1
0.5,26.7,1.0,3,4.5,5,0,15.0,1013,0.5,3,e89824487be25d54,0.5,3,1063,0.5,4.0,1.0,111.9,4,Active,15,1,2,0.0,1
1.0,47.3,1.0,3,0.0,5,0,23.0,639,1.0,5,0a7e15cb03b39a0b,1.0,5,888,0.2,-5.6,1.0,104.7,4,Active,23,1,1,0.0,1
0.7,14.7,0.11,1,1.5,5,1,7.0,1134,1.0,5,03e31092b1228228,0.667,5,1140,0.1,0.0,6.0,126.7,3,Active,7,6,10,0.0,1
0.467,3.9,0.88,3,2.3,5,0,6.0,1191,0.333,2,b9f06dd9c7cedd08,0.625,4,1191,0.1,0.0,7.0,144.0,1,Active,6,7,15,0.0,1
1.0,11.0,0.2,1,0.0,5,1,17.0,1200,1.0,5,b060c8a4e787e689,1.0,5,1204,0.1,8.5,6.0,107.0,4,Active,17,6,6,0.0,1
0.577,14.1,1.0,3,2.8,5,0,14.0,1175,1.0,5,717343dcb07155bb,0.857,5,1175,0.2,30.7,14.0,123.1,3,Active,14,14,26,0.214,3
0.607,16.8,1.07,4,6.8,5,0,28.0,1448,0.889,5,9c2ded7e99c510e7,0.708,5,1454,0.0,-6.7,34.0,115.4,3,Active,28,34,56,0.0,1
0.375,19.6,3.0,5,0.0,5,0,7.0,1032,0.375,2,a2b72da20f85231f,0.375,1,1032,0.4,0.0,3.0,135.3,2,Active,7,3,8,0.0,1
0.6,61.0,0.25,1,0.9,5,1,19.0,1405,1.0,5,c427863cdaa5f779,0.5,3,1405,0.2,42.0,6.0,127.8,2,Active,19,6,10,0.0,1
0.75,4.6,1.0,3,3.2,5,0,5.0,913,0.75,5,6bfc958da480db8c,0.75,5,913,0.4,0.0,3.0,131.5,2,Active,5,3,4,0.0,1
0.333,35.2,2.0,4,32.2,4,0,9.0,1074,0.333,2,1f8cebbba280cfeb,0.333,1,1106,0.2,1.5,1.0,129.2,2,Active,9,1,3,0.0,1
0.816,20.5,1.24,4,3.1,5,0,25.0,946,0.81,5,be0629fc2a24c384,0.833,5,1066,0.0,-6.4,28.0,92.8,5,Active,25,28,38,0.0,1
0.8,13.0,1.5,4,0.7,5,0,7.0,934,0.8,5,f2934c5f690b84a8,1.0,5,1043,0.1,0.0,4.0,148.8,1,Active,7,4,5,0.0,1
0.378,8.0,1.05,4,26.4,4,0,18.0,1600,0.378,2,301cfd3bb178caa9,0.65,5,1682,0.0,-18.5,26.0,146.3,1,Active,18,26,82,0.0,1
0.4,24.1,0.43,2,13.8,4,1,56.0,1169,0.5,3,bd4931a5a1df6dbc,0.4,1,1335,0.2,9.0,8.0,81.3,5,Active,56,8,20,0.0,1
0.75,30.3,0.33,2,2.0,5,1,11.0,1152,0.75,5,542e9659723b521a,1.0,5,1152,0.1,44.7,3.0,112.2,4,Active,11,3,4,0.0,1
0.485,34.2,1.06,4,4.2,5,0,28.0,1204,0.485,3,27f401983b132c13,0.455,2,1336,0.2,11.5,15.0,93.0,5,Active,28,15,33,0.0,1
0.857,23.6,0.4,2,3.2,5,1,41.0,1558,0.857,5,3eedbbb9275c3431,0.833,5,1591,0.3,7.0,6.0,112.0,4,Active,41,6,7,0.0,1
0.75,62.5,1.0,3,1.4,5,0,84.0,1500,0.75,5,a1218ebb6946464d,0.75,5,1736,0.3,5.9,3.0,84.4,5,Active,84,3,4,0.0,1
0.375,56.9,3.0,5,620.7,3,0,40.0,668,0.0,1,97eba7e963b69e12,1.0,5,846,0.1,-5.5,3.0,105.3,4,Active,40,3,8,0.0,1
0.667,20.2,0.5,2,4.0,5,0,38.0,1609,0.667,5,4ff120b62e4d5f83,0.667,5,1609,0.4,7.2,2.0,106.0,4,Active,38,2,3,0.0,1
1.0,2.7,2.0,4,0.0,5,0,8.0,1341,1.0,5,36293160a39111a5,1.0,5,1341,0.2,0.0,3.0,126.3,3,Active,8,3,3,0.0,1
0.412,32.9,0.06,1,168.7,3,1,106.0,1870,1.0,5,9b33d195001ba4f9,0.375,1,1988,0.1,16.1,7.0,93.5,5,Active,106,7,17,0.0,1
0.349,23.0,0.72,3,219.6,3,0,53.0,1206,0.2,1,dbfd60644afba626,0.381,1,1245,0.0,10.1,11.0,85.2,5,Active,53,11,43,0.075,2
0.436,19.9,1.69,4,58.4,4,0,40.0,1651,0.4,3,7f128ed6854af9ac,0.588,4,1791,0.1,16.8,31.0,110.3,4,Active,40,31,78,0.0,1
0.667,4.8,0.5,2,2.8,5,0,13.0,797,0.667,5,895c6fa9be3c56fd,0.5,3,861,0.2,-5.3,6.0,127.9,2,Active,13,6,9,0.077,2
0.667,20.1,8.0,5,8.3,4,0,33.0,1295,0.667,5,b828755354e481bf,0.6,4,1302,0.2,24.9,6.0,98.1,4,Active,33,6,9,0.0,1
0.8,16.1,0.67,3,5.4,5,0,7.0,1285,0.8,5,dc8f69154619f2b4,0.8,5,1285,0.1,68.0,4.0,160.7,1,Active,7,4,5,0.0,1
0.833,17.0,5.0,5,0.6,5,0,6.0,1083,0.8,5,e7bf7d341e8eea79,1.0,5,1083,0.5,0.0,4.0,105.4,4,Active,6,4,6,0.0,1
0.233,45.0,0.15,1,222.4,3,1,8.0,1552,0.125,1,a3ab1fa71e18e928,1.0,5,1552,0.4,0.0,7.0,141.6,2,Active,8,7,30,0.0,1
0.455,64.3,0.83,3,8.5,4,0,9.0,916,0.455,3,3d75be24311a5b01,0.455,2,1105,0.3,-38.7,4.0,159.3,1,Active,9,4,11,0.333,3
0.157,33.7,2.64,5,441.7,3,0,19.0,1296,0.2,1,2659e0d42d843b5e,0.188,1,1325,0.0,40.4,7.0,112.2,4,Active,19,7,51,0.0,1
0.5,12.1,1.0,3,5.5,5,0,5.0,1375,0.5,3,00da44a8a7178e4a,0.5,3,1375,0.5,0.0,2.0,208.5,1,Active,5,2,4,0.0,1
0.61,69.1,3.1,5,4.9,5,0,6.0,1078,0.5,3,abd5a25ee0328266,0.615,4,1078,0.1,0.0,25.0,107.2,4,Active,6,25,41,0.0,1
0.5,26.3,1.0,3,5.0,5,0,9.0,1593,0.5,3,da301deee98073dd,0.4,1,1593,0.5,0.0,3.0,106.7,4,Active,9,3,6,0.0,1
1.0,46.5,1.0,3,0.0,5,0,195.0,1226,1.0,5,a5befe8ce15328d4,1.0,5,1532,0.4,9.1,2.0,65.9,5,Active,195,2,2,0.01,2
0.727,6.1,1.2,4,0.6,5,0,9.0,1190,0.727,5,6c9f08720b638177,0.75,5,1190,0.1,160.0,23.0,145.5,1,Active,9,23,33,0.0,1
0.5,18.8,1.0,3,1.8,5,0,11.0,1077,0.5,3,db7a49ab57201cd4,0.5,3,1154,0.2,79.7,1.0,144.3,1,Active,11,1,2,0.0,1
0.333,20.1,1.0,3,0.0,5,0,23.0,1167,0.333,2,bacfa69410a0a630,1.0,5,1182,0.0,32.0,2.0,103.1,4,Active,23,2,6,0.0,1
0.667,69.8,1.0,3,1.4,5,0,78.0,1989,0.667,5,068028a4e1ff70cb,0.75,5,1989,0.1,22.1,4.0,81.3,5,Active,78,4,6,0.0,1
0.75,45.0,0.33,2,0.4,5,1,88.0,1958,0.75,5,fa61b1f49fdcce68,0.75,5,2093,0.5,13.8,3.0,97.3,4,Active,88,3,4,0.0,1
0.6,44.9,0.25,1,0.2,5,1,7.0,1365,0.6,4,5166d1c9da358408,0.6,4,1472,0.3,0.0,3.0,172.9,1,Active,7,3,5,0.0,1
0.452,6.9,0.82,3,374.7,3,0,8.0,700,0.452,3,cad63206cff70ef8,0.481,3,826,0.0,-43.5,11.0,136.1,2,Active,8,11,31,0.25,3
0.462,18.4,1.17,4,10.5,4,0,9.0,923,0.462,3,16abaea7b1ab7341,0.25,1,923,0.3,11.5,5.0,116.9,3,Active,9,5,13,0.0,1
0.528,20.1,3.0,5,11.1,4,0,25.0,1166,0.364,2,9697f3c5a0a9c929,0.429,2,1166,0.0,21.1,17.0,100.3,4,Active,25,17,36,0.04,2
0.667,22.9,2.0,4,11.0,4,0,9.0,1005,0.667,5,b3f34ec2c14bf45e,0.667,5,1075,0.4,12.0,2.0,129.2,2,Active,9,2,3,0.0,1
0.7,11.8,4.0,5,0.7,5,0,10.0,2206,1.0,5,5395cc27a073cb8e,0.5,3,2206,0.2,0.0,7.0,185.0,1,Active,10,7,10,0.0,1
1.0,7.8,1.0,3,0.0,5,0,11.0,880,1.0,5,f5be270d94c34b4b,1.0,5,944,0.4,-18.0,2.0,131.3,2,Active,11,2,2,0.0,1
1.0,58.9,1.0,3,0.0,5,0,303.0,1384,1.0,5,d77e2e4aa67e0169,1.0,5,1671,0.2,4.4,6.0,58.8,5,Active,303,6,6,0.0,1
0.7,15.0,4.0,5,2.2,5,0,30.0,1673,0.7,5,fa2edc8bda0cb07d,0.857,5,1673,0.4,37.0,7.0,104.6,4,Active,30,7,10,0.0,1
0.6,37.3,1.5,4,4.5,5,0,6.0,1139,0.6,4,4fd85a38c79a47e9,0.6,4,1139,0.1,0.0,3.0,123.4,3,Active,6,3,5,0.0,1
0.909,18.0,0.57,2,0.5,5,0,39.0,1304,0.909,5,2cb4548495f5ec04,1.0,5,1341,0.2,16.8,9.0,94.0,5,Active,39,9,11,0.0,1
1.0,17.1,1.0,3,0.0,5,0,16.0,1087,1.0,5,62e160617510413c,1.0,5,1201,0.4,43.0,1.0,140.2,2,Active,16,1,1,0.0,1
0.5,20.7,3.0,5,16.2,4,0,5.0,962,0.5,3,b44fd18c9f95bd58,0.429,2,962,0.4,0.0,4.0,165.2,1,Active,5,4,8,0.0,1
0.769,17.0,0.3,2,2.5,5,1,67.0,1376,1.0,5,bde6e41e31a20290,0.667,5,1425,0.2,6.6,10.0,75.9,5,Active,67,10,13,0.0,1
0.5,52.3,1.86,4,70.7,4,0,48.0,1484,1.0,5,0c47ca0ed342259b,0.5,3,1643,0.1,24.8,10.0,90.2,5,Active,48,10,20,0.0,1
1.0,5.4,1.0,3,0.0,5,0,10.0,921,1.0,5,9a8110bba805b34a,1.0,5,959,0.2,29.0,1.0,131.0,2,Active,10,1,1,0.0,1
0.714,29.5,2.5,5,0.9,5,0,7.0,1272,0.5,3,ebe836e69f04e286,0.875,5,1371,0.1,0.0,10.0,175.1,1,Active,7,10,14,0.0,1
0.515,14.0,0.47,2,4.3,5,1,43.0,1620,0.458,3,8d195377ffcb9e12,0.6,4,1728,0.0,24.1,32.0,106.3,4,Active,43,32,66,0.047,2
0.857,24.1,0.4,2,1.0,5,1,68.0,1435,1.0,5,30297e6811fa717e,1.0,5,1500,0.2,10.2,12.0,85.2,5,Active,68,12,14,0.0,1
0.581,10.4,0.35,2,85.2,4,1,14.0,1161,1.0,5,9ea01db000313317,0.45,2,1161,0.1,52.0,18.0,111.0,4,Active,14,18,31,0.071,2
0.574,25.9,0.64,3,8.7,4,0,9.0,984,0.574,4,415724a3b05b8023,0.4,1,1041,0.1,8.0,31.0,147.3,1,Active,9,31,54,0.0,1
1.0,22.4,1.0,3,0.0,5,0,7.0,928,1.0,5,d4fc103ad61f9f06,1.0,5,978,0.3,0.0,1.0,123.2,3,Active,7,1,1,0.0,1
0.588,11.5,0.31,2,4.6,5,1,27.0,1065,0.588,4,a7ae055515fd7d39,0.571,4,1083,0.1,13.3,10.0,104.4,4,Active,27,10,17,0.037,2
0.449,8.3,0.82,3,3.2,5,0,10.0,1119,0.333,2,0a397f2214fc53f1,0.367,1,1119,0.0,16.8,31.0,155.1,1,Active,10,31,69,0.0,1
0.673,11.0,0.24,1,42.0,4,1,11.0,1395,0.8,5,8b1c41203088a9af,0.618,4,1418,0.0,71.0,29.0,157.5,1,Active,11,29,52,0.636,4
0.4,33.6,0.15,1,15.7,4,1,55.0,1607,0.4,3,11d1b982c90ba6f4,0.5,3,1652,0.2,21.6,6.0,83.0,5,Active,55,6,15,0.0,1
0.5,20.9,0.27,1,6.9,5,1,39.0,1220,0.5,3,b285937545fbfbfa,0.364,1,1270,0.2,10.6,7.0,89.3,5,Active,39,7,14,0.0,1
0.8,35.1,0.25,1,2.2,5,1,9.0,1281,0.8,5,908ba58c8430bfc7,0.75,5,1281,0.1,100.0,4.0,125.2,3,Active,9,4,5,0.0,1
0.263,54.5,0.36,2,2.7,5,1,16.0,1932,0.263,1,ca503870d8318450,0.357,1,1954,0.2,13.0,5.0,162.7,1,Active,16,5,19,0.0,1
0.5,41.9,0.2,1,132.6,3,1,23.0,1228,0.5,3,a98b5c24edf58b44,1.0,5,1250,0.3,-13.7,3.0,108.7,4,Active,23,3,6,0.0,1
0.5,7.8,0.5,2,1.3,5,0,16.0,1451,0.5,3,88e2fc0f4de336d8,0.5,3,1451,0.3,-8.0,3.0,122.7,3,Active,16,3,6,0.0,1
0.538,106.0,3.33,5,0.0,5,0,92.0,1551,0.538,4,1d0f5b196fb9a837,1.0,5,1955,0.0,-5.0,7.0,159.1,1,Active,92,7,13,0.0,1
0.548,21.4,0.68,3,31.4,4,0,21.0,1348,0.625,5,21b103b4ef191370,0.522,3,1373,0.0,9.6,38.0,133.3,2,Active,21,38,84,0.286,3
0.8,7.5,1.78,4,96.5,4,0,8.0,1045,1.0,5,543e55efeb9cdf67,0.889,5,1119,0.0,0.0,17.0,143.7,1,Active,8,17,25,0.0,1
0.5,28.0,1.0,3,5.3,5,0,9.0,844,0.5,3,7165c76fa02ffd27,0.5,3,864,0.3,2.0,1.0,126.5,3,Active,9,1,2,0.0,1
1.0,41.6,1.0,3,0.0,5,0,40.0,1186,1.0,5,57c9abcb15c744e7,1.0,5,1230,0.5,9.9,1.0,94.3,5,Active,40,1,1,0.0,1
0.97,9.8,1.54,4,0.0,5,0,12.0,1162,0.97,5,c598a649678a3bc2,1.0,5,1162,0.0,49.2,32.0,135.0,2,Active,12,32,33,0.25,3
0.476,8.7,0.24,1,2.0,5,1,5.0,980,0.476,3,44b321b229d5f3fd,0.538,3,980,0.2,0.0,10.0,104.9,4,Active,5,10,21,0.0,1
0.476,61.3,1.1,4,536.2,3,0,10.0,1012,0.2,1,e61a7daa73b218af,0.714,5,1012,0.2,20.0,10.0,119.6,3,Active,10,10,21,0.1,2
1.0,24.8,1.0,3,0.0,5,0,29.0,1096,1.0,5,d7ef6df10d239a5b,1.0,5,1096,0.3,2.0,1.0,99.6,4,Active,29,1,1,0.0,1
1.0,22.4,1.0,3,0.0,5,0,9.0,1204,1.0,5,5fc526fb9ee55a87,1.0,5,1204,0.4,0.0,1.0,123.5,3,Active,9,1,1,0.0,1
0.778,48.2,0.12,1,5.7,5,1,98.0,991,1.0,5,7efa163e363e645a,0.667,5,1488,0.2,0.1,7.0,77.6,5,Active,98,7,9,0.0,1
0.667,1.4,1.25,4,2.0,5,0,7.0,1210,0.667,5,b45cbd4a35de673d,0.647,5,1210,0.0,0.0,12.0,136.1,2,Active,7,12,18,0.0,1
0.4,23.7,1.5,4,0.5,5,0,5.0,833,0.4,3,149ff2bd5cb7f6c6,0.5,3,833,0.2,0.0,2.0,119.6,3,Active,5,2,5,0.0,1
0.556,22.7,0.2,1,4.2,5,1,48.0,1441,0.556,4,e4861525b38e185a,1.0,5,1627,0.2,27.4,10.0,106.7,4,Active,48,10,18,0.0,1
0.429,22.1,1.33,4,0.0,5,0,13.0,1102,0.429,3,87c9a97bb74f6d0d,1.0,5,1133,0.4,16.0,3.0,126.7,3,Active,13,3,7,0.0,1
1.0,30.4,1.0,3,0.0,5,0,119.0,1938,1.0,5,c423b21ad48d8850,1.0,5,1938,0.4,16.9,1.0,74.6,5,Active,119,1,1,0.0,1
0.591,28.9,3.4,5,2.4,5,0,37.0,1778,0.5,3,8aee332130c007b6,0.625,4,1929,0.0,21.9,13.0,122.0,3,Active,37,13,22,0.027,2
0.429,14.8,0.56,2,8.7,4,0,6.0,994,0.429,3,a6350e892726994b,0.4,1,994,0.1,0.0,5.0,119.7,3,Active,6,5,14,0.0,1
0.623,14.6,0.4,2,19.1,4,1,20.0,1020,0.458,3,b79963b170ae5d09,0.609,4,1020,0.2,14.7,76.0,99.6,4,Active,20,76,122,0.0,1
1.0,68.5,0.67,3,0.0,5,0,12.0,820,1.0,5,a8d14fdcd8a048ae,1.0,5,820,0.0,-1.2,5.0,117.5,3,Active,12,5,5,0.0,1
0.7,27.3,0.67,3,7.0,5,0,122.0,1306,0.7,5,a3e7ea543c6a8fa3,0.6,4,1670,0.2,6.3,7.0,68.7,5,Active,122,7,10,0.0,1
0.421,13.2,2.8,5,183.3,3,0,5.0,1117,1.0,5,e4d355fd3d1fd6ff,0.571,4,1117,0.2,0.0,8.0,101.8,4,Active,5,8,19,0.0,1
1.0,9.1,1.0,3,0.0,5,0,13.0,855,1.0,5,e33271c2cae1174b,1.0,5,1136,0.4,-15.5,1.0,142.0,2,Active,13,1,1,0.0,1
1.0,51.9,1.0,3,0.0,5,0,35.0,1603,1.0,5,6c0306ced03f5def,1.0,5,1818,0.5,6.1,1.0,106.4,4,Active,35,1,1,0.0,1
0.556,10.8,1.4,4,3.1,5,0,6.0,1522,0.0,1,874c1f873aa8add5,0.6,4,1522,0.1,0.0,20.0,106.3,4,Active,6,20,36,0.0,1
0.429,35.3,1.33,4,0.0,5,0,44.0,1264,1.0,5,f448b7baf0582989,0.333,1,1264,0.4,21.3,3.0,91.0,5,Active,44,3,7,0.0,1
0.444,21.4,8.0,5,17.9,4,0,10.0,1221,0.444,3,e20306913cab32f7,0.0,1,1221,0.2,7.5,4.0,141.7,2,Active,10,4,9,0.0,1
1.0,34.3,1.0,3,0.0,5,0,56.0,1625,1.0,5,b1b6e6d893382ccb,1.0,5,1625,0.1,6.4,1.0,82.4,5,Active,56,1,1,0.0,1
0.346,7.6,0.62,2,1016.2,2,0,25.0,1747,0.0,1,4796ffb2d44108da,0.333,1,1785,0.2,41.5,9.0,129.6,2,Active,25,9,26,0.08,2
0.833,14.2,1.0,3,2.4,5,0,13.0,1259,0.833,5,3766228737b89eb6,0.8,5,1259,0.4,62.7,5.0,128.3,2,Active,13,5,6,0.0,1
0.667,8.7,2.0,4,0.0,5,0,27.0,600,0.667,5,2a762d903ff3f18c,0.667,5,981,0.4,-11.8,2.0,103.1,4,Active,27,2,3,0.0,1
1.0,22.3,1.0,3,0.0,5,0,8.0,971,1.0,5,f8dab913faf869cd,1.0,5,1060,0.2,30.0,1.0,138.2,2,Active,8,1,1,0.0,1
0.529,17.9,0.62,2,27.6,4,0,46.0,1211,0.0,1,4abd27458bf50df0,0.556,4,1211,0.2,1.8,18.0,81.6,5,Active,46,18,34,0.022,2
1.0,8.6,1.0,3,0.0,5,0,6.0,821,1.0,5,beca2932e267f35e,1.0,5,855,0.4,0.0,1.0,136.1,2,Active,6,1,2,0.0,1
1.0,35.7,1.0,3,0.0,5,0,46.0,1154,1.0,5,10de8ef6003ff0f1,1.0,5,1254,0.2,8.3,1.0,96.9,4,Active,46,1,1,0.0,1
0.75,28.5,3.0,5,0.4,5,0,13.0,1192,0.75,5,ea3afced12760a1c,0.667,5,1208,0.0,-7.0,3.0,104.4,4,Active,13,3,4,0.0,1
0.6,69.2,0.25,1,2.0,5,1,15.0,1081,1.0,5,47694b4c29837dd5,0.5,3,1081,0.5,21.2,3.0,123.0,3,Active,15,3,5,0.0,1
1.0,22.6,1.0,3,0.0,5,0,39.0,1412,1.0,5,2ec831d463664e4c,1.0,5,1527,0.4,22.5,8.0,82.0,5,Active,39,8,8,0.0,1
0.486,10.3,1.33,4,2.8,5,0,7.0,1069,1.0,5,5e21cff49baeef65,0.556,4,1069,0.0,18.0,17.0,114.5,3,Active,7,17,35,0.0,1
1.0,36.6,0.67,3,0.0,5,0,32.0,1824,1.0,5,af4e54f746b6cfbf,1.0,5,1824,0.2,9.3,5.0,98.7,4,Active,32,5,5,0.0,1
0.75,36.1,1.0,3,3.5,5,0,6.0,980,0.75,5,2fa5eaaa6547bf25,0.75,5,980,0.4,0.0,3.0,118.9,3,Active,6,3,4,0.0,1
0.375,14.8,7.0,5,0.0,5,0,18.0,822,0.375,2,b5629243dc74449f,0.375,1,923,0.3,8.0,3.0,114.2,3,Active,18,3,8,0.0,1
0.308,7.1,0.18,1,9.6,4,1,5.0,1005,0.308,2,9859c33467459893,0.3,1,1005,0.2,0.0,4.0,109.3,4,Active,5,4,13,0.0,1
0.5,10.6,1.0,3,13.9,4,0,12.0,1053,0.5,3,04b09317c1ecd201,0.5,3,1115,0.4,5.0,2.0,136.1,2,Active,12,2,4,0.0,1
0.818,19.7,0.83,3,1.2,5,0,14.0,1234,0.5,3,297daeb563fffe0d,0.875,5,1234,0.4,44.0,8.0,120.9,3,Active,14,8,11,0.071,2
0.441,9.9,1.12,4,3.0,5,0,8.0,1062,0.5,3,7f9f7945e9e40e6d,0.375,1,1105,0.1,-16.0,15.0,150.4,1,Active,8,15,34,0.0,1
0.348,31.7,0.15,1,12.6,4,1,20.0,1123,0.348,2,2119f0a84ebe6fd2,0.5,3,1123,0.2,23.3,16.0,91.1,5,Active,20,16,46,0.0,1
0.25,21.7,0.25,1,5.2,5,1,51.0,1226,0.25,1,d43b8e6c4a0c8795,0.667,5,1470,0.3,-3.5,5.0,100.2,4,Active,51,5,20,0.0,1
0.533,22.0,0.25,1,6.6,5,1,10.0,1188,0.0,1,e239558523c7b17e,0.556,4,1188,0.2,52.0,8.0,121.3,3,Active,10,8,15,0.1,2
0.5,59.2,1.29,4,165.0,3,0,19.0,1847,0.333,2,6715f0dabe42c4ba,1.0,5,1847,0.1,54.0,6.0,126.8,3,Active,19,6,16,0.158,3
0.462,58.5,0.08,1,14.3,4,1,120.0,1389,0.462,3,6f3371589df25f54,0.571,4,1755,0.3,8.0,6.0,74.9,5,Active,120,6,13,0.0,1
0.44,7.2,0.3,2,5.3,5,1,10.0,1079,0.273,1,82e7b1611bb67919,0.442,2,1141,0.2,15.5,40.0,140.5,2,Active,10,40,91,0.0,1
0.625,23.2,1.67,4,3.3,5,0,40.0,1481,0.625,5,5d18e36e31963bbc,1.0,5,1481,0.4,8.7,5.0,96.2,4,Active,40,5,8,0.0,1
1.0,22.2,2.0,4,0.0,5,0,44.0,1392,1.0,5,6efae538ea180de2,1.0,5,1395,0.2,10.5,3.0,83.4,5,Active,44,3,3,0.0,1
0.778,62.7,0.29,2,1.7,5,1,30.0,895,0.778,5,d40629fe9090e420,0.667,5,1064,0.2,10.2,7.0,109.7,4,Active,30,7,9,0.0,1
0.5,4.0,0.14,1,5.1,5,1,6.0,920,0.5,3,4260eb39ed156724,0.429,2,920,0.2,0.0,4.0,129.6,2,Active,6,4,8,0.0,1
1.0,19.4,2.0,4,0.0,5,0,36.0,1088,1.0,5,84a4eafeba60fd84,1.0,5,1246,0.4,9.5,3.0,84.4,5,Active,36,3,3,0.0,1
0.417,29.3,0.33,2,95.1,4,1,6.0,953,0.417,3,9b599f73235ec3df,0.417,2,953,0.0,0.0,5.0,128.7,2,Active,6,5,12,0.0,1
0.5,5.2,0.43,2,42.6,4,1,5.0,923,0.5,3,31617912c51b04f4,0.667,5,923,0.4,0.0,5.0,133.1,2,Active,5,5,10,0.2,3
0.5,77.4,0.71,3,6.1,5,0,31.0,1222,0.5,3,447c91c649913555,0.75,5,1404,0.4,-24.4,6.0,257.4,1,Active,31,6,12,0.0,1
0.48,5.3,1.08,4,8.2,4,0,5.0,975,0.48,3,5678c57caa99824b,0.412,2,975,0.2,0.0,12.0,111.4,4,Active,5,12,25,0.0,1
0.25,24.1,3.0,5,0.0,5,0,9.0,1429,0.25,1,bd96b32eacbe1241,0.25,1,1429,0.0,47.0,1.0,138.1,2,Active,9,1,4,0.0,1
1.0,31.3,1.0,3,0.0,5,0,11.0,947,1.0,5,d4ba204286f8f018,1.0,5,964,0.5,7.0,2.0,117.4,3,Active,11,2,2,0.0,1
0.853,23.1,1.27,4,0.9,5,0,12.0,1736,1.0,5,7af7b1ec68e59bbd,0.818,5,1736,0.0,0.0,29.0,202.0,1,Active,12,29,34,0.0,1
1.0,7.5,1.0,3,0.0,5,0,9.0,788,1.0,5,c9bc2394b6fdca63,1.0,5,900,0.3,-8.7,1.0,132.2,2,Active,9,1,1,0.0,1
1.0,47.3,1.0,3,0.0,5,0,6.0,1797,1.0,5,9df498ba7a6f58d7,1.0,5,1797,0.3,0.0,2.0,131.7,2,Active,6,2,2,0.0,1
0.444,20.2,2.0,4,4755.2,1,0,42.0,1403,0.444,3,062acfbc044ee1cf,0.4,1,1431,0.1,15.1,3.0,98.3,4,Active,42,3,9,0.0,1
0.8,114.6,0.67,3,0.0,5,0,234.0,1321,0.8,5,ed8fd662bb70a639,1.0,5,1871,0.4,-1.2,4.0,112.1,4,Active,234,4,5,0.0,1
0.182,27.9,0.1,1,0.0,5,1,18.0,1145,1.0,5,28986220c29d8e73,0.0,1,1145,0.1,30.7,2.0,112.1,4,Active,18,2,11,0.0,1
0.667,29.4,0.5,2,8.9,4,0,22.0,1067,0.667,5,1b2e0c6d89135bb1,1.0,5,1093,0.1,-1.4,2.0,103.5,4,Active,22,2,3,0.0,1
0.536,5.0,0.56,2,3.8,5,0,6.0,1183,0.536,4,ffc2617b4e222a70,0.571,4,1183,0.3,0.0,15.0,128.8,2,Active,6,15,28,0.0,1
1.0,6.0,1.0,3,0.0,5,0,7.0,921,1.0,5,7c44d19f689e0561,1.0,5,921,0.4,31.0,1.0,126.1,3,Active,7,1,1,0.0,1
0.48,2.9,0.47,2,1.3,5,1,7.0,1018,0.125,1,605793a969226aad,0.409,2,1102,0.4,0.0,12.0,160.3,1,Active,7,12,25,0.143,3
0.651,20.7,2.58,5,26.3,4,0,51.0,1173,1.0,5,704e84a3ecdb13b2,0.583,4,1173,0.0,2.9,28.0,72.0,5,Active,51,28,43,0.039,2
1.0,16.9,1.0,3,0.0,5,0,7.0,910,1.0,5,ff5c69bd4675d3e9,1.0,5,911,0.0,0.0,1.0,127.7,2,Active,7,1,2,0.0,1
0.632,87.3,0.46,2,5.4,5,1,140.0,1822,0.632,5,6e6de4370caa59d7,0.636,4,2336,0.2,-2.7,8.0,151.3,1,Active,140,8,19,0.0,1
1.0,29.2,1.0,3,0.0,5,0,37.0,1309,1.0,5,8877b94310621036,1.0,5,1309,0.4,14.2,1.0,89.0,5,Active,37,1,1,0.0,1
0.182,33.2,4.5,5,8.0,4,0,7.0,917,0.182,1,89f6012b7d32d946,0.182,1,973,0.4,0.0,2.0,125.6,3,Active,7,2,11,0.0,1
0.25,19.9,1.4,4,15.2,4,0,23.0,1150,0.25,1,e5985831ef22765c,0.25,1,1150,0.1,10.5,3.0,92.4,5,Active,23,3,12,0.0,1
0.625,20.4,0.6,2,7.6,5,0,22.0,1459,0.625,5,4f5aef31841fd501,0.571,4,1519,0.4,18.4,5.0,100.3,4,Active,22,5,8,0.0,1
0.667,6.2,2.0,4,7.7,5,0,9.0,755,0.667,5,8ab7e0a17bd68dbc,0.625,4,928,0.4,-64.5,6.0,144.3,1,Active,9,6,9,0.111,2
1.0,38.1,1.0,3,0.0,5,0,22.0,1353,1.0,5,030b1fca65375cd0,1.0,5,1448,0.4,2.5,1.0,105.5,4,Active,22,1,1,0.0,1
0.125,78.1,1.67,4,2.4,5,0,15.0,1224,0.125,1,be39116447e41c91,0.333,1,1224,0.3,25.7,1.0,133.3,2,Active,15,1,8,0.0,1
0.4,5.2,0.25,1,2.7,5,1,5.0,932,0.4,3,007122cf9606cbe9,0.4,1,932,0.4,0.0,2.0,124.2,3,Active,5,2,5,0.0,1
1.0,18.4,0.33,2,0.0,5,1,51.0,1573,1.0,5,cc78f5bf4de5b589,1.0,5,1573,0.2,22.5,4.0,87.2,5,Active,51,4,4,0.0,1
0.5,14.7,1.0,3,1.8,5,0,9.0,938,0.5,3,fe17d951bc8c1a41,0.5,3,976,0.3,-6.3,1.0,136.9,2,Active,9,1,2,0.0,1
0.429,16.0,0.24,1,0.4,5,1,9.0,1255,1.0,5,c409d9f18ce5a468,0.308,1,1255,0.2,35.0,9.0,126.1,3,Active,9,9,21,0.0,1
1.0,35.0,0.33,2,0.0,5,1,91.0,1412,1.0,5,9a5c48233b0de39d,1.0,5,1576,0.4,-0.7,4.0,66.7,5,Active,91,4,4,0.0,1
0.091,39.7,0.22,1,304.5,3,1,47.0,1651,0.091,1,210a2f2224c79d72,0.091,1,1707,0.0,8.3,1.0,91.5,5,Active,47,1,11,0.0,1
0.585,6.5,0.89,3,2.7,5,0,14.0,1002,1.0,5,85520cd3981109e7,0.485,3,1002,0.0,17.8,23.0,120.2,3,Active,14,23,53,0.214,3
0.5,27.2,3.0,5,0.0,5,0,20.0,1664,0.5,3,02c48cf35b45f23a,1.0,5,1664,0.4,71.3,2.0,110.9,4,Active,20,2,4,0.0,1
1.0,15.3,0.33,2,0.0,5,1,12.0,737,1.0,5,06fc35482c9ce5f4,1.0,5,803,0.4,-14.0,4.0,124.3,3,Active,12,4,4,0.0,1
0.5,47.4,1.0,3,0.6,5,0,57.0,1808,0.5,3,d70a8285ad2ead56,0.5,3,1818,0.2,19.4,1.0,94.2,5,Active,57,1,2,0.0,1
0.5,8.2,0.43,2,4.0,5,1,7.0,1033,1.0,5,73fa77a357c75284,0.333,1,1033,0.1,0.0,10.0,141.0,2,Active,7,10,20,0.0,1
0.4,9.8,0.25,1,0.0,5,1,10.0,1015,0.4,3,90c1376e6e095f7f,0.4,1,1099,0.4,29.0,2.0,133.7,2,Active,10,2,5,0.0,1
0.778,8.4,1.25,4,1.0,5,0,10.0,1264,0.5,3,9cc8ac9ccbd3accf,0.889,5,1287,0.1,41.0,14.0,124.6,3,Active,10,14,18,0.0,1
0.667,49.7,2.0,4,0.0,5,0,111.0,1200,0.667,5,9cd8a4150e3d846f,1.0,5,1433,0.5,5.1,2.0,75.9,5,Active,111,2,3,0.0,1
0.182,46.0,0.22,1,266.5,3,1,7.0,715,0.182,1,30912a4329d5ee7e,0.182,1,838,0.4,-59.0,2.0,143.0,2,Active,7,2,11,0.143,3
0.875,40.7,0.14,1,1.8,5,1,79.0,1693,0.875,5,97e5466f7193a768,1.0,5,1713,0.3,8.0,7.0,70.1,5,Active,79,7,8,0.0,1
1.0,21.5,1.33,4,0.0,5,0,35.0,1476,1.0,5,f843b61329766112,1.0,5,1476,0.2,40.8,7.0,94.5,5,Active,35,7,7,0.0,1
1.0,7.3,2.0,4,0.0,5,0,14.0,627,1.0,5,b667f0dceba75316,1.0,5,787,0.1,-18.0,2.0,125.1,3,Active,14,2,3,0.0,1
0.333,16.2,2.0,4,0.0,5,0,12.0,848,0.333,2,fe2af8859ec32428,0.333,1,1007,0.4,-32.0,1.0,130.5,2,Active,12,1,3,0.0,1
0.5,11.8,0.2,1,5.4,5,1,17.0,1298,0.5,3,ef3c8f9b6f10579a,1.0,5,1298,0.3,57.6,3.0,136.3,2,Active,17,3,6,0.0,1
0.6,21.4,4.0,5,3.5,5,0,29.0,1668,0.6,4,fc5e254114d2cd9c,0.5,3,1687,0.2,9.8,6.0,90.2,5,Active,29,6,10,0.0,1
0.545,26.1,1.69,4,40.7,4,0,25.0,1590,0.368,2,84f85c8977f0efb0,0.774,5,1726,0.0,26.9,65.0,140.8,2,Active,25,65,121,0.2,3
1.0,41.4,1.5,4,0.0,5,0,7.0,1460,1.0,5,d5826036dc34771d,1.0,5,1460,0.0,0.0,5.0,124.1,3,Active,7,5,5,0.0,1
0.8,14.8,4.0,5,0.0,5,0,18.0,819,0.8,5,2d8179f8fc97d3b0,0.8,5,1019,0.4,-16.3,4.0,125.4,3,Active,18,4,5,0.0,1
0.5,3.2,0.43,2,388.1,3,1,7.0,1035,0.5,3,c91bce2a78ba84d5,0.412,2,1082,0.2,0.0,10.0,150.8,1,Active,7,10,20,0.143,3
0.667,25.0,2.0,4,42.6,4,0,6.0,1043,0.667,5,528a83c1905344ae,0.5,3,1043,0.0,0.0,4.0,119.7,3,Active,6,4,6,0.0,1
1.0,15.6,0.5,2,0.0,5,0,5.0,1735,1.0,5,e75d0649abbc3548,1.0,5,1735,0.2,105.0,3.0,276.3,1,Active,5,3,3,0.0,1
1.0,5.3,1.0,3,0.0,5,0,8.0,850,1.0,5,0a104c2bd623bc7b,1.0,5,900,0.5,0.0,1.0,126.8,3,Active,8,1,1,0.0,1
0.556,6.8,0.8,3,915.7,2,0,17.0,968,0.556,4,d92baaf4862ec37c,0.429,2,1101,0.2,25.0,5.0,125.3,3,Active,17,5,9,0.059,2
0.8,51.2,9.0,5,0.4,5,0,153.0,1712,1.0,5,98d17c5a09eedc36,0.8,5,2243,0.2,-2.5,8.0,83.4,5,Active,153,8,10,0.0,1
0.619,33.4,0.35,2,5.6,5,1,110.0,1784,0.6,4,797ed0a3fd3dcac3,0.591,4,1803,0.1,22.0,25.0,70.9,5,Active,110,25,42,0.0,1
0.654,21.2,1.17,4,13.0,4,0,39.0,1180,0.5,3,78b443b2870052ae,0.6,4,1335,0.0,-6.5,16.0,86.1,5,Active,39,16,26,0.026,2
0.408,9.9,0.73,3,25.6,4,0,14.0,1356,0.4,3,b63bce1677d5f42e,0.444,2,1406,0.0,40.2,30.0,147.2,1,Active,14,30,76,0.0,1
0.667,14.5,3.0,5,1.5,5,0,26.0,1200,0.667,5,121fe1011969c30f,0.714,5,1309,0.3,-0.1,8.0,91.1,5,Active,26,8,12,0.0,1
0.022,18.3,0.55,2,24.8,4,0,13.0,1118,0.0,1,51d2f31924af841d,0.034,1,1118,0.5,56.0,1.0,138.3,2,Active,13,1,45,0.0,1
0.222,36.1,0.29,2,57.2,4,1,24.0,1035,0.5,3,6074d3ba44546556,0.5,3,1124,0.1,1.3,2.0,95.1,5,Active,24,2,9,0.0,1
0.625,17.1,3.0,5,411.5,3,0,20.0,1346,0.625,5,a4e8e8a6c8a62f46,1.0,5,1346,0.1,41.1,10.0,115.3,3,Active,20,10,16,0.0,1
0.947,7.9,0.58,2,0.6,5,0,13.0,984,1.0,5,64bc1de72fc64b57,1.0,5,1029,0.0,47.0,18.0,121.5,3,Active,13,18,19,0.0,1
0.8,32.3,0.43,2,0.0,5,1,17.0,1177,1.0,5,eee4b2f44631c54c,0.667,5,1206,0.2,50.2,8.0,113.7,3,Active,17,8,10,0.0,1
0.571,5.0,0.17,1,12.9,4,1,19.0,1021,0.571,4,e8749ff856fa4afd,0.5,3,1115,0.2,-2.4,4.0,123.2,3,Active,19,4,7,0.0,1
0.529,7.2,0.62,2,16.8,4,0,5.0,928,0.529,4,a1043761a684dfe6,0.611,4,928,0.1,0.0,18.0,115.7,3,Active,5,18,34,0.0,1
0.421,30.1,2.45,5,111.7,3,0,29.0,1053,0.5,3,daeef9fd11eda3c5,0.526,3,1150,0.0,12.9,16.0,101.2,4,Active,29,16,38,0.034,2
0.5,4.5,0.5,2,10.6,4,0,17.0,1098,0.5,3,5b25f3261be121b8,0.5,3,1268,0.4,-26.0,3.0,137.0,2,Active,17,3,6,0.0,1
0.429,85.3,0.4,2,391.6,3,1,43.0,1518,0.429,3,83c3ad95b10ca150,0.556,4,1633,0.0,10.8,6.0,227.3,1,Active,43,6,14,0.0,1
0.386,6.4,0.1,1,87.8,4,1,17.0,741,0.386,2,280a0c58123f3267,0.429,2,1031,0.0,-27.0,22.0,126.1,3,Active,17,22,57,0.176,3
0.333,57.9,0.5,2,4.8,5,0,98.0,1195,0.333,2,0d1b3b118e8be009,0.333,1,1327,0.3,0.5,1.0,76.0,5,Active,98,1,3,0.0,1
0.875,11.0,1.67,4,0.0,5,0,12.0,664,0.875,5,7f04894a3c9f9658,1.0,5,880,0.1,-11.0,7.0,130.1,2,Active,12,7,8,0.167,3
0.457,9.0,1.12,4,300.3,3,0,17.0,895,0.6,4,9b8f8cdfc6be2128,0.439,2,1008,0.0,-1.6,32.0,115.9,3,Active,17,32,70,0.118,2
0.368,51.9,0.12,1,18.0,4,1,10.0,1195,0.368,2,ed256455ec2e3c5d,0.368,1,1195,0.1,33.5,6.0,145.6,1,Active,10,6,19,0.0,1
0.375,17.6,3.0,5,25.9,4,0,5.0,815,0.375,2,f208ba2932d65715,0.333,1,815,0.1,0.0,3.0,121.3,3,Active,5,3,8,0.0,1
0.591,34.0,1.0,3,59.3,4,0,12.0,788,0.591,4,15684bbe56cbff85,0.714,5,890,0.0,-14.8,13.0,129.8,2,Active,12,13,22,0.0,1
0.273,40.6,6.33,5,282.0,3,0,28.0,1185,0.273,1,e06da8a68520e35f,0.364,1,1373,0.4,-1.6,5.0,111.6,4,Active,28,5,22,0.107,2
1.0,11.9,1.0,3,0.0,5,0,9.0,789,1.0,5,99753e1795db2f1b,1.0,5,1000,0.5,-58.0,2.0,141.6,2,Active,9,2,2,0.111,2
1.0,7.6,1.0,3,0.0,5,0,5.0,1051,1.0,5,8ba728de89ca709b,1.0,5,1051,0.5,0.0,2.0,110.3,4,Active,5,2,2,0.0,1
0.371,84.5,0.52,2,343.7,3,0,31.0,1108,0.667,5,6a037828ae5d24bc,0.4,1,1332,0.1,28.1,13.0,117.2,3,Active,31,13,35,0.0,1
1.0,23.5,1.0,3,0.0,5,0,5.0,942,1.0,5,41900ba9087eeeef,1.0,5,942,0.5,0.0,1.0,110.3,4,Active,5,1,1,0.2,3
1.0,12.8,2.0,4,0.0,5,0,14.0,1023,1.0,5,c8e4d46a4c833868,1.0,5,1157,0.5,-2.2,3.0,128.5,2,Active,14,3,3,0.071,2
0.857,5.7,0.4,2,0.0,5,1,14.0,1015,0.857,5,6ca07de9a8adef4b,1.0,5,1093,0.2,-1.3,6.0,127.3,3,Active,14,6,7,0.0,1
0.571,9.7,1.33,4,5.2,5,0,10.0,923,0.571,4,a44327bc7e341686,0.538,3,939,0.0,12.0,8.0,125.3,3,Active,10,8,14,0.0,1
0.6,18.1,1.5,4,9.7,4,0,17.0,1195,0.6,4,febd6ed165ec3a7f,0.6,4,1258,0.4,-4.8,3.0,121.9,3,Active,17,3,5,0.0,1
0.647,9.0,0.7,3,287.0,3,0,17.0,1071,0.647,5,60a2c834f16be637,0.714,5,1133,0.0,20.4,10.0,120.2,3,Active,17,10,17,0.059,2
0.8,15.8,0.67,3,3.5,5,0,13.0,1323,0.8,5,7647d9924c1ac834,0.8,5,1323,0.4,23.8,4.0,133.3,2,Active,13,4,5,0.0,1
0.444,8.6,0.8,3,3.2,5,0,11.0,822,0.444,3,5ac90cfe7ad5c8ca,0.444,2,955,0.1,-15.3,4.0,144.0,1,Active,11,4,9,0.0,1
0.607,26.9,0.75,3,8.6,4,0,7.0,1098,0.429,3,fc773cab4648977a,0.667,5,1126,0.1,0.0,16.0,155.8,1,Active,7,16,28,0.0,1
0.833,19.3,5.0,5,0.7,5,0,34.0,1682,0.833,5,f19e4a644b90d42b,1.0,5,1746,0.2,8.7,5.0,100.9,4,Active,34,5,6,0.0,1
0.684,18.5,1.38,4,1453.2,2,0,22.0,1039,0.684,5,2d7f9bb7a9af7025,0.667,5,1104,0.0,3.3,13.0,121.4,3,Active,22,13,19,0.0,1
1.0,9.8,1.0,3,0.0,5,0,21.0,933,1.0,5,e75b48b54fcd1384,1.0,5,970,0.4,-8.8,2.0,105.0,4,Active,21,2,2,0.0,1
0.643,23.2,0.56,2,137.9,3,0,13.0,1049,0.5,3,c5409418cf9c519e,1.0,5,1067,0.2,23.2,9.0,119.4,3,Active,13,9,14,0.0,1
0.5,20.4,1.0,3,26.7,4,0,22.0,1060,0.5,3,7416dd539a8c0828,0.5,3,1116,0.5,26.6,1.0,96.5,4,Active,22,1,2,0.0,1
0.615,7.8,0.44,2,2.3,5,1,8.0,1182,0.333,2,eb5a402eb6389247,0.6,4,1186,0.2,0.0,8.0,120.5,3,Active,8,8,13,0.25,3
1.0,5.2,1.0,3,0.0,5,0,7.0,1149,1.0,5,dbe2974a35f18085,1.0,5,1233,0.4,0.0,2.0,168.9,1,Active,7,2,2,0.143,3
0.682,21.2,0.47,2,69.1,4,1,18.0,1363,0.682,5,519854ca973165be,0.647,5,1434,0.0,-23.0,15.0,96.2,4,Active,18,15,22,0.0,1
0.833,36.6,0.71,3,0.2,5,0,44.0,1423,0.833,5,b265a12575f63f8d,0.778,5,1423,0.2,10.5,10.0,90.4,5,Active,44,10,12,0.0,1
1.0,8.8,1.0,3,0.0,5,0,9.0,820,1.0,5,3c872a613f2891f7,1.0,5,969,0.3,-46.5,1.0,145.1,1,Active,9,1,1,0.0,1
0.6,1.7,0.67,3,4.5,5,0,5.0,983,0.0,1,da5d62ce6917c7cb,0.643,5,983,0.0,0.0,21.0,140.0,2,Active,5,21,35,0.0,1
0.733,8.6,0.92,3,1.0,5,0,19.0,1614,0.714,5,e618ae9b6fa08e18,0.675,5,1614,0.0,26.0,55.0,126.6,3,Active,19,55,75,0.0,1
0.778,2.3,0.5,2,1.5,5,0,12.0,1133,0.778,5,19dc53e6620f0691,0.667,5,1177,0.2,44.0,7.0,125.4,3,Active,12,7,9,0.0,1
0.5,21.2,1.0,3,22.2,4,0,17.0,1198,0.5,3,a219c8b1749e5f6e,0.5,3,1198,0.0,14.5,1.0,110.3,4,Active,17,1,2,0.0,1
1.0,23.8,2.0,4,0.0,5,0,5.0,962,1.0,5,d5cb51d2265cec1d,1.0,5,962,0.4,0.0,3.0,121.2,3,Active,5,3,3,0.0,1
0.615,22.1,0.44,2,4.7,5,1,7.0,1161,0.0,1,300671599d739228,0.778,5,1161,0.4,0.0,8.0,109.1,4,Active,7,8,13,0.0,1
1.0,56.1,1.0,3,0.0,5,0,33.0,1205,1.0,5,8060a59c9b37e535,1.0,5,1205,0.5,9.2,1.0,91.5,5,Active,33,1,1,0.0,1
0.286,14.5,0.75,3,20.7,4,0,17.0,1167,0.286,1,c12b1fbaec159360,1.0,5,1360,0.5,-8.7,2.0,134.9,2,Active,17,2,7,0.0,1
0.833,5.7,1.0,3,0.0,5,0,11.0,1025,0.833,5,407dd8fac89ca715,0.8,5,1121,0.3,-11.0,5.0,145.1,1,Active,11,5,6,0.0,1
0.6,21.0,1.5,4,1.3,5,0,23.0,1422,0.6,4,d44701a9757b55bc,0.667,5,1535,0.3,6.6,3.0,121.6,3,Active,23,3,5,0.0,1
1.0,41.5,1.0,3,0.0,5,0,47.0,1263,1.0,5,1570b1fd024a54cd,1.0,5,1330,0.3,21.9,1.0,79.2,5,Active,47,1,1,0.0,1
0.6,9.8,1.5,4,3.9,5,0,7.0,996,0.6,4,936d8f390bdf9788,0.6,4,1099,0.4,-47.0,3.0,144.3,1,Active,7,3,5,0.0,1
0.667,41.5,0.29,2,120.3,3,1,32.0,1145,0.667,5,4fd7be751ce8acb6,0.833,5,1230,0.3,19.2,6.0,105.9,4,Active,32,6,9,0.0,1
1.0,28.8,1.0,3,0.0,5,0,32.0,1150,1.0,5,2a2de41b4694254f,1.0,5,1223,0.4,19.0,1.0,97.6,4,Active,32,1,1,0.0,1
0.857,10.1,0.4,2,0.0,5,1,12.0,804,0.857,5,f159bc4e3e0bd890,1.0,5,946,0.2,-7.3,6.0,145.6,1,Active,12,6,7,0.0,1
0.667,20.8,2.0,4,0.9,5,0,7.0,912,0.667,5,547767d5cfed43a7,1.0,5,934,0.1,0.0,2.0,138.3,2,Active,7,2,3,0.0,1
0.556,21.5,0.5,2,7.2,5,0,65.0,1398,1.0,5,96b7cbd8b3eaefa6,0.643,5,1543,0.2,15.3,15.0,84.4,5,Active,65,15,27,0.015,2
0.389,18.5,0.38,2,3.2,5,1,23.0,1068,0.0,1,57709511e089f170,0.545,4,1146,0.4,16.0,7.0,118.1,3,Active,23,7,18,0.0,1
0.714,34.6,6.0,5,281.4,3,0,99.0,1364,0.714,5,88cc31b1414be890,1.0,5,1429,0.1,8.2,10.0,80.0,5,Active,99,10,14,0.0,1
0.083,7.2,1.0,3,96.7,4,0,5.0,1502,0.083,1,4138c22def311ebd,0.083,1,1502,0.3,0.0,1.0,165.3,1,Active,5,1,12,0.0,1
0.31,72.9,1.42,4,679.6,3,0,51.0,1338,0.062,1,c344d4fe3d27aa63,0.833,5,1535,0.0,28.2,9.0,89.9,5,Active,51,9,29,0.0,1
0.9,13.3,0.67,3,1.4,5,0,16.0,1550,0.9,5,c4e1c7e4b1c49a37,0.857,5,1550,0.2,40.0,9.0,113.4,3,Active,16,9,10,0.0,1
0.667,15.4,0.2,1,0.8,5,1,9.0,1107,1.0,5,0e51f097c2c20b29,0.667,5,1163,0.1,11.0,8.0,157.0,1,Active,9,8,12,0.0,1
0.5,33.7,0.5,2,14.2,4,0,26.0,1211,0.5,3,870ad5a8b0529b8c,0.5,3,1309,0.4,9.0,4.0,108.2,4,Active,26,4,12,0.077,2
0.333,32.5,1.25,4,1233.7,2,0,23.0,1077,0.0,1,4587cfc1430670bf,0.714,5,1328,0.0,-11.7,6.0,136.6,2,Active,23,6,18,0.043,2
1.0,22.0,1.0,3,0.0,5,0,31.0,1366,1.0,5,20e7a05822ea5a6b,1.0,5,1422,0.4,21.8,1.0,95.4,5,Active,31,1,1,0.0,1
0.692,20.2,0.24,1,6.3,5,1,32.0,1547,1.0,5,ad716214dedb29a9,0.846,5,1547,0.2,-1.3,18.0,115.0,3,Active,32,18,26,0.031,2
1.0,11.9,0.5,2,0.0,5,0,26.0,1369,1.0,5,3f066cf218342ce9,1.0,5,1552,0.4,3.8,3.0,128.4,2,Active,26,3,3,0.0,1
0.571,30.1,1.8,4,3.7,5,0,38.0,1423,0.571,4,b5a47c4898277517,0.625,4,1423,0.1,29.9,8.0,88.8,5,Active,38,8,14,0.0,1
0.8,28.4,1.0,3,0.0,5,0,67.0,1234,0.8,5,1082fdb184434fbf,1.0,5,1234,0.4,15.6,8.0,70.6,5,Active,67,8,10,0.0,1
0.494,9.9,1.07,4,25.2,4,0,8.0,880,0.433,3,90cc2ea073ff36ef,0.442,2,1030,0.0,-50.5,82.0,148.0,1,Active,8,82,166,0.0,1
0.545,20.7,0.33,2,9.7,4,1,41.0,1421,0.444,3,ec9aedd933c9fee3,0.75,5,1452,0.1,19.8,23.0,84.2,5,Active,41,23,44,0.0,1
0.588,12.7,0.36,2,104.0,3,1,9.0,885,0.588,4,2efa7c6d881aaa06,0.48,3,980,0.1,-7.5,20.0,131.1,2,Active,9,20,34,0.0,1
0.364,23.7,1.75,4,13.1,4,0,22.0,1180,0.364,2,58fd49930ee89b52,0.429,2,1180,0.1,52.8,4.0,117.4,3,Active,22,4,11,0.0,1
0.833,3.0,0.5,2,3.8,5,0,10.0,1456,0.833,5,b6378322d24b11ba,0.8,5,1456,0.4,65.0,5.0,157.0,1,Active,10,5,6,0.0,1
0.333,20.3,2.0,4,0.0,5,0,12.0,1244,0.333,2,46307679c9a1396a,0.333,1,1245,0.1,94.5,1.0,139.0,2,Active,12,1,3,0.0,1
0.636,36.9,4.5,5,373.2,3,0,13.0,797,0.636,5,ce236d5677b59c36,0.5,3,959,0.4,-25.4,4.0,130.2,2,Active,13,4,11,0.0,1
0.8,8.5,0.25,1,1440.0,2,1,7.0,845,1.0,5,f2b3dc7a8733148c,0.75,5,906,0.2,0.0,4.0,128.0,2,Active,7,4,5,0.286,3
1.0,30.8,2.0,4,0.0,5,0,90.0,1051,1.0,5,d271caebdfb0251a,1.0,5,1248,0.2,6.0,3.0,64.9,5,Active,90,3,3,0.0,1
0.143,7.7,0.52,2,567.0,3,0,12.0,1303,0.143,1,69224d817e746c4e,0.5,3,1303,0.2,38.7,5.0,151.1,1,Active,12,5,35,0.0,1
0.889,65.9,0.29,2,1.5,5,1,33.0,2322,1.0,5,07717e579b806c7a,0.667,5,2420,0.0,61.8,8.0,146.8,1,Active,33,8,9,0.091,2
0.592,10.7,0.75,3,1.7,5,0,29.0,1314,0.556,4,fcb74743257a6186,0.696,5,1392,0.1,4.8,29.0,110.8,4,Active,29,29,49,0.138,3
0.667,6.5,2.0,4,0.0,5,0,6.0,894,0.667,5,a8bec94a5f0374b2,1.0,5,916,0.5,0.0,2.0,133.8,2,Active,6,2,3,0.0,1
0.4,24.3,0.67,3,26.6,4,0,8.0,836,0.4,3,99e807112866df2b,0.4,1,866,0.4,7.0,2.0,139.1,2,Active,8,2,5,0.0,1
0.818,18.5,1.75,4,0.6,5,0,80.0,1549,0.818,5,ecc85aca7f0f536e,0.8,5,1689,0.3,12.2,9.0,72.0,5,Active,80,9,11,0.013,2
0.714,16.2,2.5,5,13.5,4,0,8.0,891,0.714,5,193e0937da800175,0.714,5,891,0.4,21.0,5.0,120.0,3,Active,8,5,7,0.0,1
0.6,2.4,0.36,2,9.6,4,1,13.0,1229,0.0,1,afc5926ae6d6ce89,0.625,4,1244,0.2,39.7,9.0,133.9,2,Active,13,9,15,0.0,1
0.5,18.1,2.0,4,114.0,3,0,31.0,1420,1.0,5,486216dd7241edc0,0.5,3,1420,0.1,12.2,12.0,84.2,5,Active,31,12,24,0.0,1
0.583,19.2,3.0,5,1.0,5,0,37.0,1545,0.583,4,a77a8f7dc3902a0d,0.714,5,1545,0.1,31.7,7.0,105.9,4,Active,37,7,12,0.0,1
0.688,30.4,0.45,2,750.4,3,1,69.0,984,0.688,5,9e9be498a26e42f9,0.6,4,1065,0.1,4.5,11.0,81.0,5,Active,69,11,16,0.029,2
0.6,131.0,0.67,3,1.1,5,0,265.0,2306,1.0,5,c3434e0f36e05556,0.5,3,2676,0.5,3.1,6.0,110.3,4,Active,265,6,10,0.0,1
0.571,10.4,0.4,2,0.0,5,1,9.0,969,0.571,4,cc3d77528b271e73,0.667,5,1085,0.4,-23.0,3.0,147.5,1,Active,9,3,7,0.0,1
0.857,25.3,0.75,3,0.0,5,0,13.0,1007,0.857,5,ee9758412ea7a02f,0.75,5,1007,0.2,-8.8,6.0,127.9,2,Active,13,6,7,0.0,1
1.0,14.4,1.0,3,0.0,5,0,28.0,1354,1.0,5,59683d7abe0eafcd,1.0,5,1369,0.0,26.3,1.0,102.9,4,Active,28,1,1,0.0,1
0.895,6.5,1.11,4,0.4,5,0,5.0,1224,0.895,5,9fa7e0ab014ff0f5,0.875,5,1224,0.0,0.0,16.0,95.5,4,Active,5,16,19,0.0,1
0.833,134.9,2.0,4,1.5,5,0,262.0,1053,0.833,5,743ec92ca3984d0e,1.0,5,1657,0.2,-1.4,8.0,101.4,4,Active,262,8,12,0.023,2
1.0,32.8,0.8,3,0.0,5,0,29.0,1290,1.0,5,bab3aeede0bb9a49,1.0,5,1305,0.0,-10.9,9.0,97.9,4,Active,29,9,9,0.0,1
0.9,18.6,1.0,3,0.0,5,0,44.0,1215,1.0,5,72129a36e7717b2f,1.0,5,1215,0.1,-2.0,8.0,74.6,5,Active,44,8,10,0.045,2
1.0,19.6,1.0,3,0.0,5,0,5.0,837,1.0,5,bea5cd3a4d6583d1,1.0,5,837,0.4,0.0,2.0,117.1,3,Active,5,2,2,0.0,1
0.474,2.9,0.9,3,942.7,2,0,6.0,1001,0.167,1,69e1db28f33874ba,0.417,2,1001,0.1,0.0,9.0,75.8,5,Active,6,9,19,0.333,3
0.5,47.6,1.0,3,0.0,5,0,25.0,1357,0.5,3,189ad18d432d2a36,0.5,3,1357,0.3,13.3,1.0,96.8,4,Active,25,1,2,0.0,1
1.0,25.8,1.5,4,0.0,5,0,34.0,1564,1.0,5,a80ebe63c3d7e29a,1.0,5,1564,0.1,25.4,5.0,91.0,5,Active,34,5,5,0.0,1
0.667,16.2,2.0,4,4.2,5,0,8.0,1152,0.667,5,3e1ceeacb9e8e853,0.667,5,1223,0.0,-43.0,1.0,159.9,1,Active,8,1,3,0.0,1
0.494,1.0,0.35,2,215.8,3,1,5.0,1109,0.714,5,cec9dac4c117f3e6,0.469,2,1109,0.0,0.0,34.0,143.0,2,Active,5,34,77,0.2,3
0.628,14.9,0.39,2,22.4,4,1,43.0,1401,0.429,3,19d6798979ed9a17,0.609,4,1490,0.0,13.9,23.0,89.8,5,Active,43,23,43,0.07,2
0.4,12.6,0.67,3,7.3,5,0,15.0,1013,0.4,3,6907715eaed2b656,0.4,1,1057,0.4,26.5,2.0,109.3,4,Active,15,2,5,0.0,1
1.0,17.1,1.0,3,0.0,5,0,31.0,1404,1.0,5,1be882918714f936,1.0,5,1404,0.4,-13.5,2.0,98.1,4,Active,31,2,2,0.0,1
0.643,16.7,0.4,2,6.2,5,1,13.0,1382,0.643,5,ebf468dabc0e1bcf,1.0,5,1382,0.1,0.0,9.0,97.5,4,Active,13,9,14,0.0,1
0.476,22.4,0.4,2,0.5,5,1,16.0,1663,0.5,3,f8b5c3056594f495,0.857,5,1663,0.1,45.5,10.0,127.6,2,Active,16,10,21,0.0,1
0.714,14.7,0.4,2,4.0,5,1,11.0,926,0.714,5,335d3f79aeed0e76,0.75,5,995,0.4,-3.3,4.0,143.0,2,Active,11,4,7,0.182,3
0.5,25.1,0.33,2,14.7,4,1,36.0,621,0.5,3,a15b66f83f600f9f,0.5,3,860,0.5,-0.2,2.0,95.0,5,Active,36,2,4,0.0,1
1.0,1.4,0.33,2,0.0,5,1,5.0,1348,1.0,5,8aa7a7ec235f3978,1.0,5,1348,0.4,0.0,4.0,133.4,2,Active,5,4,4,0.0,1
0.615,2.1,1.89,4,106.5,3,0,10.0,1983,0.625,5,bdbfcabdc9cfce6b,0.714,5,2297,0.2,0.0,14.0,264.2,1,Active,10,14,26,0.0,1
0.5,80.8,11.0,5,2.1,5,0,135.0,1406,0.5,3,5c7a0e5234557bcf,0.667,5,1649,0.1,5.2,6.0,130.3,2,Active,135,6,12,0.0,1
0.667,65.1,2.0,4,1.2,5,0,11.0,1522,0.667,5,38c02df865fc9072,0.333,1,1658,0.0,-92.0,4.0,177.2,1,Active,11,4,6,0.0,1
1.0,29.3,1.0,3,0.0,5,0,34.0,1979,1.0,5,5017b453baf133d9,1.0,5,1979,0.5,35.9,1.0,82.5,5,Active,34,1,1,0.029,2
0.706,22.8,0.42,2,0.6,5,1,21.0,1563,0.333,2,9f5d18e3badb9cad,0.857,5,1563,0.2,32.0,12.0,106.9,4,Active,21,12,17,0.0,1
1.0,15.8,1.0,3,0.0,5,0,11.0,1096,1.0,5,eeca4d30011a040f,1.0,5,1110,0.5,1.0,2.0,125.9,3,Active,11,2,2,0.0,1
0.667,45.3,2.0,4,1.2,5,0,148.0,2241,0.667,5,487bb6cf7537f003,0.667,5,2241,0.3,15.3,3.0,65.8,5,Active,148,3,6,0.0,1
0.75,3.4,0.33,2,0.6,5,1,6.0,1116,0.75,5,313d61899830fbfd,0.75,5,1172,0.4,0.0,3.0,186.0,1,Active,6,3,4,0.0,1
1.0,56.8,1.0,3,0.0,5,0,72.0,1027,1.0,5,7a5eecc846b266bb,1.0,5,1385,0.5,7.3,1.0,82.5,5,Active,72,1,1,0.0,1
0.333,43.4,1.4,4,5.5,5,0,13.0,2192,0.333,2,e8aee6a136df69ad,0.333,1,2291,0.0,-31.5,4.0,220.6,1,Active,13,4,12,0.0,1
0.8,0.8,0.67,3,2.9,5,0,5.0,1444,0.8,5,1cdc7538c2aa6f24,0.714,5,1444,0.2,0.0,8.0,133.3,2,Active,5,8,10,0.0,1
0.8,14.3,0.67,3,0.7,5,0,11.0,973,0.8,5,3d817f73ef7c80cf,1.0,5,973,0.3,-16.0,4.0,126.2,3,Active,11,4,5,0.091,2
0.614,4.9,0.3,2,34.2,4,1,8.0,849,1.0,5,82cf505240365c68,0.587,4,1027,0.0,-75.0,43.0,155.8,1,Active,8,43,70,0.125,2
1.0,34.4,1.0,3,0.0,5,0,36.0,1606,1.0,5,73bfe7d01fd86866,1.0,5,1746,0.5,6.8,1.0,106.1,4,Active,36,1,2,0.0,1
0.622,12.4,0.48,2,13.2,4,1,30.0,1170,0.5,3,957241a03affdb37,0.686,5,1323,0.0,-12.3,92.0,97.4,4,Active,30,92,148,0.2,3
0.298,13.6,1.1,4,16.3,4,0,16.0,1114,0.353,2,dabd2e267911731b,0.263,1,1248,0.2,-9.1,24.0,125.6,3,Active,16,24,84,0.0,1
0.5,9.4,1.0,3,6.1,5,0,8.0,1127,0.5,3,a4ebd3fb97f3a0eb,0.4,1,1127,0.4,0.0,4.0,119.2,3,Active,8,4,8,0.0,1
0.25,32.0,1.0,3,17.1,4,0,27.0,963,0.222,1,03f87bf0eb94f32f,0.167,1,996,0.1,31.6,3.0,101.8,4,Active,27,3,12,0.0,1
1.0,52.6,0.33,2,0.0,5,1,67.0,1710,1.0,5,5d9796ae122b25a1,1.0,5,1944,0.5,15.5,4.0,89.8,5,Active,67,4,4,0.0,1
0.556,17.7,2.0,4,12.5,4,0,13.0,1125,0.667,5,8bf023c9330b6fbb,0.571,4,1125,0.1,1.0,5.0,104.7,4,Active,13,5,9,0.0,1
1.0,21.1,0.67,3,0.0,5,0,14.0,1266,1.0,5,de50d6c0c4a33c0b,1.0,5,1311,0.0,-14.0,5.0,125.5,3,Active,14,5,5,0.0,1
0.667,31.3,0.71,3,2.4,5,0,19.0,1430,1.0,5,5c4978ecbc96b4c8,0.636,4,1432,0.4,18.0,8.0,118.7,3,Active,19,8,12,0.0,1
0.267,14.4,6.5,5,62.6,4,0,10.0,839,0.267,1,54af1c4230e69acf,0.231,1,986,0.3,-97.0,4.0,137.9,2,Active,10,4,15,0.1,2
0.593,11.1,1.68,4,5.4,5,0,9.0,1126,1.0,5,2502d70fe6ed3cd3,0.619,4,1138,0.0,0.0,35.0,119.0,3,Active,9,35,59,0.0,1
0.727,13.3,0.57,2,0.2,5,0,12.0,1399,0.727,5,86b7c49866e52b9a,0.8,5,1399,0.2,58.0,8.0,114.0,3,Active,12,8,11,0.0,1
0.875,12.4,1.0,3,0.6,5,0,9.0,789,0.75,5,b153cfbce0e6993f,1.0,5,1031,0.0,-93.5,14.0,165.8,1,Active,9,14,16,0.0,1
0.302,34.0,0.39,2,23.7,4,1,116.0,1538,0.333,2,d7e582d9b67d3c95,0.444,2,1687,0.1,14.9,11.0,76.0,5,Active,116,11,43,0.0,1
0.706,40.5,0.31,2,4.4,5,1,23.0,1392,1.0,5,023f59a24cd64940,0.722,5,1471,0.0,-0.1,35.0,104.4,4,Active,23,35,51,0.087,2
0.25,22.6,1.67,4,17.8,4,0,7.0,1070,0.25,1,ba9ca7fc1bd1638c,0.167,1,1109,0.3,0.0,2.0,140.5,2,Active,7,2,8,0.0,1
0.545,9.0,0.38,2,23.9,4,1,10.0,1213,0.333,2,2232d3c88c3e7427,0.583,4,1213,0.1,55.0,12.0,110.8,4,Active,10,12,22,0.2,3
1.0,31.1,0.8,3,0.0,5,0,8.0,1288,1.0,5,4d637f63fd2e9714,1.0,5,1288,0.2,0.0,9.0,123.0,3,Active,8,9,9,0.0,1
1.0,45.7,1.0,3,0.0,5,0,15.0,941,1.0,5,226b4470ac662a04,1.0,5,1028,0.5,-13.8,1.0,116.3,3,Active,15,1,1,0.0,1
0.595,10.1,1.31,4,1.5,5,0,30.0,1478,0.667,5,2a51b55351d9f411,0.917,5,1522,0.0,49.5,22.0,106.7,4,Active,30,22,37,0.0,1
0.37,101.8,0.93,3,5.6,5,0,229.0,1792,0.0,1,ef8b209be00a9a2b,0.467,2,2001,0.3,10.3,9.0,110.2,4,Active,229,9,27,0.0,1
0.143,33.9,1.33,4,8.4,4,0,9.0,726,0.143,1,2b931769a1c68454,0.143,1,891,0.1,-39.3,1.0,141.4,2,Active,9,1,7,0.0,1
1.0,24.1,1.0,3,0.0,5,0,5.0,1292,1.0,5,18f82279571faca1,1.0,5,1292,0.2,77.0,1.0,187.9,1,Active,5,1,1,0.0,1
0.692,27.9,0.18,1,464.2,3,1,48.0,916,1.0,5,fe9b8c4c7d02528b,0.6,4,1116,0.0,14.8,9.0,79.6,5,Active,48,9,13,0.062,2
0.75,16.3,0.33,2,2.4,5,1,11.0,980,0.75,5,8491196a18ff2168,0.667,5,997,0.2,13.0,3.0,115.3,3,Active,11,3,4,0.0,1
1.0,11.0,0.8,3,0.0,5,0,6.0,1227,1.0,5,3cb7f0d171722059,1.0,5,1227,0.1,0.0,9.0,107.8,4,Active,6,9,9,0.0,1
0.56,17.1,0.19,1,1.4,5,1,34.0,1674,0.56,4,e9f57ad4a6e9c571,0.692,5,1674,0.0,8.0,10.0,96.3,4,Active,34,10,25,0.118,2
0.579,10.8,0.19,1,1.7,5,1,8.0,1146,0.714,5,5a6e0504dbb00938,0.6,4,1201,0.0,25.5,11.0,184.8,1,Active,8,11,19,0.0,1
0.636,13.5,0.63,3,21.3,4,0,6.0,1005,1.0,5,2ce00a6d051a1fe5,0.625,4,1005,0.1,0.0,27.0,118.1,3,Active,6,27,44,0.0,1
0.333,18.5,2.0,4,0.0,5,0,39.0,735,0.333,2,3c2b2505157d55fc,1.0,5,1124,0.5,-2.4,1.0,114.4,3,Active,39,1,3,0.0,1
0.4,104.2,1.5,4,20.8,4,0,133.0,2393,0.5,3,a5455912d4ca2cc2,0.2,1,2886,0.2,19.3,6.0,150.5,1,Active,133,6,15,0.008,2
0.406,45.0,0.86,3,13.1,4,0,38.0,1620,0.25,1,819ed5a864ede3df,0.381,1,1895,0.1,7.2,28.0,102.7,4,Active,38,28,69,0.158,3
0.3,64.6,0.67,3,21.9,4,0,37.0,1336,1.0,5,c0f070704e792c64,0.3,1,1336,0.5,19.2,12.0,87.3,5,Active,37,12,40,0.0,1
0.364,7.5,2.67,5,8.4,4,0,6.0,1817,0.2,1,dc29dc1e20229674,0.25,1,1817,0.5,0.0,4.0,206.7,1,Active,6,4,11,0.0,1
0.667,15.7,2.0,4,0.0,5,0,35.0,1502,0.667,5,f7bdc497d3435d41,0.667,5,1502,0.0,32.2,2.0,106.6,4,Active,35,2,3,0.0,1
0.615,10.3,2.25,5,187.4,3,0,21.0,774,0.615,5,a0e36db1358894e7,0.857,5,912,0.1,3.8,8.0,102.1,4,Active,21,8,13,0.0,1
0.25,16.7,0.11,1,7.6,5,1,5.0,1209,1.0,5,7c14a3ae8627e7db,0.5,3,1209,0.2,0.0,5.0,147.8,1,Active,5,5,20,0.0,1
0.381,52.0,1.47,4,5.0,5,0,187.0,1318,0.4,3,29e74344490258de,0.769,5,1631,0.1,8.5,16.0,61.6,5,Active,187,16,42,0.0,1
0.565,39.0,0.92,3,12.5,4,0,27.0,2289,0.5,3,c521697eb911f35e,0.5,3,2477,0.0,103.2,9.0,157.4,1,Active,27,9,23,0.259,3
0.6,2.0,0.67,3,15.1,4,0,7.0,1022,0.6,4,6f301161a72303e4,0.6,4,1022,0.4,0.0,3.0,119.5,3,Active,7,3,5,0.0,1
1.0,12.8,0.4,2,0.0,5,1,28.0,2164,1.0,5,cdfcbdc8b3cbb28d,1.0,5,2164,0.4,13.7,7.0,162.7,1,Active,28,7,7,0.0,1
0.8,19.1,1.5,4,0.6,5,0,32.0,2128,0.8,5,76aed4cd3dedc06a,0.8,5,2128,0.2,10.6,4.0,112.2,4,Active,32,4,5,0.0,1
0.6,59.1,1.5,4,5.8,5,0,147.0,1774,0.333,2,2fbc550fcc6d52fb,1.0,5,2149,0.2,10.9,5.0,96.0,4,Active,147,5,10,0.014,2
1.0,38.7,1.0,3,0.0,5,0,7.0,1001,1.0,5,36a70c8a2771f24f,1.0,5,1052,0.3,-33.0,1.0,156.4,1,Active,7,1,1,0.0,1
0.345,19.1,0.32,2,2013.8,2,1,11.0,1522,0.4,3,3d124d0ab18d7232,0.545,4,1539,0.1,58.0,10.0,163.5,1,Active,11,10,29,0.545,4
0.947,7.9,1.71,4,0.0,5,0,9.0,1258,1.0,5,0264e8345c0d6154,0.857,5,1275,0.0,0.0,18.0,142.9,2,Active,9,18,19,0.0,1
0.778,50.2,0.8,3,33.8,4,0,41.0,1070,0.778,5,852a7e7200520ad4,1.0,5,1128,0.1,29.3,7.0,93.8,5,Active,41,7,9,0.049,2
0.64,22.7,0.25,1,78.6,4,1,7.0,1185,1.0,5,e18c79b59509f026,0.75,5,1185,0.1,155.0,16.0,147.0,1,Active,7,16,25,0.143,3
0.8,15.2,2.0,4,0.4,5,0,26.0,1515,0.727,5,5fa3280fee511478,0.8,5,1515,0.2,17.0,22.0,90.9,5,Active,26,22,30,0.0,1
0.344,41.8,0.05,1,127.8,3,1,105.0,1623,0.231,1,664c7fccf6fd9647,0.52,3,1904,0.2,19.2,15.0,78.6,5,Active,105,15,61,0.067,2
0.5,12.1,0.14,1,10.0,4,1,33.0,1280,0.25,1,7560f89d2dd1066b,0.583,4,1283,0.1,-6.7,11.0,93.6,5,Active,33,11,24,0.03,2
0.667,12.7,2.0,4,1.9,5,0,32.0,1225,0.667,5,5cb6bb7172f543e1,0.667,5,1225,0.4,28.4,2.0,101.1,4,Active,32,2,3,0.0,1
0.333,44.7,5.0,5,9187.1,1,0,34.0,1143,0.333,2,bc2bf4e83c940837,0.333,1,1143,0.1,8.5,1.0,95.9,4,Active,34,1,6,0.0,1
0.889,9.5,2.6,5,0.1,5,0,18.0,1604,0.889,5,a7b85a4649e1d536,0.667,5,1697,0.2,3.2,16.0,180.6,1,Active,18,16,18,0.0,1
0.4,17.7,0.67,3,5.7,5,0,8.0,1052,0.4,3,0c4430ab83bb8e9f,0.4,1,1106,0.4,0.0,2.0,138.4,2,Active,8,2,5,0.0,1
0.385,1.9,0.62,2,0.0,5,0,9.0,1771,0.25,1,0810f2c3e988429f,0.5,3,1771,0.2,0.0,5.0,125.4,3,Active,9,5,13,0.0,1
0.429,17.1,0.17,1,1.1,5,1,24.0,904,0.429,3,3623eae543d19f57,0.333,1,1118,0.1,-13.0,3.0,103.6,4,Active,24,3,7,0.042,2
0.286,22.7,2.5,5,8.3,4,0,29.0,1235,0.286,1,1e4c7b348a71ed1c,0.286,1,1314,0.3,13.0,2.0,87.4,5,Active,29,2,7,0.0,1
0.795,5.3,0.52,2,1.2,5,0,20.0,1542,0.857,5,1400068c79a3ebe2,0.933,5,1542,0.0,37.5,31.0,103.6,4,Active,20,31,44,0.4,4
0.25,21.9,0.33,2,0.0,5,1,6.0,1172,0.25,1,ddbc0dafb748cc73,0.333,1,1172,0.3,0.0,1.0,124.3,3,Active,6,1,4,0.0,1
1.0,47.1,0.5,2,0.0,5,0,14.0,1121,1.0,5,b65e6b258df93751,1.0,5,1121,0.5,-14.7,3.0,131.5,2,Active,14,3,3,0.0,1
0.733,39.8,0.5,2,22.6,4,0,86.0,2156,0.55,4,267e39bcfa8512d2,0.842,5,2214,0.0,4.9,53.0,115.7,3,Active,86,53,75,0.0,1
0.402,31.8,0.61,2,380.8,3,0,45.0,2188,0.2,1,bf84cf6c17f8543f,0.368,1,2188,0.1,32.9,36.0,113.7,3,Active,45,36,92,0.0,1
0.571,21.6,0.59,2,8.0,4,0,57.0,1563,0.6,4,9c5c4f33227e6973,0.733,5,1563,0.1,29.5,20.0,82.4,5,Active,57,20,35,0.0,1
0.667,15.9,1.0,3,3.6,5,0,25.0,1094,0.667,5,9bb7bec1b65d1aaf,0.8,5,1184,0.2,-9.0,8.0,113.1,4,Active,25,8,12,0.08,2
0.5,17.5,0.45,2,53.8,4,1,56.0,1019,0.286,1,6fbb47d8b19e0567,0.571,4,1276,0.1,0.4,8.0,89.2,5,Active,56,8,16,0.018,2
0.556,35.2,0.12,1,5.2,5,1,107.0,1912,0.556,4,2d2e4ddb99ed7ffa,0.556,4,2160,0.0,25.7,4.0,101.9,4,Active,107,4,9,0.0,1
0.4,62.5,4.0,5,9.4,4,0,90.0,1135,0.4,3,dcff4bf5d1a9e1a1,0.4,1,1408,0.0,12.8,2.0,74.5,5,Active,90,2,5,0.0,1
0.75,11.5,1.0,3,1.6,5,0,14.0,1078,0.75,5,8f46c8c964bdb644,0.75,5,1078,0.4,-1.0,3.0,120.9,3,Active,14,3,4,0.0,1
0.577,18.2,1.17,4,116.0,3,0,9.0,804,0.577,4,15f86674a23183c0,0.5,3,953,0.0,-39.5,13.0,145.0,1,Active,9,13,26,0.0,1
1.0,14.0,1.0,3,0.0,5,0,15.0,1060,1.0,5,0de615ad3eb1467d,1.0,5,1229,0.1,-8.5,1.0,135.3,2,Active,15,1,1,0.0,1
0.324,7.5,0.61,2,37.4,4,0,14.0,956,0.5,3,68a43b15c3f7dcc7,0.353,1,1069,0.1,-8.8,12.0,133.6,2,Active,14,12,37,0.0,1
0.571,14.4,0.67,3,2.8,5,0,14.0,1140,0.5,3,89002cba516082ed,0.571,4,1235,0.0,28.0,18.0,128.4,2,Active,14,18,35,0.0,1
0.486,8.7,1.69,4,9.0,4,0,20.0,1340,0.556,4,d5430a3823b50f4b,0.6,4,1436,0.1,12.2,16.0,145.9,1,Active,20,16,35,0.0,1
0.593,45.1,0.12,1,4.8,5,1,62.0,1309,1.0,5,100e9542d3ff9436,0.5,3,1309,0.2,18.1,15.0,73.8,5,Active,62,15,27,0.016,2
0.25,54.4,1.0,3,22.9,4,0,80.0,2010,0.25,1,41f9bc394105f82c,0.25,1,2082,0.5,5.0,1.0,88.3,5,Active,80,1,4,0.0,1
0.524,14.5,0.62,2,3.3,5,0,24.0,1237,0.25,1,b724ba2e69d38796,0.583,4,1277,0.3,16.4,10.0,109.2,4,Active,24,10,21,0.0,1
0.667,10.3,0.29,2,5.5,5,1,7.0,1088,1.0,5,83bbef937ba09bbc,1.0,5,1135,0.2,0.0,5.0,150.8,1,Active,7,5,9,0.0,1
1.0,38.6,1.0,3,0.0,5,0,113.0,1775,1.0,5,45fe221802e2dc1f,1.0,5,1775,0.2,19.8,2.0,76.1,5,Active,113,2,2,0.0,1
0.838,20.8,0.42,2,3.6,5,1,7.0,963,0.778,5,6e58bf9043ede04c,0.714,5,963,0.0,0.0,31.0,114.1,3,Active,7,31,37,0.0,1
0.5,33.3,5.0,5,15.7,4,0,13.0,744,0.5,3,1e9750f5c9353a30,0.5,3,848,0.4,14.2,3.0,123.3,3,Active,13,3,6,0.0,1
0.644,17.8,0.45,2,2.9,5,1,36.0,1124,0.714,5,4920da5ba6adbc2b,0.789,5,1240,0.2,4.5,29.0,99.4,4,Active,36,29,45,0.0,1
0.8,21.9,0.25,1,0.0,5,1,14.0,1496,1.0,5,dd1e576fd2e5ed2d,0.8,5,1496,0.2,12.3,3.0,147.3,1,Active,14,3,5,0.0,1
0.667,6.2,0.2,1,1.2,5,1,6.0,932,0.667,5,1a255d8071451991,0.6,4,969,0.2,0.0,4.0,131.5,2,Active,6,4,6,0.0,1
0.6,20.4,0.67,3,0.3,5,0,13.0,774,0.6,4,bb0669072fbc722e,0.667,5,912,0.1,-12.0,6.0,128.9,2,Active,13,6,10,0.0,1
0.625,65.6,1.67,4,6.4,5,0,18.0,1484,0.625,5,ab653b917dc67537,1.0,5,1484,0.4,39.7,5.0,142.6,2,Active,18,5,8,0.0,1
0.625,10.9,7.0,5,4.2,5,0,8.0,1318,0.625,5,115f06fa205e7cd5,0.4,1,1343,0.1,4.0,5.0,146.1,1,Active,8,5,8,0.0,1
0.75,20.9,0.25,1,1.1,5,1,24.0,1520,1.0,5,db4fab3b8d0e8ba6,0.667,5,1520,0.1,64.1,15.0,101.2,4,Active,24,15,20,0.0,1
0.588,13.2,0.13,1,1.8,5,1,18.0,1159,0.588,4,639df6a7ad8b578b,0.6,4,1183,0.2,17.8,10.0,108.1,4,Active,18,10,17,0.0,1
0.5,15.4,1.0,3,23.1,4,0,31.0,1482,0.5,3,82218673c77dfd5a,0.5,3,1482,0.4,29.3,1.0,105.7,4,Active,31,1,2,0.0,1
0.6,29.9,1.5,4,5.5,5,0,23.0,1186,0.6,4,0de8e389c61bf366,0.0,1,1186,0.2,7.6,9.0,113.8,3,Active,23,9,15,0.0,1
0.524,29.5,0.62,2,282.7,3,0,63.0,1034,0.524,4,80315cb662ef2dd3,0.6,4,1179,0.2,1.4,11.0,75.6,5,Active,63,11,21,0.0,1
0.727,16.2,1.75,4,711.0,3,0,8.0,791,0.727,5,9ee08e22096ffe15,0.875,5,931,0.2,-57.0,8.0,158.9,1,Active,8,8,11,0.25,3
0.778,30.3,0.5,2,2.3,5,0,54.0,1640,0.778,5,8964042f785603c0,0.6,4,1640,0.0,11.7,7.0,80.4,5,Active,54,7,9,0.0,1
0.5,8.7,0.71,3,18.2,4,0,11.0,1432,0.5,3,b6fab47e3b87e3bf,0.556,4,1432,0.4,43.3,6.0,157.0,1,Active,11,6,12,0.0,1
0.364,12.5,0.38,2,21.8,4,1,34.0,1092,0.364,2,1e4a583507139abf,0.333,1,1132,0.2,15.3,8.0,92.5,5,Active,34,8,22,0.029,2
0.833,26.7,5.0,5,0.4,5,0,20.0,1343,1.0,5,017dd19d709682dd,0.5,3,1343,0.2,-5.9,5.0,119.7,3,Active,20,5,6,0.0,1
0.429,9.5,1.33,4,4.7,5,0,6.0,948,0.429,3,729dd71a79597298,0.5,3,948,0.4,0.0,3.0,125.7,3,Active,6,3,7,0.0,1
1.0,15.3,1.0,3,0.0,5,0,6.0,1147,1.0,5,f9ea2e981b0aed85,1.0,5,1147,0.5,0.0,1.0,116.1,3,Active,6,1,1,0.0,1
0.5,6.6,1.0,3,0.7,5,0,5.0,1643,0.5,3,d9289b007f4d4de8,0.5,3,1643,0.3,0.0,2.0,151.5,1,Active,5,2,4,0.0,1
0.5,32.1,1.0,3,110.1,3,0,139.0,1729,0.5,3,62c366a9a5e306e7,0.5,3,1952,0.5,16.2,1.0,77.9,5,Active,139,1,2,0.007,2
0.625,6.8,0.56,2,2.3,5,0,8.0,1157,0.583,4,5718d43de68ac364,0.559,4,1175,0.0,25.0,32.0,129.5,2,Active,8,32,56,0.625,4
0.281,45.8,1.0,3,1413.3,2,0,89.0,1689,0.048,1,2b1247583e1501d4,0.5,3,1796,0.1,13.1,9.0,79.3,5,Active,89,9,32,0.011,2
0.667,9.6,2.0,4,0.6,5,0,28.0,1131,0.667,5,c125d66e9e4fc82f,0.667,5,1304,0.5,-18.5,2.0,102.1,4,Active,28,2,3,0.0,1
1.0,55.1,1.0,3,0.0,5,0,9.0,1119,1.0,5,3a2e2fb0349a78f8,1.0,5,1187,0.4,14.0,1.0,139.0,2,Active,9,1,1,0.0,1
0.556,14.4,2.0,4,430.3,3,0,15.0,719,0.556,4,7e077660becd8c12,0.5,3,883,0.0,-8.4,10.0,121.5,3,Active,15,10,18,0.0,1
0.625,7.2,0.5,2,4.6,5,0,27.0,1081,0.333,2,8d9019aaa1811322,0.647,5,1099,0.1,-30.1,15.0,101.4,4,Active,27,15,24,0.074,2
0.583,40.9,0.2,1,926.1,2,1,27.0,1826,0.333,2,7af42e0e7528fd18,0.5,3,1884,0.1,17.0,7.0,143.9,1,Active,27,7,12,0.037,2
0.833,19.2,1.4,4,0.1,5,0,31.0,1561,0.667,5,cdc32be8194cde60,0.889,5,1561,0.1,35.9,20.0,98.5,4,Active,31,20,24,0.0,1
0.724,23.6,0.81,3,96.7,4,0,11.0,795,0.6,4,d22179655d88e7ed,0.833,5,942,0.0,-39.0,15.0,133.0,2,Active,11,15,29,0.0,1
0.6,66.4,0.67,3,1.4,5,0,58.0,970,0.6,4,7c9aee68a8520451,0.6,4,1040,0.0,13.0,3.0,81.8,5,Active,58,3,5,0.0,1
0.657,33.1,0.52,2,5.4,5,0,82.0,1290,0.667,5,5d8cdf264bf1116b,0.889,5,1432,0.1,9.0,21.0,67.0,5,Active,82,21,35,0.024,2
0.833,9.4,0.71,3,1.0,5,0,7.0,826,0.833,5,ec5dc3fdbbfed99e,0.8,5,838,0.1,0.0,10.0,122.3,3,Active,7,10,12,0.0,1
1.0,31.8,1.0,3,0.0,5,0,18.0,1231,1.0,5,d7ac204661f848c0,1.0,5,1231,0.2,56.5,1.0,113.2,4,Active,18,1,1,0.0,1
0.833,12.6,2.0,4,7.2,5,0,24.0,944,0.833,5,2ad79c7312a0a5e2,0.8,5,944,0.4,6.2,5.0,96.4,4,Active,24,5,6,0.0,1
0.5,10.2,1.0,3,30.9,4,0,9.0,1138,0.5,3,3809cc94a565b577,0.5,3,1207,0.2,57.0,1.0,135.1,2,Active,9,1,2,0.0,1
1.0,69.1,1.5,4,0.0,5,0,72.0,1334,1.0,5,5ee400159b523254,1.0,5,1584,0.2,-1.6,5.0,97.5,4,Active,72,5,5,0.0,1
1.0,94.3,1.0,3,0.0,5,0,63.0,1314,1.0,5,68c4f253e5cb5db7,1.0,5,1478,0.5,3.8,1.0,187.7,1,Active,63,1,1,0.0,1
0.114,34.1,0.52,2,1.9,5,0,34.0,1611,0.5,3,186cd77e4acb8158,1.0,5,1725,0.3,35.6,5.0,122.4,3,Active,34,5,44,0.0,1
0.327,56.9,0.53,2,149.3,3,0,27.0,1598,0.327,2,07689e1beba8c597,0.327,1,1769,0.0,14.6,16.0,126.3,3,Active,27,16,49,0.0,1
0.714,103.1,0.4,2,13.0,4,1,125.0,2233,0.5,3,2d065073091efdb0,1.0,5,2512,0.2,7.9,5.0,143.2,2,Active,125,5,7,0.0,1
1.0,66.6,1.0,3,0.0,5,0,69.0,1460,1.0,5,963b9c9fedbd4837,1.0,5,1524,0.5,4.5,2.0,87.6,5,Active,69,2,2,0.0,1
0.5,44.5,1.0,3,9.8,4,0,26.0,989,0.5,3,2a34025441f65a82,0.5,3,1045,0.2,-15.4,1.0,93.7,5,Active,26,1,2,0.0,1
0.556,5.5,0.17,1,4.0,5,1,27.0,1586,0.0,1,c996dd4aaa9c027f,0.6,4,1586,0.2,-11.2,15.0,132.0,2,Active,27,15,27,0.074,2
0.444,6.6,0.5,2,9.1,4,0,12.0,1322,0.5,3,7c07774a2e4a7029,0.6,4,1322,0.5,46.0,4.0,132.2,2,Active,12,4,9,0.0,1
1.0,17.8,1.0,3,0.0,5,0,7.0,915,1.0,5,4f7dc52b9bb20785,1.0,5,990,0.3,0.0,2.0,130.6,2,Active,7,2,2,0.0,1
1.0,20.3,1.0,3,0.0,5,0,55.0,1398,1.0,5,c1e63f36309cec72,1.0,5,1677,0.2,22.2,2.0,92.7,5,Active,55,2,2,0.0,1
0.511,25.5,1.14,4,256.8,3,0,17.0,1195,0.333,2,b362c1470375d486,0.455,2,1195,0.0,-9.7,22.0,111.1,4,Active,17,22,45,0.0,1
0.5,41.7,1.0,3,91.5,4,0,27.0,1381,0.5,3,ef07b289ae5d60cc,0.5,3,1449,0.3,1.1,2.0,97.5,4,Active,27,2,4,0.0,1
0.429,36.0,1.33,4,18.0,4,0,5.0,1166,0.429,3,77ada5a39721c434,0.429,2,1166,0.4,0.0,3.0,113.6,3,Active,5,3,7,0.0,1
0.667,27.4,1.25,4,2.1,5,0,11.0,1001,0.667,5,56197cf6a1c00f95,0.5,3,1001,0.2,9.7,5.0,120.9,3,Active,11,5,9,0.0,1
1.0,5.6,1.0,3,0.0,5,0,17.0,1250,1.0,5,18b4c85df52dbae3,1.0,5,1250,0.2,56.5,1.0,113.4,3,Active,17,1,1,0.0,1
0.588,10.3,2.09,4,32.5,4,0,16.0,895,1.0,5,23e6de365e5b4c14,0.8,5,917,0.1,-6.8,20.0,118.1,3,Active,16,20,34,0.062,2
1.0,29.1,1.0,3,0.0,5,0,14.0,955,1.0,5,68584ef8f32aa824,1.0,5,1005,0.5,-28.3,1.0,122.0,3,Active,14,1,1,0.0,1
0.414,14.6,1.56,4,6221.7,1,0,1.48,1252,0.429,3,69bac85e3b1e4b9d,0.393,1,1252,1.3,-22.3,13.36,120.1,3,Active,14,126,307,0.071,2
0.606,11.4,0.56,2,103.8,3,0,0.97,986,0.529,4,b6b326f9b8792b07,0.592,4,1009,0.5,-5.0,36.88,129.4,2,Active,8,304,540,0.375,3
0.5,60.1,0.31,2,2423.9,2,1,1.16,1609,0.444,3,f01f15b7a1662411,0.526,3,1782,2.9,16.0,20.53,80.0,5,Active,65,1151,2599,2.2,5
0.623,27.2,0.42,2,805.4,3,1,0.45,1256,0.73,5,e48e90e1ab0ab6bf,0.639,5,1256,2.8,0.0,8.11,133.1,2,Active,11,198,332,0.0,1
0.271,70.3,0.28,1,825.8,3,1,0.16,1181,0.193,1,7e22c5cf11616fe5,0.259,1,1306,0.7,51.0,1.08,161.2,1,Active,11,75,317,0.091,2
0.374,9.8,0.46,2,1355.6,2,1,3.1,967,0.333,2,b4d52fafd5ab9250,0.374,1,1033,0.2,-7.4,34.95,102.3,4,Active,30,338,1005,0.733,4
0.375,35.5,1.74,4,54.2,4,0,0.64,1405,0.25,1,93f6b29f259655bd,0.477,2,1436,17.0,27.5,2.03,153.3,1,Stopped,11,35,96,0.091,2
0.547,22.0,0.48,2,24171.3,1,1,0.65,950,0.508,4,7b220d5697b12276,0.506,3,950,0.3,36.2,21.61,113.4,3,Active,14,469,899,0.5,4
0.725,9.2,0.89,3,40.1,4,0,0.99,1153,0.818,5,5a8a5a0bb10f2c90,0.68,5,1153,0.1,0.0,3.96,122.8,3,Active,9,36,51,0.111,2
0.322,34.6,0.28,1,28017.3,1,1,0.52,1093,0.0,1,427b0100ebcfd3ea,0.331,1,1225,5.6,12.7,3.41,117.9,3,Stopped,15,98,307,0.2,3
0.394,21.0,0.84,3,7371.3,1,0,0.24,998,0.275,1,f98c969c3c043152,0.398,1,998,0.1,0.0,3.25,122.6,3,Active,5,68,175,0.0,1
0.334,40.7,0.07,1,3755.7,1,1,0.99,1243,0.242,1,affc460236d433d8,0.345,1,1316,0.2,23.0,4.4,105.1,4,Active,37,165,527,0.757,4
0.687,85.5,0.02,1,308.6,3,1,0.2,865,0.787,5,94de85f4df9190f5,0.694,5,1096,8.7,-63.7,12.79,142.0,2,Stopped,11,694,1074,1.182,5
0.368,26.7,0.78,3,5801.4,1,0,0.53,1009,0.375,2,6bd7e97f139ce701,0.4,1,1009,0.2,11.2,1.54,141.1,2,Active,11,32,87,0.091,2
0.909,23.4,3.02,5,11.4,4,0,0.36,1131,0.781,5,57f95d7a4846b402,0.919,5,1209,0.0,-50.0,24.12,156.7,1,Active,7,467,526,0.571,4
0.512,30.0,0.91,3,3743.7,1,0,1.49,1354,0.503,4,35ead7cc7f7a479d,0.483,3,1470,0.2,14.8,34.55,102.4,4,Active,44,1023,2107,0.432,4
0.558,20.5,0.11,1,1134.9,2,1,0.83,1411,0.381,2,4e565caba77425bb,0.535,3,1411,0.2,0.0,18.0,119.5,3,Active,10,216,396,0.4,4
0.473,13.5,1.71,4,380.6,3,0,2.76,1296,0.557,4,b389fd1e2203353e,0.517,3,1346,0.8,8.0,21.96,102.8,4,Active,35,279,664,1.829,5
0.45,5.4,1.86,4,227.6,3,0,1.15,960,1.0,5,a4fe865992a3e5f7,0.519,3,965,0.0,0.0,8.46,139.4,2,Active,6,44,100,0.0,1
0.758,2.7,0.65,3,0.7,5,0,3.6,1825,0.692,5,4bfb3c8663e9f85a,0.7,5,1825,0.2,80.0,19.18,207.1,1,Active,9,48,66,0.556,4
0.309,39.5,13.42,5,442.9,3,0,0.41,1225,0.182,1,832b978c9fbe410c,0.44,2,1229,0.7,24.0,2.66,125.1,3,Active,16,103,346,0.0,1
0.586,119.0,0.28,1,381.3,3,1,0.76,2391,0.528,4,66b1a6d68fa257b8,0.661,5,2570,1.3,19.6,7.07,161.0,1,Active,89,832,1495,0.483,4
0.465,8.8,0.29,2,5.8,5,1,3.13,1144,0.6,4,ab3fcd4e74b02f8a,0.375,1,1144,1.1,15.5,6.14,107.8,4,Active,24,47,101,0.0,1
0.514,56.9,0.84,3,3989.0,1,0,2.62,1785,0.487,3,89bc2ed03cbdbb55,0.539,3,1854,0.1,18.1,36.33,68.4,5,Active,133,1843,4305,1.459,5
0.463,13.7,0.81,3,188.1,3,0,1.23,1069,0.333,2,6a37ab967e66865b,0.429,2,1118,1.0,119.0,5.25,166.2,1,Active,7,30,67,0.0,1
0.48,30.2,1.01,3,8.2,4,0,0.44,1258,0.347,2,50052c46677b7ff6,0.53,3,1258,0.4,34.0,5.54,128.5,2,Active,13,165,346,0.0,1
0.524,17.0,1.1,4,9.6,4,0,0.42,975,0.524,4,82f8176de75cefb0,0.75,5,975,4.8,0.0,0.91,106.4,4,Stopped,5,11,21,0.2,3
0.484,56.7,0.48,2,332.9,3,1,1.63,2096,0.423,3,e67cafddf597c0db,0.515,3,2418,5.2,-11.7,26.09,114.7,3,Stopped,84,1342,2874,0.881,5
0.338,16.0,1.25,4,4293.5,1,0,0.85,1180,0.0,1,57320e35f4b7320e,0.302,1,1395,0.6,39.0,5.74,140.7,2,Active,13,88,263,0.0,1
0.371,44.6,6.22,5,55.2,4,0,0.11,1854,0.384,2,35afc7ae697293c7,0.378,1,1854,0.4,0.0,5.34,44.1,5,Active,5,236,715,0.0,1
0.389,41.5,0.48,2,2866.4,2,1,1.72,1591,0.34,2,44b86aa56512051d,0.401,2,1677,4.4,3.9,26.24,80.5,5,Stopped,61,929,2695,1.426,5
0.564,22.8,1.06,4,17044.5,1,0,3.4,1425,0.595,4,52a7e95432335e5d,0.58,4,1442,0.0,9.9,60.15,63.8,5,Active,76,1343,2423,1.474,5
0.551,18.8,0.03,1,5289.8,1,1,1.48,1245,0.4,3,fb0f7042b483aaa7,0.625,4,1281,10.9,6.0,5.79,116.7,3,Stopped,11,43,78,0.545,4
0.525,33.2,1.14,4,151.4,3,0,0.77,1294,0.465,3,ad8379a286f81345,0.568,4,1294,4.8,16.8,7.25,116.8,3,Stopped,19,180,415,1.316,5
0.513,37.7,0.04,1,34.0,4,1,1.03,1230,0.436,3,29dad76985641062,0.503,3,1411,9.6,22.4,6.44,132.0,2,Stopped,29,181,355,0.448,4
0.56,13.0,2.82,5,138.1,3,0,2.96,1135,0.267,1,d96d1a03cfc722eb,0.588,4,1187,0.2,-2.7,7.52,93.9,5,Active,37,94,168,0.027,2
0.545,14.9,1.36,4,2.4,5,0,7.0,1223,0.5,3,8a8bbdde68c5ac14,0.667,5,1286,9.3,0.0,18.0,182.9,1,Stopped,7,18,33,0.0,1
0.442,18.8,0.7,3,2917.6,2,0,2.47,1623,0.408,3,fec590f4ca94fad1,0.44,2,1672,1.8,28.5,25.94,107.0,4,Active,42,441,1002,0.19,3
0.469,37.9,0.06,1,1209.4,2,1,0.57,1830,0.402,3,fa4a9676f9682d93,0.55,4,1988,0.9,30.0,17.88,157.9,1,Active,21,662,1436,0.952,5
0.487,7.8,0.98,3,7.9,4,0,3.37,1354,0.182,1,8fd9102e1e701fa4,0.558,4,1426,1.0,18.7,10.12,114.4,3,Active,19,57,117,0.053,2
0.588,45.1,0.5,2,2787.8,2,0,2.02,1346,0.506,4,820129053c2b0925,0.596,4,1705,0.1,1.9,33.97,75.8,5,Active,91,1529,2745,1.473,5
0.295,23.3,0.25,1,18366.0,1,1,0.51,1006,0.333,2,1a0e944bf9f9c35e,0.333,1,1063,9.7,-18.0,2.2,156.9,1,Stopped,7,30,105,0.0,1
0.372,22.8,0.86,3,244.2,3,0,3.35,1088,0.381,2,4a758aa2b3e5ef89,0.372,1,1260,0.1,-1.4,11.03,77.7,5,Active,76,250,680,0.421,4
0.5,23.0,0.45,2,101.4,3,1,0.39,1081,0.5,3,40f1b6cf341c678b,0.579,4,1081,2.5,0.0,1.66,105.6,4,Active,8,34,68,0.125,2
0.424,3.1,1.94,4,185.1,3,0,2.27,845,0.4,3,fee70068790abc35,0.433,2,937,0.1,0.0,24.35,141.0,2,Active,7,75,191,0.857,5
0.347,30.6,3.08,5,6.0,5,0,0.31,1221,0.0,1,30ebfdcff0cd2554,0.312,1,1226,0.5,0.0,0.59,114.9,3,Active,9,17,49,0.0,1
0.523,8.7,64.0,5,106.3,3,0,0.71,1387,0.333,2,8bdec67325a2079f,0.514,3,1387,0.2,0.0,4.0,109.5,4,Active,6,34,65,0.0,1
0.575,8.1,0.36,2,566.6,3,1,2.99,1250,0.638,5,2bc9d1525fca9d4e,0.609,4,1454,0.0,-12.8,47.0,138.2,2,Active,24,377,727,1.75,5
0.474,41.2,0.41,2,4370.0,1,1,1.94,1178,0.442,3,d5610e9299d6f734,0.478,3,1277,1.7,16.1,22.22,67.5,5,Active,72,825,1918,1.722,5
0.66,76.3,8.97,5,1560.9,2,0,1.01,1140,0.647,5,97f71c67735dfd15,0.637,5,1171,15.9,5.0,12.93,79.4,5,Stopped,56,715,1127,1.321,5
0.503,47.4,0.25,1,7.4,5,1,0.79,1217,0.433,3,8445b92e146d23e0,0.435,2,1550,18.2,-24.8,2.81,132.8,2,Stopped,23,82,167,0.174,3
0.492,7.7,1.08,4,2058.9,2,0,2.09,913,0.412,3,1e8d14babbfb2c85,0.527,3,1007,0.0,-4.5,23.89,120.2,3,Active,14,160,329,0.357,3
0.346,15.9,0.44,2,8.0,4,1,2.0,937,0.0,1,f1072b26c5212028,0.4,1,937,3.6,0.0,3.6,129.1,2,Stopped,5,9,26,0.0,1
0.506,9.9,0.98,3,564.8,3,0,1.68,1043,0.222,1,341c7590fe6a87b9,0.543,4,1141,0.2,-13.6,9.05,120.3,3,Active,16,86,174,0.875,5
0.288,17.1,5.94,5,327.3,3,0,1.07,1021,0.08,1,cfa27390cc24fd02,0.25,1,1086,3.4,-35.0,5.2,145.4,1,Stopped,7,34,118,0.714,4
0.287,11.4,2.05,4,7728.4,1,0,2.4,1168,0.2,1,a4fc210e4ae1524b,0.293,1,1168,0.1,14.4,4.97,91.3,5,Active,27,56,195,0.148,3
0.434,20.0,1.39,4,1804.0,2,0,2.45,1388,0.407,3,05f72d251927d714,0.472,2,1457,1.3,33.5,35.09,89.0,5,Active,43,615,1460,1.372,5
0.25,60.0,1.21,4,130.7,3,0,0.95,979,0.444,3,952fd35136ceab82,0.189,1,1104,0.8,-45.0,2.38,141.1,2,Active,10,25,104,0.3,3
0.45,79.6,0.51,2,705.5,3,0,0.99,1553,0.3,2,e492241e20a87e0c,0.488,3,1612,0.2,39.6,5.79,90.7,5,Active,37,216,535,0.649,4
0.533,29.1,0.56,2,242.4,3,0,2.88,1455,0.474,3,c49831d06f77d6ac,0.594,4,1504,3.4,6.8,17.82,94.4,5,Stopped,74,458,942,2.0,5
0.555,4.3,0.33,2,620.1,3,1,1.46,1004,0.571,4,461f97f120f1fdbc,0.511,3,1034,0.0,0.0,28.56,160.5,1,Active,6,117,211,0.0,1
0.382,10.6,6.86,5,641.7,3,0,2.7,835,0.382,2,81a7d6d62b1b847a,0.4,1,1005,6.9,-40.0,5.67,137.8,2,Stopped,10,21,55,0.6,4
0.576,7.6,0.43,2,16.3,4,1,2.08,1913,0.867,5,4d3c2ca9750285a1,0.646,5,1913,0.5,41.0,18.24,210.1,1,Active,8,70,132,0.25,3
0.59,19.8,4.13,5,920.7,2,0,1.11,1200,0.62,5,e638f60d7601552b,0.522,3,1281,0.0,8.9,11.16,118.5,3,Active,22,221,385,0.5,4
0.533,25.5,2.73,5,4952.5,1,0,0.94,1186,0.154,1,822cdfed95b0e294,0.49,3,1186,1.8,20.2,5.96,106.8,4,Active,22,139,272,0.045,2
0.471,115.3,0.3,2,1351.1,2,1,1.66,2109,0.404,3,453ec52ebb6b76a0,0.489,3,2112,12.4,5.3,17.25,119.7,3,Stopped,170,1762,4532,1.147,5
0.229,3.5,0.2,1,188.7,3,1,2.85,923,0.229,1,6e505622a6bb7a8f,0.227,1,1008,0.1,-33.0,7.74,154.6,1,Active,7,19,83,0.429,4
0.619,97.3,0.2,1,20236.4,1,1,0.35,1501,0.505,4,6f8e7a2de6092609,0.576,4,1501,0.0,6.2,4.69,243.5,1,Active,34,456,753,0.412,4
0.351,17.9,1.89,4,719.1,3,0,0.48,1012,0.3,2,1d7f2d8a08dd6f82,0.38,1,1012,1.3,0.0,3.93,121.9,3,Active,8,65,191,0.125,2
0.455,92.0,1.79,4,77.5,4,0,1.23,1939,0.471,3,196f8f36bbf3b720,0.502,3,1939,66.9,22.6,15.65,258.5,1,Stopped,29,369,860,0.897,5
0.537,70.6,0.03,1,240.9,3,1,0.14,1736,0.486,3,80c1a2d8bd4cae78,0.587,4,1772,6.6,183.0,6.18,194.3,1,Stopped,9,385,846,1.444,5
0.382,5.4,0.67,3,4025.8,1,0,2.13,1021,0.486,3,e5a77e3a8d9482ef,0.386,1,1132,0.0,21.5,44.87,143.3,2,Active,11,232,610,0.182,3
0.364,31.1,0.15,1,144.4,3,1,0.36,1055,0.6,4,c0f5702db84e8b0f,0.476,2,1088,0.5,30.0,1.53,111.8,4,Active,11,47,129,0.545,4
0.5,68.7,0.17,1,178.7,3,1,0.25,665,0.0,1,0ecad19554eae342,0.389,1,878,16.4,-53.0,0.49,138.9,2,Stopped,11,22,56,0.545,4
0.539,53.2,2.83,5,15446.6,1,0,0.59,985,0.607,4,5e7d586dffd616fe,0.548,4,1113,5.4,36.9,9.01,101.7,4,Stopped,27,410,790,0.852,5
0.438,18.4,1.53,4,227.5,3,0,3.82,1416,0.494,3,9189b711cdbbfada,0.457,2,1537,0.4,13.4,20.37,76.8,5,Active,64,341,786,0.297,3
0.416,25.6,3.45,5,6.5,5,0,0.26,1188,0.2,1,ea4c3dd186c48975,0.464,2,1188,2.8,0.0,1.4,98.4,4,Active,6,32,89,0.0,1
0.327,42.5,0.03,1,4069.8,1,1,0.43,1652,0.341,2,1159b158db6da631,0.456,2,1674,0.1,78.7,7.02,127.8,2,Active,18,297,1015,0.611,4
0.372,46.3,2.1,4,5625.9,1,0,1.32,1489,0.34,2,2a9775cc40728738,0.41,2,1556,0.0,19.6,17.2,92.1,5,Active,52,676,1990,0.904,5
0.511,30.9,2.19,5,4873.7,1,0,0.33,1330,0.489,3,c2531f0b0373ab63,0.515,3,1380,0.0,88.0,15.81,162.1,1,Active,10,484,1021,0.6,4
0.535,78.2,0.79,3,851.5,3,0,4.91,1595,0.419,3,b9c971b9eb0403e9,0.561,4,1733,6.3,7.3,26.33,92.0,5,Stopped,350,1878,4196,0.737,4
0.732,19.5,1.41,4,2.8,5,0,0.27,1009,0.2,1,4c95fcc24a3e6181,0.688,5,1009,1.0,0.0,1.51,123.5,3,Active,5,28,41,0.0,1
0.342,30.0,4.58,5,8320.6,1,0,2.37,1512,0.322,2,5705b943a2d7df7e,0.356,1,1527,0.0,19.4,28.07,74.7,5,Active,71,840,2879,1.915,5
0.453,45.5,0.98,3,3563.4,1,0,1.79,2153,0.412,3,e23e800b32bff19b,0.486,3,2153,5.2,43.0,38.39,94.1,5,Stopped,72,1548,3882,1.208,5
0.607,41.2,0.39,2,183.6,3,1,1.02,1639,0.579,4,ededdc5ca95301c6,0.577,4,1669,0.5,41.0,15.2,110.5,4,Active,29,430,769,2.172,5
0.517,10.1,10.64,5,2565.3,2,0,2.0,1230,0.598,4,924d11c33955df7d,0.525,3,1230,0.0,54.5,38.01,106.4,4,Active,20,381,780,0.8,5
0.495,38.9,1.74,4,3862.8,1,0,2.93,1636,0.494,3,dc2df0bf02d9af10,0.515,3,1715,0.2,10.0,33.98,71.9,5,Active,113,1312,3059,1.097,5
0.365,17.4,0.64,3,258.8,3,0,0.98,1397,0.409,3,749673d8ca9b5544,0.372,1,1397,0.0,22.3,8.93,120.6,3,Active,17,155,449,0.529,4
0.67,17.4,6.3,5,5200.9,1,0,1.55,1318,0.467,3,9dd9f492088f87e2,0.665,5,1356,0.5,13.6,13.39,98.2,4,Active,26,225,336,0.192,3
0.347,16.8,0.94,3,48.1,4,0,0.72,945,0.385,2,194dbed8009c0a2f,0.387,1,947,1.9,17.0,2.87,136.8,2,Active,10,40,124,0.2,3
0.332,37.1,0.66,3,28.9,4,0,0.26,1124,0.353,2,7eeeb967da657561,0.448,2,1124,1.8,33.5,1.36,134.9,2,Active,9,48,196,0.556,4
0.605,29.1,0.41,2,202.9,3,1,0.3,955,0.943,5,798341862a28989b,0.55,4,967,1.3,0.0,13.1,129.7,2,Active,5,221,390,0.0,1
0.4,8.5,1.0,3,1553.0,2,0,1.64,977,0.4,3,c750477a94936817,0.368,1,986,0.5,16.0,2.47,134.6,2,Active,8,12,30,0.125,2
0.305,26.4,0.41,2,2492.7,2,1,0.84,1067,0.167,1,c89f8dacd32062dc,0.34,1,1116,14.5,18.5,3.86,151.5,1,Stopped,10,46,151,0.4,4
0.835,21.2,0.7,3,392.2,3,0,0.81,1545,0.821,5,6b261bf8b91b7348,0.821,5,1545,0.5,0.0,43.99,113.2,4,Active,12,654,788,0.25,3
0.448,29.8,1.42,4,4073.6,1,0,0.51,1047,0.174,1,0f323787f8bed25f,0.517,3,1047,0.0,3.2,4.15,101.9,4,Active,15,123,281,0.0,1
0.578,22.5,0.5,2,5.3,5,0,2.86,1056,0.578,4,d966b73513fb62a4,0.522,3,1094,20.1,0.0,10.64,122.4,3,Stopped,7,26,45,0.143,3
0.395,191.1,0.05,1,3.3,5,1,0.14,1465,0.235,1,698a33f0d2b16b1f,0.333,1,1697,63.6,20.8,0.35,388.0,1,Stopped,18,45,114,0.0,1
0.565,23.6,3.0,5,480.0,3,0,1.89,1155,0.667,5,3d54e0afb3491b36,0.519,3,1155,7.9,36.7,12.3,80.4,5,Stopped,29,189,352,0.069,2
0.479,50.9,0.01,1,86.9,4,1,0.25,1266,0.426,3,3296c0829492bd9d,0.513,3,1286,3.5,8.0,3.42,130.2,2,Stopped,12,162,457,1.083,5
0.531,11.0,7.0,5,4.3,5,0,0.68,1145,0.531,4,c132f9c30165e479,0.524,3,1145,0.2,0.0,1.94,103.9,4,Active,6,17,32,0.0,1
0.463,47.1,0.04,1,62.3,4,1,0.14,870,0.0,1,aa6912a1cfea7b66,0.636,4,870,10.5,0.0,0.63,143.3,2,Stopped,5,23,54,0.4,4
0.569,17.8,1.16,4,4133.0,1,0,1.53,1624,0.517,4,d94abac11e2a38a6,0.564,4,1624,1.0,44.4,16.68,92.9,5,Active,25,273,480,0.28,3
0.563,54.2,0.29,2,6902.6,1,1,1.02,1578,0.514,4,d05fc81a658f29f3,0.618,4,1627,0.2,16.5,22.16,89.4,5,Active,55,1197,2524,0.691,4
0.341,20.4,0.2,1,7011.9,1,1,0.88,410,0.0,1,639bc0c77ebde6c2,0.341,1,779,1.4,-23.0,4.1,130.1,2,Active,14,65,276,0.214,3
0.475,36.8,0.61,2,1820.0,2,0,1.12,1450,0.395,2,c54f401002eb4c44,0.439,2,1474,1.8,5.7,6.2,85.8,5,Active,39,215,469,0.282,3
0.502,12.3,0.88,3,495.9,3,0,0.7,921,0.462,3,c75a84b39f372dc0,0.49,3,1046,0.0,-87.0,20.2,158.8,1,Active,8,230,486,0.75,4
0.392,28.7,1.8,4,9857.9,1,0,2.71,1217,0.337,2,03b86ad13146b9ef,0.381,1,1217,15.6,4.4,12.01,97.3,4,Stopped,35,155,464,0.486,4
0.572,140.0,0.46,2,115.5,3,1,0.85,1721,0.487,3,e21aa77b6ff510f2,0.672,5,2020,5.8,5.6,4.43,144.6,1,Stopped,114,595,1148,0.474,4
0.577,16.3,3.02,5,10409.7,1,0,0.44,921,0.5,3,b27c8c3f9933a293,0.555,4,947,0.0,0.0,6.66,115.6,3,Active,7,107,213,0.0,1
0.493,33.4,1.45,4,22.1,4,0,0.23,1245,0.426,3,9fb5e88b2716b7b8,0.532,3,1382,0.3,0.0,5.64,173.0,1,Active,7,169,406,0.571,4
0.412,15.7,3.36,5,132.8,3,0,0.66,1122,0.25,1,317d7d506df7e6df,0.4,1,1155,0.4,35.0,4.49,128.1,2,Active,10,68,170,0.7,4
0.453,57.1,1.61,4,3569.4,1,0,1.96,1818,0.389,2,d3f9f79c4b93eb07,0.449,2,1818,0.1,8.8,33.0,81.7,5,Active,111,1870,4331,2.009,5
0.393,62.5,0.84,3,1220.3,2,0,0.08,1754,0.252,1,0e85c67a2b664b62,0.535,3,1754,1.8,0.0,6.72,74.5,5,Active,5,408,1145,0.6,4
0.465,61.0,3.08,5,3240.9,2,0,2.31,1947,0.451,3,b0821de394d1d64e,0.479,3,1947,5.2,20.6,28.21,87.8,5,Stopped,128,1561,3929,2.562,5
0.756,5.4,0.32,2,2.4,5,1,0.98,943,0.756,5,b6f023847dca1db7,0.804,5,943,0.0,0.0,11.57,121.0,3,Active,5,59,78,0.0,1
0.49,12.6,2.27,5,4.7,5,0,0.43,1803,0.5,3,4635ec1cf4e60f76,0.469,2,1803,1.0,0.0,2.09,234.5,1,Active,5,24,49,0.0,1
0.629,35.1,0.07,1,6.1,5,1,0.92,1147,0.4,3,32184d23a1d34f68,0.556,4,1158,17.7,0.0,4.16,123.3,3,Stopped,8,36,62,0.25,3
0.439,6.4,0.38,2,33.3,4,1,1.12,1424,0.471,3,c30f49afc5376efb,0.448,2,1426,0.2,0.0,13.89,154.1,1,Active,7,87,198,0.0,1
0.78,3.7,5.72,5,11.3,4,0,4.36,1036,0.7,5,a2aeace3683fb3c3,0.774,5,1072,0.0,0.0,70.28,158.6,1,Active,8,129,168,0.0,1
0.5,11.2,2.76,5,7.6,5,0,1.99,1168,0.333,2,49d88cb1aa63df67,0.475,2,1196,0.4,35.7,5.88,115.6,3,Active,21,62,128,0.048,2
0.438,42.0,0.15,1,7187.2,1,1,1.07,509,0.261,1,4a8bd8f264c5445c,0.438,2,855,9.4,-6.1,5.09,92.8,5,Stopped,34,161,395,1.0,5
0.446,18.6,0.97,3,933.7,2,0,1.61,883,0.238,1,1c2c50ae404a5317,0.477,2,1102,0.0,-8.2,8.61,115.6,3,Active,27,144,345,0.37,3
0.442,34.5,1.05,4,41.6,4,0,0.54,1259,0.429,3,0787e49c7dcfcbb4,0.446,2,1259,1.4,12.8,2.86,104.8,4,Active,18,95,217,0.056,2
0.385,34.0,0.15,1,6724.3,1,1,0.35,941,0.0,1,a2d7224bf673604f,0.362,1,945,8.0,0.0,4.38,131.6,2,Stopped,9,114,304,0.0,1
0.637,5.5,1.64,4,12.8,4,0,2.28,1411,0.692,5,cef8f4fed7286a94,0.613,4,1411,0.2,0.0,89.1,78.7,5,Active,6,234,369,0.167,3
0.413,34.9,23.5,5,81.9,4,0,0.29,1814,0.194,1,1eb3ea2768d49757,0.392,1,1814,0.2,0.0,2.25,124.6,3,Active,10,78,196,0.0,1
0.285,51.8,0.19,1,69.3,4,1,0.14,1609,0.2,1,748f2ec37345bffc,0.427,2,1718,0.8,0.0,3.22,194.4,1,Active,7,164,617,0.0,1
0.568,25.7,0.09,1,201.3,3,1,0.78,1630,0.492,3,6e20de1973a7c449,0.692,5,1711,0.0,32.6,5.01,147.3,1,Active,20,128,227,0.65,4
0.411,21.5,28.23,5,344.9,3,0,0.54,1124,0.355,2,406f3a2fa63ebe4c,0.386,1,1166,0.7,41.0,6.71,142.8,2,Active,11,136,380,0.818,5
0.398,46.8,0.43,2,4690.0,1,1,1.05,1249,0.215,1,d03fcf2cb810cf7d,0.434,2,1410,2.3,14.2,15.84,80.7,5,Active,47,706,1954,1.106,5
0.283,71.8,0.11,1,104.8,3,1,5.19,838,0.278,1,c14f464bbaa9a42d,0.28,1,1154,61.4,20.4,14.23,110.8,4,Stopped,54,148,576,0.407,4
0.202,75.2,0.25,1,47.9,4,1,0.47,912,0.0,1,59fb80bf6a151757,0.183,1,1376,51.5,-39.4,1.1,415.1,1,Stopped,11,26,129,0.182,3
0.41,76.6,0.0,1,2360.9,2,1,0.5,927,0.347,2,ece38cf57c144126,0.388,1,1364,24.7,-2.0,6.1,274.2,1,Stopped,26,316,780,1.308,5
0.525,7.0,0.95,3,67.2,4,0,0.87,925,0.4,3,bf270352ebbd90ca,0.486,3,925,0.0,0.0,18.63,125.2,3,Active,6,128,261,0.333,3
0.465,61.9,3.96,5,4539.3,1,0,1.1,1275,0.438,3,2d860113b318e862,0.487,3,1279,0.0,10.2,13.3,75.8,5,Active,64,771,2198,1.031,5
0.437,22.9,0.54,2,3597.3,1,0,3.06,1134,0.406,3,dd6af2130c069fca,0.489,3,1277,0.3,-0.1,18.29,69.2,5,Active,69,413,968,0.913,5
0.505,65.9,4.72,5,21.2,4,0,0.95,1061,0.302,2,d916aef7de77eb43,0.512,3,1257,2.5,4.0,2.93,73.6,5,Active,60,186,372,0.283,3
0.55,23.0,0.77,3,301.0,3,0,2.67,1619,0.492,3,aa3dd5e18e7f3886,0.595,4,1734,0.2,26.4,19.44,94.5,5,Active,60,436,869,0.35,3
0.47,21.0,1.29,4,11176.0,1,0,1.91,1613,0.436,3,9c1685042b5013c5,0.457,2,1613,0.0,24.1,29.73,89.8,5,Active,40,623,1335,0.7,4
0.714,31.4,1.23,4,1114.8,2,0,1.16,1160,0.5,3,54cf572bbd3268df,0.774,5,1321,5.2,13.4,8.44,139.3,2,Stopped,26,189,283,0.115,2
0.49,56.9,0.0,1,1114.6,2,1,0.5,1239,0.651,5,26288232cf8c1d94,0.506,3,1328,1.9,14.4,6.39,91.2,5,Active,27,347,749,0.667,4
0.437,19.7,2.11,4,9.8,4,0,3.63,1032,0.437,3,daa1c6cd4a2bfbd9,0.32,1,1134,0.2,-2.2,7.26,103.6,4,Active,19,38,87,0.0,1
0.531,12.8,186.5,5,193.9,3,0,0.86,1108,0.559,4,69dd74ed7968bbaf,0.548,4,1108,0.0,32.0,15.03,125.7,3,Active,11,192,375,0.091,2
0.377,32.2,0.66,3,79.7,4,0,1.52,1081,0.174,1,7168c00d3502282c,0.387,1,1127,9.7,33.0,4.09,102.4,4,Stopped,20,54,159,0.55,4
0.355,51.2,5.59,5,24730.1,1,0,0.46,1475,0.301,2,60b0396ba26661ce,0.347,1,1475,4.2,16.6,5.18,119.6,3,Stopped,21,237,705,0.286,3
0.62,56.6,2.53,5,10603.2,1,0,0.6,1275,0.619,5,8e3dda3f999945c7,0.595,4,1315,0.2,7.2,10.34,106.0,4,Active,21,362,731,0.238,3
0.574,54.2,1.94,4,2.8,5,0,1.11,710,0.574,4,f01797f7cc711e6a,0.741,5,965,2.2,-15.7,3.0,117.7,3,Active,20,54,94,0.0,1
0.445,16.4,1.1,4,35.4,4,0,0.67,1103,0.356,2,18c611dd5fd5d0df,0.453,2,1193,0.0,78.5,4.34,156.8,1,Active,11,71,191,0.273,3
0.348,105.5,1.23,4,18.6,4,0,0.55,1685,0.364,2,609c99fed0d2e9bc,0.551,4,1771,71.0,9.2,6.9,324.3,1,Stopped,18,226,649,0.111,2
0.577,46.1,1.23,4,4940.7,1,0,4.29,894,0.522,4,ac17109bd12a41dc,0.573,4,943,0.1,5.0,23.21,62.7,5,Active,121,655,1183,1.033,5
0.739,20.6,0.49,2,709.9,3,1,2.01,1412,0.667,5,62bcbc8a2820e207,0.81,5,1437,0.2,-1.4,11.77,108.7,4,Active,20,117,161,0.05,2
0.384,83.8,0.22,1,21747.4,1,1,0.39,1031,0.255,1,b7609fce2a816878,0.457,2,1376,3.8,-16.0,1.64,255.4,1,Stopped,31,131,367,0.613,4
0.592,81.9,0.34,2,1743.3,2,1,4.01,1302,0.652,5,da344e7bdef9a4c3,0.573,4,1302,2.1,-1.1,50.75,70.7,5,Active,75,950,2021,1.133,5
0.429,11.7,6.0,5,7.1,5,0,0.77,899,0.429,3,14e76dc1aa7fabcb,0.4,1,930,3.9,0.0,0.77,136.9,2,Stopped,6,6,14,0.0,1
0.318,16.9,0.69,3,681.2,3,0,1.73,1376,0.214,1,a787acaefd055edb,0.336,1,1502,0.1,13.7,13.77,124.9,3,Active,29,231,743,0.414,4
0.504,27.1,0.72,3,950.1,2,0,1.26,1346,0.536,4,4f65d66e71dbc5e9,0.497,3,1472,0.2,30.8,6.35,104.3,4,Active,34,171,341,0.441,4
0.67,17.9,0.05,1,0.2,5,1,0.72,890,0.0,1,f62dab55cee3e364,0.558,4,890,0.4,-2.0,3.43,137.7,2,Active,12,57,88,0.0,1
0.571,20.1,0.69,3,36.2,4,0,0.47,921,0.5,3,9810c9a9943471ef,0.686,5,925,0.4,0.0,2.83,127.9,2,Active,8,48,91,0.75,4
0.577,11.3,0.62,2,1989.3,2,0,0.62,1587,0.556,4,7b50e9ee21954c6f,0.573,4,1587,0.0,0.0,25.59,142.5,2,Active,7,289,511,0.0,1
0.781,6.6,3.0,5,0.2,5,0,4.66,962,0.667,5,f08044a879adf403,0.812,5,962,0.1,0.0,21.45,124.4,3,Active,5,23,32,0.0,1
0.5,10.1,6.0,5,8.2,4,0,0.72,1395,0.6,4,40e70557404103f7,0.8,5,1437,0.4,0.0,2.16,123.5,3,Active,7,21,42,0.0,1
0.593,7.9,0.39,2,1034.2,2,1,2.1,651,0.667,5,6df742ea37d14961,0.547,4,895,0.0,-23.6,31.11,119.6,3,Active,15,222,398,0.0,1
0.376,20.3,10.12,5,57.8,4,0,0.67,718,0.308,2,f5784bc2cb14e54c,0.321,1,868,0.8,-16.2,3.28,121.2,3,Active,13,64,178,0.077,2
0.399,32.6,0.93,3,89348.6,1,0,0.26,798,1.0,5,9e19cf8907dbe0a6,0.357,1,842,0.0,-38.0,2.25,132.4,2,Active,7,61,158,0.714,4
0.408,68.4,2.47,5,2290.8,2,0,1.59,1964,0.291,1,c1cae335bd7ac721,0.404,2,1992,0.4,22.8,12.45,76.3,5,Active,108,847,2221,1.019,5
0.221,50.8,6.67,5,406.2,3,0,0.38,1353,0.161,1,3d214ce4210f86f1,0.181,1,1492,3.3,29.4,1.75,135.0,2,Stopped,18,83,376,0.611,4
0.384,11.9,0.73,3,53.3,4,0,2.81,1803,0.296,2,b27c5c9c8cc39b97,0.381,1,1803,6.2,21.0,13.33,139.4,2,Stopped,16,76,211,0.062,2
0.496,33.2,0.34,2,7722.0,1,1,1.22,1373,0.437,3,7a7c13b445ee429c,0.532,3,1460,0.0,25.2,9.09,81.5,5,Active,37,275,561,0.514,4
0.328,33.0,0.51,2,535.3,3,0,3.36,750,0.368,2,c4d33dc2e65aaa01,0.294,1,980,23.7,-33.0,14.98,128.1,2,Stopped,13,58,180,0.308,3
0.584,10.6,0.41,2,66.1,4,1,1.38,955,0.333,2,55f92e4f5340df40,0.544,4,1023,0.0,16.8,11.71,130.4,2,Active,12,102,185,0.25,3
0.644,19.6,30.71,5,32.0,4,0,0.77,1004,1.0,5,49dbc6415ce3c49d,0.678,5,1009,0.0,0.0,18.04,127.2,3,Active,6,140,222,0.0,1
0.434,12.1,0.77,3,307.4,3,0,2.09,1148,0.455,3,2a1f785cfc22bce6,0.496,3,1150,0.0,21.2,20.3,97.2,4,Active,25,243,579,0.68,4
0.424,12.6,0.6,2,303.0,3,0,2.11,1178,0.383,2,69fc0741330f43dd,0.41,2,1270,0.4,1.2,15.49,124.1,3,Active,24,176,420,0.208,3
0.459,5.8,1.27,4,55.4,4,0,1.06,979,0.462,3,6735db129fb6d318,0.452,2,1005,0.0,0.0,34.47,146.3,1,Active,6,196,440,0.333,3
0.5,41.7,0.94,3,4587.4,1,0,0.72,1496,0.48,3,08749b6c37f206b1,0.5,3,1611,4.9,21.7,8.27,122.1,3,Stopped,26,300,624,0.5,4
0.061,7.1,1.2,4,4.7,5,0,2.46,769,0.0,1,2976674e6944aab9,0.087,1,770,4.8,0.0,0.98,136.7,2,Stopped,5,2,33,0.0,1
0.411,33.0,0.89,3,7911.6,1,0,4.65,1356,0.33,2,eb9a4269e258b89e,0.396,1,1796,0.1,5.4,26.27,74.9,5,Active,153,864,2240,1.144,5
0.461,81.4,1.64,4,4514.0,1,0,1.11,1541,0.419,3,43f4165ca9b541cf,0.458,2,1757,0.3,12.5,10.47,162.9,1,Active,89,842,1986,0.73,4
0.51,130.7,0.35,2,1130.2,2,1,0.34,2225,0.467,3,9cdc5ccda3abc009,0.608,4,2503,0.0,7.2,12.19,276.6,1,Active,44,1593,3251,1.136,5
0.545,10.4,0.69,3,5923.8,1,0,1.68,1162,0.528,4,0514daea39f70068,0.539,3,1162,0.1,40.5,43.94,114.1,3,Active,16,419,789,0.812,5
0.437,41.5,0.13,1,8816.9,1,1,1.42,1649,0.424,3,913abb3e1cf09e1c,0.459,2,1722,5.8,14.7,22.72,88.9,5,Stopped,48,770,1828,0.708,4
0.742,14.5,5.2,5,0.8,5,0,0.5,1280,0.5,3,18f393227daf6c44,0.765,5,1280,4.3,0.0,2.31,126.1,3,Stopped,5,23,31,0.0,1
0.641,8.7,3.64,5,2248.2,2,0,0.58,838,0.5,3,5aa8dffec42c1851,0.551,4,838,0.1,0.0,11.19,137.1,2,Active,5,97,153,0.0,1
0.252,74.3,0.05,1,11.3,4,1,0.65,1151,0.083,1,e7154f1b89d36bb1,0.317,1,1466,30.9,-24.1,1.87,261.9,1,Stopped,28,81,322,0.071,2
0.64,29.7,2.83,5,367.4,3,0,1.43,1235,0.736,5,12c54ec1f5359fc1,0.628,4,1263,0.2,3.7,15.75,84.0,5,Active,42,464,727,0.214,3
0.488,20.1,0.9,3,3229.1,2,0,1.75,1509,0.472,3,a41f24a1e412cd1c,0.458,2,1509,0.1,26.8,46.63,97.5,4,Active,35,931,1991,1.171,5
0.556,66.8,0.28,1,3808.5,1,1,2.39,1323,0.539,4,c4bd106408d204eb,0.54,3,1554,21.0,4.8,21.97,65.8,5,Stopped,108,991,1797,0.778,4
0.474,17.9,0.42,2,1245.5,2,1,0.78,1012,0.0,1,b19b5f54c32f833d,0.361,1,1012,0.4,-5.5,4.43,130.7,2,Active,13,74,156,0.0,1
0.442,65.8,0.01,1,12335.7,1,1,0.74,981,0.373,2,555aa0631f9423f1,0.444,2,1099,0.4,-3.2,2.71,86.7,5,Active,43,158,369,1.0,5
0.386,12.0,0.24,1,84.2,4,1,1.16,1176,0.316,2,ac5445cbc1e9f10d,0.326,1,1280,4.3,189.0,9.18,173.8,1,Stopped,9,71,189,0.333,3
0.466,5.4,1.9,4,501.8,3,0,2.74,997,1.0,5,784b54b926efd085,0.415,2,997,0.0,24.0,53.55,127.4,2,Active,7,137,307,0.286,3
0.376,25.4,2.62,5,583.4,3,0,0.85,1611,0.284,1,5f4565fe9f4e23f7,0.429,2,1672,0.7,16.5,12.12,119.7,3,Active,21,299,862,0.333,3
0.447,57.5,0.23,1,355.0,3,1,0.36,669,0.444,3,3e34f94bfa03c75d,0.703,5,948,2.8,-32.5,0.97,149.1,1,Active,11,30,161,2.455,5
0.375,32.4,3.61,5,10118.4,1,0,1.7,870,0.293,2,b6ff9077f24ad5e7,0.371,1,993,0.0,2.4,15.37,95.2,5,Active,39,352,1001,0.308,3
0.569,15.9,0.29,2,4.0,5,1,1.4,864,0.25,1,6b758f94416437a7,0.594,4,947,0.4,-46.0,5.79,132.0,2,Active,8,33,58,0.0,1
0.348,43.2,0.54,2,1786.6,2,0,2.44,1640,0.321,2,c3e10aadfdba9293,0.356,1,1640,8.8,8.6,13.51,76.1,5,Stopped,81,449,1346,1.025,5
0.594,22.8,0.13,1,2366.8,2,1,0.45,1450,0.679,5,716d92aeca0bdf5f,0.563,4,1455,0.5,109.0,9.36,163.5,1,Active,10,209,357,0.1,2
0.34,2.6,1.63,4,26.0,4,0,4.09,1238,0.34,2,5ed776c13f898b34,0.3,1,1238,0.4,125.5,7.72,132.5,2,Active,9,17,50,0.111,2
0.445,28.9,0.5,2,390.0,3,0,2.95,1707,0.372,2,8f1524521b7e9ad1,0.475,2,1707,1.2,4.2,24.82,73.9,5,Active,82,689,1723,2.256,5
0.556,10.5,0.5,2,883.0,2,0,1.39,1199,0.523,4,01238f1b74d8d56c,0.582,4,1199,0.8,74.5,21.66,104.6,4,Active,13,202,392,0.385,3
0.55,44.4,2.51,5,161.8,3,0,1.29,1331,0.595,4,33cdfa2710455ac2,0.6,4,1520,0.1,14.1,9.04,87.0,5,Active,57,400,747,0.316,3
0.456,8.7,102.0,5,1309.0,2,0,2.22,849,0.308,2,72beae1d4a26294f,0.455,2,947,1.9,11.6,33.24,115.6,3,Active,15,225,515,0.2,3
0.38,22.5,0.04,1,1350.6,2,1,0.92,1233,0.28,1,3304392ee8e530b0,0.385,1,1238,5.0,30.0,9.81,116.9,3,Stopped,16,171,450,0.312,3
0.667,6.7,0.5,2,0.0,5,0,1.88,814,0.667,5,425c88f8a336c433,0.636,4,1017,0.8,-35.2,2.05,171.4,1,Active,11,12,18,0.0,1
0.651,15.0,1.49,4,5706.5,1,0,0.33,1140,0.631,5,b3ad803e49d080b4,0.645,5,1140,0.0,0.0,16.6,144.1,1,Active,5,248,401,1.0,5
0.466,65.3,0.11,1,5166.9,1,1,0.15,1687,0.338,2,eeef14d023baa3f1,0.536,3,1687,3.1,0.0,6.06,147.2,1,Stopped,9,360,789,0.444,4
0.51,64.6,0.07,1,1247.1,2,1,0.2,1183,0.338,2,488cd9e168c9a127,0.5,3,1245,0.4,44.0,5.89,154.1,1,Active,13,378,787,0.385,3
0.651,11.4,0.1,1,515.3,3,1,2.77,2264,0.304,2,b689338e8b14b8e7,0.7,5,2264,9.2,0.0,38.74,271.9,1,Stopped,6,84,149,0.0,1
0.582,3.6,0.05,1,3.9,5,1,2.57,1922,0.517,4,6f4a36b21e3a7921,0.677,5,1922,0.8,0.0,20.93,181.4,1,Active,7,57,98,0.0,1
0.382,11.6,2.37,5,814.5,3,0,1.51,1996,0.386,2,18345cada7552692,0.433,2,2040,0.4,34.0,22.64,149.7,1,Active,17,254,681,0.412,4
0.593,5.8,0.74,3,242.9,3,0,4.62,885,0.429,3,4c966c505cc3420d,0.606,4,981,1.7,-13.5,30.62,108.3,4,Active,19,126,214,0.526,4
0.501,20.0,2.56,5,5042.3,1,0,1.17,927,0.404,3,c9584896586e88b9,0.508,3,927,0.1,-1.0,34.64,100.0,4,Active,18,534,1133,1.056,5
0.436,34.6,1.1,4,9611.6,1,0,0.71,917,0.0,1,37c2f1fe868d4f6a,0.388,1,954,14.8,-4.0,6.23,117.8,3,Stopped,11,96,227,0.455,4
0.685,37.6,0.72,3,179.1,3,0,2.92,764,0.5,3,22b5dc4ab334a94d,0.639,5,937,7.2,-31.5,32.16,143.5,1,Stopped,10,110,162,0.8,5
0.855,3.9,0.12,1,82.2,4,1,5.56,1272,1.0,5,3a68d9b3624c474a,0.865,5,1312,2.1,27.0,120.72,184.9,1,Active,10,217,255,0.0,1
0.6,21.1,4.0,5,0.4,5,0,0.37,902,0.6,4,ae094490bda7f2fe,0.714,5,902,6.5,0.0,0.89,118.4,3,Stopped,5,12,20,0.0,1
0.659,15.3,1.36,4,2997.3,2,0,2.02,1348,0.565,4,1b2b2bacfc31d41d,0.676,5,1401,0.1,15.9,19.19,97.4,4,Active,30,285,458,0.867,5
0.576,24.5,3.43,5,1170.6,2,0,1.5,1446,0.59,4,a0b949170738e24e,0.546,4,1482,0.2,35.3,29.85,98.1,4,Active,32,638,1155,1.031,5
0.363,73.2,1.45,4,9132.7,1,0,2.44,2215,0.33,2,08a1c44aac339c51,0.394,1,2305,2.4,13.0,24.87,85.5,5,Active,132,1348,3787,0.72,4
0.5,16.4,1.38,4,8.8,4,0,0.8,894,1.0,5,0e90ea83d6a5f051,0.625,4,1153,0.2,-11.5,1.18,141.6,2,Active,13,19,38,0.077,2
0.437,54.7,2.34,5,17836.4,1,0,1.0,998,0.439,3,e38c091a6a9d621e,0.431,2,1150,1.5,-2.0,9.05,79.2,5,Active,53,481,1138,0.887,5
0.427,64.0,0.0,1,19056.8,1,1,0.36,910,0.472,3,a0e713bf0e201d00,0.427,2,1016,0.2,0.5,7.13,112.2,4,Active,23,453,1077,0.522,4
0.515,39.6,4.22,5,3029.2,2,0,1.17,1518,0.519,4,77fb108a4452f950,0.524,3,1518,8.7,14.2,11.7,90.8,5,Stopped,36,359,720,0.278,3
0.422,22.2,205.0,5,8.7,4,0,1.09,1429,0.083,1,1cccd9573d9a5fa7,0.47,2,1429,0.2,48.2,3.94,103.3,4,Active,24,87,206,0.0,1
0.45,6.0,0.12,1,962.5,2,1,0.88,1034,0.38,2,715bc2bbc2d3c066,0.416,2,1034,0.3,0.0,36.08,106.9,4,Active,5,206,587,0.0,1
0.56,37.3,1.48,4,3308.2,2,0,0.46,1627,0.509,4,f0e6b8536b49eb6d,0.568,4,1627,0.0,55.0,20.66,113.4,3,Active,17,771,1471,1.353,5
0.5,46.2,3.78,5,31292.5,1,0,0.23,1095,0.375,2,d98dd278cca34acc,0.5,3,1241,2.9,-49.0,0.95,152.8,1,Active,10,41,86,0.3,3
0.643,56.9,1.74,4,59.4,4,0,1.63,2363,0.576,4,d60b148a641b19fe,0.702,5,2380,0.5,6.1,28.11,93.1,5,Active,90,1551,2469,0.556,4
0.425,27.7,0.32,2,7.0,5,1,0.57,1864,0.312,2,9e7a69469e034fe3,0.5,3,1864,8.5,161.0,1.88,180.2,1,Stopped,11,36,87,0.091,2
0.591,22.0,4.03,5,12.6,4,0,0.56,1458,0.595,4,6afff3d3dda2d251,0.625,4,1519,0.4,104.5,4.91,144.0,1,Active,12,106,181,0.0,1
0.4,20.5,0.03,1,3900.6,1,1,0.74,1021,0.4,3,2d56e1dbaee5cffe,0.462,2,1021,1.3,0.0,1.47,111.1,4,Active,6,12,30,0.167,3
0.46,18.8,0.22,1,1966.2,2,1,2.22,1416,0.517,4,377d6961c4a95e57,0.471,2,1416,0.8,16.6,15.69,99.8,4,Active,40,283,639,1.025,5
0.731,14.7,0.67,3,930.9,2,0,0.96,1279,0.833,5,f935834f179d7966,0.662,5,1403,0.0,-32.8,53.83,148.3,1,Active,14,786,1195,0.143,3
0.477,13.4,0.3,2,186.4,3,1,2.68,1648,0.424,3,79a2104b3cf09a38,0.5,3,1772,0.2,-9.4,14.52,139.3,2,Active,34,184,386,0.059,2
0.652,27.6,12.8,5,32225.4,1,0,0.34,872,0.0,1,884927d8a08bc510,0.533,3,947,0.4,-21.0,1.68,143.0,2,Active,9,45,69,0.0,1
0.41,34.8,0.07,1,5.0,5,1,0.18,1059,0.0,1,fde31fb6e946906b,0.439,2,1086,1.4,0.0,1.38,153.6,1,Active,6,46,117,0.0,1
0.495,80.9,151.17,5,22.4,4,0,0.36,2024,0.409,3,4e1af880b236d990,0.535,3,2164,6.4,19.1,5.02,165.3,1,Stopped,27,374,913,0.815,5
0.5,13.2,0.18,1,50.6,4,1,1.39,1660,0.317,2,be0659e7ad014227,0.597,4,1735,0.6,-17.8,6.73,165.7,1,Active,17,82,178,0.118,2
0.678,18.4,0.11,1,61.1,4,1,1.19,1626,0.688,5,db7ea108c1145bb8,0.684,5,1673,0.2,9.2,8.41,144.0,1,Active,19,134,199,0.684,4
0.381,10.6,0.51,2,206.0,3,0,1.14,1215,0.296,2,80af2b4e37db3dda,0.364,1,1215,0.0,11.0,9.63,121.5,3,Active,9,76,202,0.222,3
0.471,51.1,0.01,1,342.8,3,1,0.72,1525,0.708,5,b8a98962d15886d9,0.405,2,1529,12.5,21.4,4.8,104.2,4,Stopped,27,180,401,0.074,2
0.462,101.5,0.05,1,2663.5,2,1,1.93,1408,0.386,2,2196ff2cd122f610,0.461,2,1992,0.5,4.7,11.28,117.5,3,Active,195,1140,2610,0.595,4
0.417,43.3,0.82,3,1.9,5,0,0.27,860,0.286,1,386b5baa5a17427c,0.467,2,938,9.6,0.0,0.74,140.2,2,Stopped,9,25,60,0.222,3
0.552,6.2,0.8,3,1416.4,2,0,2.48,1266,0.482,3,057dc731a521c713,0.573,4,1266,0.1,39.8,74.34,122.2,3,Active,15,450,835,0.6,4
0.286,29.6,0.27,1,21.9,4,1,0.43,1731,0.225,1,42e6b9c0362b5e03,0.543,4,1731,8.8,176.0,2.26,146.1,1,Stopped,9,47,182,0.444,4
0.397,41.0,0.29,2,40354.4,1,1,0.8,773,0.265,1,18d5d5d5b498e8ef,0.398,1,933,2.4,3.9,4.26,107.1,4,Active,27,144,368,0.481,4
0.714,20.5,4.25,5,3408.0,2,0,0.33,1199,0.857,5,68f5b060e1b6142c,0.683,5,1199,1.5,0.0,7.8,156.8,1,Active,5,120,168,0.0,1
0.746,11.5,0.72,3,32.4,4,0,1.77,1098,0.833,5,2e1a7c2ead1a6252,0.771,5,1135,0.1,-3.6,11.74,118.6,3,Active,20,133,181,0.15,3
0.429,55.7,0.58,2,11082.5,1,0,1.19,1148,0.398,3,348beb19c5602862,0.43,2,1253,0.0,9.0,13.66,70.6,5,Active,64,732,1780,0.625,4
0.395,28.4,0.15,1,513.3,3,1,3.3,1420,0.41,3,775c9a6f9e0754fd,0.374,1,1430,1.1,4.6,16.75,72.6,5,Active,90,457,1171,0.189,3
0.239,18.3,2.31,5,2521.0,2,0,2.69,1396,0.161,1,ee56d60d5dcd323d,0.299,1,1406,0.1,13.8,27.52,88.1,5,Active,49,501,2352,0.143,3
0.577,21.5,0.33,2,79.6,4,1,1.41,991,0.0,1,7fdac5292bd0f02b,0.536,3,991,0.2,15.3,4.03,92.6,5,Active,30,86,149,0.1,2
0.441,22.6,5.89,5,5348.0,1,0,1.39,1128,0.185,1,a97eefaae28500ad,0.42,2,1128,0.9,45.0,18.78,113.3,4,Active,18,243,565,0.611,4
0.688,20.8,0.75,3,84.6,4,0,2.06,718,0.635,5,8c78c09d0cc6fed8,0.659,5,1218,0.6,-25.7,19.93,115.3,3,Active,35,339,548,0.686,4
0.42,36.7,12.79,5,46.9,4,0,0.25,1586,0.378,2,3733b2a0647ce2cb,0.435,2,1586,0.0,23.0,2.53,218.7,1,Active,9,93,262,1.333,5
0.713,17.3,0.48,2,534.8,3,1,0.43,1286,0.769,5,977c057f614dae94,0.691,5,1286,1.0,0.0,21.02,135.9,2,Active,7,344,498,0.0,1
0.729,28.6,1.64,4,10049.5,1,0,0.84,828,0.875,5,b3a6345a3be07b18,0.69,5,908,0.1,-3.1,13.66,99.5,4,Active,24,390,538,0.167,3
0.405,46.5,2.75,5,187.6,3,0,1.24,826,0.455,3,4e84e71917ebc5cf,0.363,1,1182,0.5,3.1,2.41,81.5,5,Active,57,111,274,0.263,3
0.259,5.9,12.5,5,3.9,5,0,1.28,990,0.0,1,e81fbef5e6029209,0.333,1,997,2.0,0.0,1.79,128.1,2,Active,5,7,27,0.0,1
0.408,34.8,0.21,1,5.0,5,1,0.4,1719,0.206,1,650861538cda6dca,0.46,2,1719,12.4,0.0,2.14,163.3,1,Stopped,9,48,120,0.0,1
0.487,42.4,78.33,5,1580.8,2,0,0.3,760,0.25,1,e03f262d8bdea8a7,0.381,1,919,19.4,-104.0,4.57,179.1,1,Stopped,7,105,238,0.857,5
0.572,8.9,1.52,4,1623.3,2,0,3.27,1599,0.545,4,a40b6b8dbddf4379,0.548,4,1599,0.1,31.1,46.63,99.5,4,Active,26,371,701,0.538,4
0.432,65.7,2.31,5,18640.4,1,0,0.37,1445,0.459,3,3fb8b45c8aba95de,0.43,2,1445,0.1,-2.8,3.21,142.3,2,Active,17,149,410,1.176,5
0.43,15.2,0.89,3,5.9,5,0,1.66,929,0.5,3,421a5db6bdf1d1d2,0.385,1,1148,0.2,-5.3,2.79,105.8,4,Active,25,42,100,0.0,1
0.477,45.8,0.37,2,1581.4,2,1,0.44,1289,0.433,3,edec7aa0cb7c77e5,0.478,3,1322,0.0,67.0,8.32,111.6,4,Active,16,302,665,0.938,5
0.578,13.1,1.16,4,15.3,4,0,3.93,1866,0.496,3,927f5e36714f3eb4,0.573,4,1980,0.4,11.2,23.87,112.7,4,Active,50,304,535,0.2,3
0.459,6.4,1.55,4,747.9,3,0,1.47,884,0.154,1,ca39c9cd383476c2,0.461,2,884,0.0,21.3,15.3,122.8,3,Active,9,94,209,0.778,4
0.464,19.0,2.49,5,1910.3,2,0,0.91,1445,0.404,3,c57073ca5ec8079e,0.478,3,1445,0.0,87.8,10.77,111.4,4,Active,17,201,457,0.235,3
0.458,17.0,0.94,3,4753.7,1,0,1.53,1302,0.373,2,dd2c146bb7f1413e,0.409,2,1302,0.0,10.8,21.75,106.2,4,Active,24,340,765,0.292,3
0.565,41.5,0.18,1,1638.8,2,1,1.01,1363,0.479,3,dab4e9966a06ac5d,0.573,4,1485,1.9,-11.8,7.85,102.2,4,Active,40,310,586,0.35,3
0.526,9.4,1.14,4,250.6,3,0,2.02,843,0.375,2,45f4f36e54ec2e2d,0.457,2,954,0.0,3.2,7.87,113.3,4,Active,18,70,137,0.222,3
0.654,29.2,3.23,5,1258.8,2,0,2.83,1243,0.626,5,17299e8bea9410f9,0.695,5,1267,0.0,11.0,28.38,63.5,5,Active,77,772,1209,0.636,4
0.423,19.6,1.37,4,744.3,3,0,0.84,1400,0.345,2,9b55862484068c3a,0.481,3,1400,1.2,31.5,34.95,119.0,3,Active,15,627,1733,1.533,5
0.498,11.9,0.95,3,2623.2,2,0,2.29,1545,0.444,3,1b1041cf813929b8,0.518,3,1660,0.0,-8.7,55.44,143.8,1,Active,24,581,1166,0.083,2
0.622,24.6,0.68,3,4.4,5,0,1.38,1225,0.538,4,8ec5890a0e421886,0.72,5,1368,2.7,-9.5,4.76,133.4,2,Active,13,45,74,0.0,1
0.615,14.4,1.0,3,2353.1,2,0,3.51,1579,0.654,5,25ddf5394bfdfe86,0.629,4,1579,0.0,5.1,47.18,97.4,4,Active,43,578,968,0.326,3
0.435,7.9,0.68,3,429.4,3,0,2.03,1225,0.338,2,a76126e01e86188e,0.398,1,1225,0.0,25.2,24.81,127.6,2,Active,16,196,455,0.25,3
0.661,29.6,0.33,2,144.2,3,1,0.58,990,0.5,3,8b233bd693707073,0.688,5,1030,5.3,72.0,6.05,110.9,4,Stopped,14,147,230,0.429,4
0.391,10.2,0.42,2,4.7,5,1,0.6,968,0.25,1,568fcbd7b5f6e606,0.367,1,968,0.4,0.0,2.89,113.7,3,Active,5,24,64,0.0,1
0.396,33.4,0.06,1,86.3,4,1,0.3,946,0.0,1,72344ec8ca58f920,0.357,1,952,6.3,0.0,1.49,124.1,3,Stopped,7,35,101,0.571,4
0.323,16.9,1.5,4,3437.6,1,0,1.12,811,0.333,2,458005bdd5839778,0.349,1,1032,3.9,-31.0,3.28,132.5,2,Stopped,14,41,130,0.143,3
0.4,30.3,2.89,5,61.9,4,0,0.62,1131,0.383,2,8923232bf4dc3118,0.431,2,1131,1.2,-8.1,10.87,131.0,2,Active,18,316,832,0.667,4
0.605,27.6,1.38,4,4576.4,1,0,1.0,1027,0.541,4,12663bca0ba34bc4,0.6,4,1083,0.6,12.9,11.6,102.6,4,Active,27,313,560,0.815,5
0.514,43.7,0.56,2,5203.1,1,0,2.96,1210,0.408,3,0674a27bea2da336,0.481,3,1461,0.4,4.4,14.96,64.0,5,Active,122,617,1244,0.795,5
0.548,19.9,22.1,5,6726.6,1,0,0.6,1585,0.538,4,8be031804f83a4cd,0.585,4,1593,0.7,109.0,12.02,170.4,1,Active,11,222,462,0.0,1
0.663,9.6,1.96,4,2152.0,2,0,0.54,852,0.333,2,d25a75fc2ecb1d5e,0.656,5,852,0.4,0.0,11.2,126.6,3,Active,5,103,163,0.4,4
0.517,22.8,0.83,3,1830.8,2,0,0.66,1269,0.259,1,cb7522f4c1e5f6e1,0.518,3,1269,0.0,79.7,7.98,118.3,3,Active,15,182,352,0.133,2
0.558,33.5,11.67,5,42.0,4,0,0.4,1122,0.0,1,a4ac1e089796de3d,0.611,4,1122,1.1,10.0,2.84,115.8,3,Active,13,92,190,0.231,3
0.615,21.2,1.75,4,2406.7,2,0,2.83,1329,0.625,5,abedcf20398333f4,0.618,4,1329,0.3,14.5,38.94,88.1,5,Active,59,811,2301,3.475,5
0.599,26.7,0.33,2,3965.2,1,1,2.36,1179,0.519,4,01e90b8381db16df,0.585,4,1207,1.8,10.6,18.97,78.6,5,Active,56,451,756,0.786,4
0.835,17.5,0.34,2,69.5,4,1,0.94,1121,0.5,3,f7a6d31d6a53aaef,0.789,5,1121,0.0,-24.2,15.08,129.0,2,Active,16,258,316,0.375,3
0.376,26.8,0.35,2,240.4,3,1,0.2,897,0.367,2,d7e9124020053f43,0.43,2,897,1.9,0.0,4.13,108.4,4,Active,5,103,378,1.0,5
0.378,33.1,0.79,3,2356.1,2,0,0.7,1808,0.348,2,f03fc80bd61cf0ea,0.443,2,1808,0.1,42.6,31.16,101.9,4,Active,23,1029,3038,1.435,5
0.64,43.6,0.03,1,1429.6,2,1,0.31,824,0.64,5,c5ef844986dd2ecd,0.633,4,943,4.5,-5.5,2.41,134.6,2,Stopped,12,94,150,0.0,1
0.565,31.5,2.89,5,7789.1,1,0,0.94,1299,0.556,4,19b4219c8fb261c7,0.565,4,1299,0.3,21.8,15.79,92.1,5,Active,29,487,894,0.345,3
0.371,89.8,0.37,2,12.8,4,1,0.37,2104,0.202,1,7bd40273397a95e5,0.453,2,2109,44.2,68.0,3.35,365.7,1,Stopped,17,152,428,0.294,3
0.562,1.6,1.0,3,4.6,5,0,4.96,1132,1.0,5,60fc9ed4cc88e26f,0.786,5,1191,0.2,-24.0,12.76,175.2,1,Active,7,18,32,0.0,1
0.323,54.1,0.0,1,26.5,4,1,0.27,1120,0.375,2,59f206672d1e98d9,0.431,2,1250,3.7,-87.0,7.36,195.6,1,Stopped,7,189,598,0.429,4
0.502,22.5,0.32,2,104.9,3,1,1.76,1310,0.427,3,a1e11d278d030f3d,0.491,3,1440,4.3,12.2,22.19,104.6,4,Stopped,32,403,818,0.688,4
0.348,22.0,1.71,4,36514.4,1,0,0.37,899,0.5,3,ac8c216f29f0a0fc,0.438,2,899,1.4,0.0,0.99,123.5,3,Active,6,16,46,0.167,3
0.526,18.4,1.1,4,3913.7,1,0,1.7,1612,0.531,4,7114674698c2ae9a,0.52,3,1612,0.1,10.1,17.46,109.5,4,Active,31,318,641,0.774,4
0.464,93.6,1.56,4,277.8,3,0,0.61,1069,0.339,2,a2490b138c174b00,0.434,2,1367,26.3,-0.9,8.14,220.5,1,Stopped,41,548,1231,1.0,5
0.702,1.7,1.04,4,211.1,3,0,5.83,1159,0.833,5,5f1fc91afbe43659,0.673,5,1159,0.0,0.0,65.83,140.7,2,Active,7,79,114,0.0,1
0.538,45.4,129.0,5,373.0,3,0,0.14,919,0.333,2,70da4f3e2df95099,0.479,3,934,1.6,0.0,1.37,133.4,2,Active,6,60,130,0.5,4
0.536,57.6,0.96,3,81.2,4,0,0.83,2016,0.477,3,604a258e7fca207b,0.516,3,2016,16.4,20.9,12.16,125.3,3,Stopped,34,500,1346,3.382,5
0.485,71.4,2.56,5,10.3,4,0,0.25,1940,0.384,2,19136f9a903d6f23,0.468,2,1940,1.8,106.5,5.36,213.5,1,Active,13,284,612,0.231,3
0.527,88.4,0.74,3,31163.4,1,0,0.51,774,0.714,5,5358a4edcc8a0932,0.536,3,1371,14.5,-12.0,4.26,235.2,1,Stopped,37,308,592,0.324,3
0.548,10.9,0.41,2,519.9,3,1,1.0,891,0.208,1,ce80c5e2523958bf,0.538,3,976,0.9,-12.7,27.94,127.7,2,Active,10,280,544,0.3,3
0.417,35.5,1.8,4,3732.5,1,0,0.87,1178,0.588,4,870afb4f9eae89ec,0.358,1,1178,4.3,29.4,4.55,96.9,4,Stopped,27,142,355,0.222,3
0.448,28.5,1.66,4,3703.7,1,0,2.09,1842,0.424,3,da72b3ead2dda4f8,0.473,2,1927,0.1,17.9,65.46,84.1,5,Active,55,1724,4026,0.927,5
0.514,65.2,0.44,2,5581.3,1,1,1.06,1275,0.392,2,6d6309e4334bdd04,0.502,3,1600,0.4,-5.9,7.17,94.1,5,Active,66,448,1003,1.227,5
0.607,62.2,0.35,2,25.5,4,1,0.23,1472,0.448,3,2ba56f4e91beaf87,0.56,4,1472,9.5,48.0,1.55,146.4,1,Stopped,12,81,140,0.583,4
0.589,14.7,0.8,3,3460.2,1,0,0.82,1366,0.5,3,ed711820b2775ca3,0.638,5,1366,0.1,14.5,11.9,132.3,2,Active,12,174,365,0.5,4
0.489,36.5,1.27,4,57.6,4,0,1.01,2219,0.387,2,0d5ecbfd8301612e,0.567,4,2219,0.0,0.8,6.69,125.1,3,Active,37,244,632,0.189,3
0.425,20.0,2.65,5,1672.9,2,0,0.48,1212,0.31,2,eac51926a0b36408,0.443,2,1212,1.0,0.0,7.26,81.5,5,Active,5,75,179,1.0,5
0.358,7.4,1.08,4,13.6,4,0,2.17,876,0.25,1,76e231e954e5fc18,0.348,1,1060,1.0,-17.3,5.75,129.0,2,Active,14,37,106,0.0,1
0.483,57.4,0.94,3,17.7,4,0,1.9,2049,0.417,3,2cfb296ccb441736,0.559,4,2296,0.2,12.8,13.73,87.2,5,Active,107,773,1649,0.262,3
0.554,34.2,0.9,3,12802.4,1,0,0.47,1348,0.594,4,e50c725a678fff16,0.568,4,1348,4.2,19.7,16.55,134.5,2,Stopped,14,491,911,0.143,3
0.479,45.3,2.6,5,540.9,3,0,1.4,1478,0.337,2,1ef8428915b8b87e,0.576,4,1765,1.7,3.8,4.87,88.0,5,Active,61,212,447,0.262,3
0.376,29.7,1.49,4,1551.5,2,0,0.51,1815,0.267,1,938b31e661c954f7,0.421,2,1872,0.1,189.5,5.48,193.5,1,Active,15,162,439,0.467,4
0.589,17.4,2.32,5,5.0,5,0,0.29,1040,0.5,3,5abd52c907ea4faa,0.818,5,1040,0.0,0.0,2.47,123.5,3,Active,5,43,73,0.0,1
0.334,83.5,0.43,2,2461.6,2,1,2.51,1767,0.279,1,8839f3fb72559e0b,0.325,1,1876,0.4,5.7,12.68,129.5,2,Active,191,963,3054,0.707,4
0.628,20.6,0.33,2,240.5,3,1,0.53,1258,0.767,5,0c4425e4de02096e,0.658,5,1258,1.1,0.0,15.64,111.9,4,Active,10,296,511,0.9,5
0.719,20.8,1.95,4,2734.5,2,0,0.55,905,0.701,5,7e319e98b46629c0,0.74,5,905,10.1,0.0,15.83,137.0,2,Stopped,5,144,295,1.4,5
0.5,16.9,0.93,3,1184.5,2,0,0.45,869,0.333,2,c9602bb8513b88df,0.516,3,869,1.2,0.0,4.65,125.8,3,Active,7,73,156,1.143,5
0.682,6.5,0.27,1,801.1,3,1,0.96,934,0.682,5,3c7be42093f022c3,0.661,5,945,0.2,0.0,17.15,137.4,2,Active,6,107,157,0.0,1
0.51,62.5,1.41,4,10436.5,1,0,1.6,950,0.375,2,0a498db0c77f5115,0.498,3,1044,13.7,-0.2,6.25,70.8,5,Stopped,75,292,639,0.267,3
0.504,93.8,1.45,4,2537.4,2,0,1.38,1559,0.442,3,a78eb2e60915cc87,0.528,3,1643,1.0,9.6,8.65,137.6,2,Active,128,803,1794,1.742,5
0.556,11.0,2.45,5,17.7,4,0,0.73,1208,0.562,4,18ffc87b0b554822,0.508,3,1208,0.1,0.0,42.25,158.8,1,Active,8,462,986,1.375,5
0.442,77.3,0.13,1,2151.9,2,1,2.0,1451,0.333,2,38f9470f7c3f6dbc,0.465,2,1451,0.5,7.0,13.64,71.5,5,Active,142,970,2373,0.775,4
0.354,151.5,0.07,1,6167.6,1,1,0.69,1259,0.291,1,422b1998c99e158d,0.377,1,1768,43.3,15.6,8.11,179.2,1,Stopped,75,877,2579,0.467,4
0.423,12.5,7.11,5,1779.7,2,0,0.71,1018,0.462,3,0d0f2c215d226b52,0.386,1,1109,1.0,0.0,20.71,143.2,2,Active,7,204,511,0.714,4
0.584,4.5,2.5,5,73.3,4,0,1.18,864,0.584,4,f4f273fcebe1072d,0.571,4,864,0.2,0.0,10.43,119.7,3,Active,5,44,77,0.2,3
0.583,53.9,231.4,5,27.6,4,0,0.22,1805,0.614,5,232ff6f92b7f2f06,0.68,5,1805,0.2,91.0,12.29,129.6,2,Active,12,659,1162,1.083,5
0.349,88.8,0.14,1,100.4,3,1,0.68,1778,0.277,1,c9307ab889766c98,0.424,2,2003,1.0,25.3,7.62,196.5,1,Active,60,669,1932,0.167,3
0.385,44.8,2.01,4,50.1,4,0,0.5,1567,0.295,2,b5866e071ff62022,0.469,2,1648,0.4,16.7,3.51,129.6,2,Active,22,156,413,0.182,3
0.61,21.0,2.16,5,5816.0,1,0,0.44,1273,0.4,3,e71c288261510a2a,0.594,4,1273,0.4,0.0,4.02,114.2,3,Active,9,83,136,0.111,2
0.488,47.4,0.81,3,6.5,5,0,0.54,1609,0.522,4,1f651d2ba9fb3123,0.676,5,1666,0.1,128.0,2.52,129.6,2,Active,13,61,125,0.462,4
0.448,32.2,2.0,4,8.2,4,0,0.31,1684,0.396,3,4fc4b0dc40ef0d29,0.634,4,1717,0.4,0.0,2.55,150.3,1,Active,10,81,183,0.1,2
0.402,45.4,0.46,2,790.4,3,1,0.53,1159,0.353,2,967092ea43a03453,0.475,2,1207,3.7,10.0,10.68,107.0,4,Stopped,22,445,1158,1.227,5
0.532,8.7,0.22,1,68.8,4,1,1.29,813,0.5,3,8c618f6b30948891,0.505,3,844,0.2,3.3,23.86,129.7,2,Active,11,204,421,0.636,4
0.779,24.4,84.14,5,121.6,3,0,0.67,1774,0.774,5,80bba2c329697366,0.791,5,1774,0.5,30.0,18.31,123.3,3,Active,16,438,596,0.812,5
0.66,2.6,0.77,3,13.7,4,0,2.75,1309,0.5,3,c5455d66d36ba0f3,0.556,4,1309,0.4,0.0,47.27,166.4,1,Active,6,103,156,0.167,3
0.429,21.5,0.64,3,199.0,3,0,1.29,1022,0.417,3,15c338e6dec15aa0,0.461,2,1031,0.4,28.0,12.41,127.9,2,Active,10,96,240,0.3,3
0.553,53.9,0.99,3,9501.2,1,0,1.66,1192,0.439,3,53f00c7d2a0f892c,0.52,3,1431,0.8,2.9,6.57,73.1,5,Active,87,344,627,0.609,4
0.472,19.4,3.05,5,1370.0,2,0,0.42,1436,0.406,3,9fae705f10133662,0.452,2,1436,0.5,0.0,5.72,123.5,3,Active,8,108,231,0.0,1
0.42,16.9,1.26,4,9604.5,1,0,2.27,471,0.0,1,c73d6e3dd7bb3084,0.487,3,842,4.1,-22.5,3.65,111.6,4,Stopped,23,37,88,0.304,3
0.65,21.3,0.74,3,1249.3,2,0,0.94,1501,0.587,4,4a64f9e5d8d5ffad,0.64,5,1501,3.2,26.7,19.08,129.4,2,Stopped,17,346,566,0.176,3
0.451,18.7,0.06,1,405.6,3,1,1.01,1232,0.143,1,7cb3160cefd953b4,0.558,4,1232,1.0,0.0,9.08,135.0,2,Active,8,72,184,0.375,3
0.393,63.3,0.08,1,349.0,3,1,0.09,1002,0.375,2,399ee2caf49e8c72,0.412,2,1002,10.0,0.0,0.74,89.0,5,Stopped,5,39,107,1.2,5
0.306,36.4,1.11,4,13563.6,1,0,0.55,1701,0.276,1,e2c2b4b334ba406f,0.457,2,1701,0.4,29.5,6.61,104.3,4,Active,18,218,772,0.5,4
0.289,34.2,1.94,4,2438.9,2,0,0.73,1808,0.241,1,3b23407692e9db94,0.372,1,1808,0.0,-24.0,16.01,130.1,2,Active,25,547,2255,1.64,5
0.385,19.9,0.9,3,162.5,3,0,2.91,1046,0.333,2,666492f4bda5c098,0.379,1,1046,0.2,14.6,7.05,84.8,5,Active,45,109,283,0.178,3
0.184,5.1,0.09,1,13.9,4,1,1.71,748,0.0,1,ed8d8c162b58092c,0.2,1,903,0.4,-56.0,1.5,141.8,2,Active,8,7,38,0.0,1
0.415,55.4,0.03,1,118.3,3,1,0.42,1411,0.306,2,5bca08423b653b88,0.447,2,1425,0.8,31.3,3.81,93.6,5,Active,23,208,547,0.609,4
0.544,37.5,1.49,4,164.6,3,0,1.22,1191,0.571,4,b00e0a45ac8664c2,0.527,3,1191,2.7,11.4,3.6,84.9,5,Active,37,109,204,0.405,4
0.436,9.0,1.26,4,2379.7,2,0,1.34,1122,0.44,3,bf59e5bcecfadd68,0.434,2,1227,0.1,81.0,38.66,136.2,2,Active,11,317,736,1.545,5
0.755,4.5,0.72,3,207.0,3,0,1.55,1128,0.571,4,2b867e2c64a99875,0.723,5,1128,0.0,0.0,44.33,127.4,2,Active,7,200,265,0.0,1
0.333,51.5,1.07,4,2141.4,2,0,2.51,1860,0.313,2,6c5830a26abe1816,0.403,2,2156,0.0,17.3,13.7,77.2,5,Active,129,705,2186,0.783,4
0.391,118.0,0.2,1,9547.0,1,1,1.16,1361,0.295,2,5487e79f29753529,0.387,1,1561,59.0,-10.5,16.46,184.7,1,Stopped,63,894,2492,1.032,5
0.451,9.0,0.94,3,6918.9,1,0,1.98,914,0.5,3,145dea747db71ced,0.5,3,981,0.8,38.2,18.84,122.4,3,Active,16,152,339,0.625,4
0.267,23.6,0.69,3,822.2,3,0,0.45,2149,0.23,1,b59af329615ef10b,0.308,1,2149,1.4,0.0,15.65,146.7,1,Active,10,348,1395,0.9,5
0.369,13.0,1.31,4,533.3,3,0,2.6,1511,0.184,1,fdc23fceafe9c883,0.389,1,1525,0.3,47.4,18.78,89.1,5,Active,33,238,669,0.182,3
0.567,28.8,2.33,5,637.3,3,0,1.42,1200,0.382,2,ea358dc8487ac05c,0.571,4,1294,0.6,18.9,4.41,95.4,5,Active,37,115,203,0.27,3
0.286,7.6,0.46,2,0.2,5,1,1.04,783,0.0,1,dd0a0c5e53c2306e,0.368,1,878,0.2,-73.0,1.34,145.7,1,Active,7,9,35,0.143,3
0.538,21.0,0.81,3,3044.2,2,0,2.25,1608,0.495,3,dc17abfae92fa7b6,0.561,4,1608,0.1,22.3,41.14,88.3,5,Active,47,858,1670,1.021,5
0.548,19.8,5.05,5,1522.5,2,0,2.99,1267,0.405,3,4cf312dc5f23ea7a,0.582,4,1280,0.1,15.9,19.19,92.5,5,Active,31,199,363,0.097,2
0.478,11.6,0.06,1,70.4,4,1,0.96,1100,0.267,1,94d043cdefeb1ed7,0.474,2,1155,1.1,33.0,3.07,140.2,2,Active,10,32,67,0.4,4
0.568,36.9,1.35,4,5475.7,1,0,1.13,1006,0.615,5,5d5a422994fdf992,0.544,4,1024,18.5,7.0,10.94,108.6,4,Stopped,18,175,308,0.389,3
0.358,17.6,12.4,5,8.2,4,0,0.47,1389,0.143,1,78d809ff4b4a0062,0.448,2,1389,0.2,0.0,1.42,120.6,3,Active,8,24,67,0.0,1
0.354,54.7,0.22,1,4838.3,1,1,1.29,1977,0.388,2,bb9e086811d7fe2f,0.346,1,1977,0.5,18.7,22.06,70.7,5,Active,67,1145,4040,2.299,5
0.299,85.2,0.48,2,2027.3,2,1,2.1,2183,0.23,1,3c55c67e93b64648,0.352,1,2400,0.2,7.2,16.13,81.0,5,Active,160,1227,4417,0.838,5
0.512,24.0,0.16,1,53.9,4,1,0.34,1659,0.383,2,c3e97692fdb63ebe,0.6,4,1659,0.4,0.0,2.64,135.8,2,Active,8,62,121,0.625,4
0.578,20.2,0.79,3,7646.0,1,0,2.45,1179,0.64,5,126e3b6683c82531,0.522,3,1198,2.7,12.2,14.63,77.2,5,Active,43,257,467,0.372,3
0.451,25.4,0.74,3,778.9,3,0,2.54,1474,0.446,3,b9892909c2f96823,0.466,2,1529,7.2,17.6,19.08,116.4,3,Stopped,46,346,801,0.174,3
0.454,56.9,4.44,5,117.8,3,0,0.23,823,0.143,1,7ad15144ba674ac9,0.344,1,983,0.6,-7.0,1.26,132.8,2,Active,13,71,174,0.846,5
0.344,19.6,0.1,1,602.1,3,1,0.88,984,0.105,1,147b1d579845fea0,0.341,1,1092,0.3,21.0,3.9,118.3,3,Active,17,75,276,1.176,5
0.487,39.6,9.27,5,6956.2,1,0,0.9,1555,0.465,3,34448bd4c7abccc4,0.482,3,1555,0.0,12.4,21.82,110.2,4,Active,18,438,924,0.556,4
0.605,12.1,4.91,5,1925.6,2,0,0.78,1074,0.394,2,8b4088fa38332031,0.596,4,1074,0.0,0.0,18.11,153.9,1,Active,8,185,319,0.25,3
0.393,89.5,0.63,3,3706.4,1,0,0.07,1219,0.417,3,9eb5205633eb1245,0.571,4,1367,0.3,-17.0,1.6,521.3,1,Active,6,143,450,2.333,5
0.483,12.9,1.0,3,2210.2,2,0,2.65,950,0.286,1,b32966dba2bbccc7,0.519,3,1160,0.2,13.0,19.02,107.0,4,Active,24,172,358,0.167,3
0.326,8.7,0.93,3,99.7,3,0,3.42,1107,0.24,1,d705917396faeb35,0.456,2,1107,2.9,0.0,31.37,126.7,3,Active,6,55,172,0.333,3
0.54,62.1,0.09,1,159.3,3,1,0.19,1248,0.25,1,b0a850d74d0bfeb0,0.6,4,1248,0.5,62.0,1.74,144.8,1,Active,12,107,213,0.417,4
0.689,8.1,1.51,4,633.1,3,0,2.34,941,0.267,1,867c77ecd5d04adb,0.72,5,1282,0.0,-7.1,40.99,140.1,2,Active,17,298,440,0.118,2
0.415,78.5,1.49,4,4933.4,1,0,0.44,1706,0.315,2,22c9c76ddb6c836f,0.447,2,1758,1.1,10.0,8.16,241.0,1,Active,34,631,1741,0.794,5
0.454,79.5,0.06,1,5116.4,1,1,1.0,1488,0.403,3,0af86af37c6953d0,0.48,3,1681,0.7,12.4,19.73,174.7,1,Active,79,1555,3564,1.139,5
0.519,18.4,2.05,4,5299.0,1,0,1.83,1314,0.417,3,c9461320fe3ff301,0.523,3,1413,0.4,4.5,13.31,89.6,5,Active,33,240,466,0.0,1
0.461,10.4,1.7,4,357.0,3,0,2.21,1653,0.368,2,c5277af360ef378d,0.438,2,1682,0.0,7.2,23.92,141.1,2,Active,23,249,566,0.826,5
0.301,53.0,0.22,1,69.5,4,1,0.09,1028,0.071,1,9565840c8350a6a5,0.405,2,1028,0.0,0.0,0.7,137.8,2,Active,5,37,123,0.4,4
0.5,2.4,2.38,5,7.2,5,0,3.31,1472,0.273,1,38170f44fa1b8485,0.522,3,1554,0.4,0.0,13.91,225.1,1,Active,5,21,44,0.2,3
0.467,12.4,14.33,5,116.1,3,0,0.57,868,0.2,1,e31b8caaae6f40ab,0.553,4,919,0.1,0.0,3.41,130.4,2,Active,7,42,92,0.286,3
0.455,39.7,0.05,1,27.3,4,1,0.33,1267,0.324,2,276c88d7827ffca6,0.446,2,1290,0.4,-10.0,2.21,143.6,1,Active,13,87,202,0.0,1
0.43,53.6,0.81,3,4638.5,1,0,4.63,1254,0.427,3,69730bb25a41fa51,0.429,2,1551,2.6,8.6,26.53,63.9,5,Active,236,1353,3851,1.674,5
0.456,54.1,4.33,5,17190.5,1,0,1.26,893,0.12,1,e0e33930d58b517c,0.457,2,976,7.4,22.6,4.77,86.0,5,Stopped,56,212,469,0.161,3
0.385,22.2,0.08,1,4.4,5,1,1.14,1471,0.128,1,e7fd2d96a2f3a744,0.476,2,1471,4.5,72.7,2.67,140.9,2,Stopped,20,47,122,0.0,1
0.765,52.4,1.62,4,6318.1,1,0,0.76,1272,0.667,5,1a01752e624cfea0,0.761,5,1272,0.0,12.7,23.58,84.9,5,Active,38,1185,1559,0.5,4
0.532,4.2,0.57,2,201.6,3,0,1.73,806,0.5,3,c104d7b1dedc92d9,0.536,3,876,0.1,0.0,14.85,144.3,1,Active,7,60,124,0.0,1
0.485,23.8,0.26,1,1248.5,2,1,0.88,952,0.333,2,c48484c60dd6688f,0.533,3,986,10.1,11.6,2.27,125.2,3,Stopped,12,31,68,0.083,2
0.285,73.6,0.1,1,2568.8,2,1,0.23,816,0.5,3,0ae8fd36fc5cdfbe,0.21,1,816,48.0,0.0,1.52,118.3,3,Stopped,5,33,158,1.2,5
0.295,9.7,1.75,4,3.5,5,0,2.49,865,0.295,2,02169e4af23ab545,0.261,1,920,6.9,-5.0,4.27,143.3,2,Stopped,7,12,44,0.0,1
0.568,28.6,0.2,1,26.4,4,1,0.89,1829,0.53,4,f0dffeb32d71ec3f,0.585,4,1919,9.3,38.8,31.21,199.5,1,Stopped,17,596,1166,1.294,5
0.314,33.1,0.25,1,4328.0,1,1,2.21,1023,0.362,2,1172dadb0f81bdc5,0.287,1,1309,2.4,11.7,24.26,85.7,5,Active,58,638,2567,1.069,5
0.462,8.3,0.77,3,161.8,3,0,1.67,1349,0.35,2,437f3147e9253a91,0.667,5,1349,1.8,0.0,6.0,113.2,4,Active,5,18,39,0.0,1
0.495,43.4,0.18,1,3988.9,1,1,2.82,1639,0.385,2,29ac167d71436f19,0.544,4,1788,0.8,9.5,23.03,57.0,5,Active,119,971,2005,0.42,4
0.489,12.3,0.2,1,7.8,5,1,2.36,1425,0.158,1,88bb2bffd30f93bd,0.68,5,1425,4.3,-1.0,7.99,141.9,2,Stopped,13,44,90,0.077,2
0.533,33.6,14.0,5,5.9,5,0,3.16,998,0.4,3,91189740b2255488,0.5,3,1196,9.0,-44.0,9.47,162.3,1,Stopped,10,30,60,0.0,1
0.308,7.6,1.6,4,14.4,4,0,1.62,828,0.308,2,8097916c2900dde6,0.5,3,889,1.3,0.0,1.86,146.2,1,Active,7,8,26,0.0,1
0.511,57.4,5.52,5,1249.5,2,0,0.78,2119,0.479,3,e27b809429aa8d52,0.556,4,2119,0.1,14.5,25.38,136.5,2,Active,41,1331,2949,2.049,5
0.353,10.1,0.35,2,5.0,5,1,3.05,1453,0.239,1,9eb5fa35cad3cc08,0.323,1,1767,1.2,-20.1,10.29,136.7,2,Active,27,91,272,0.0,1
0.476,23.2,0.21,1,1834.9,2,1,2.03,1441,0.342,2,75ae2b6cd7db534c,0.459,2,1457,0.5,84.8,12.34,100.8,4,Active,22,134,292,0.0,1
0.338,91.4,0.53,2,50.3,4,0,2.6,1323,0.25,1,69c914f5c2288433,0.39,1,1370,70.3,1.1,6.22,240.1,1,Stopped,33,79,234,0.091,2
0.556,101.6,0.2,1,12.4,4,1,1.16,995,0.333,2,868dd8189f2ab085,0.55,4,1005,0.1,1.7,2.33,134.2,2,Active,10,20,36,0.0,1
0.451,33.4,0.06,1,22.2,4,1,0.25,1189,0.296,2,37d6e8dc0115dd18,0.486,3,1189,9.8,0.0,3.81,103.1,4,Stopped,6,90,237,1.5,5
0.494,14.7,3.92,5,30.6,4,0,2.26,1163,0.471,3,071eff4af4ca9230,0.474,2,1163,0.4,20.2,13.57,98.9,4,Active,25,150,310,0.32,3
0.522,15.2,12.05,5,970.6,2,0,1.64,1166,0.487,3,1fb895a7b8fc1cab,0.509,3,1166,3.6,-2.3,16.98,112.1,4,Stopped,16,166,483,4.312,5
0.463,5.6,3.18,5,192.6,3,0,2.21,1349,0.431,3,a526fcd01ea555e0,0.463,2,1360,0.0,39.0,47.86,165.9,1,Active,8,173,380,0.25,3
0.417,9.8,9.04,5,29.6,4,0,1.31,1595,0.3,2,b9937abc92ce121b,0.41,2,1595,0.3,4.5,11.8,139.7,2,Active,12,108,271,0.083,2
0.722,16.7,1.49,4,24.7,4,0,0.84,1211,1.0,5,b9be15d0a7a93ba6,0.74,5,1232,0.0,13.0,4.19,129.0,2,Active,14,70,97,0.0,1
0.58,13.0,0.57,2,6934.6,1,0,2.33,2033,0.533,4,552e5f295ff7bd8b,0.624,4,2122,0.0,20.0,31.48,195.9,1,Active,30,406,729,0.433,4
0.346,5.1,0.49,2,937.0,2,1,1.08,785,0.667,5,915b05c3425ff938,0.219,1,785,0.3,0.0,3.67,124.6,3,Active,5,17,52,0.2,3
0.411,23.3,2.09,4,6729.3,1,0,2.89,1385,0.474,3,a18a2557be8c1c42,0.427,2,1425,0.2,13.9,21.93,74.2,5,Active,59,448,1097,0.695,4
0.237,95.8,1.09,4,10412.5,1,0,0.17,949,0.143,1,39ae48704c9c159a,0.259,1,1370,0.2,-13.5,0.51,357.5,1,Active,15,46,194,0.133,2
0.421,14.4,0.83,3,10.7,4,0,0.91,1401,0.0,1,046f54f1da464d5f,0.372,1,1401,0.8,0.0,5.06,109.7,4,Active,9,50,121,0.0,1
0.542,21.1,0.44,2,280.1,3,1,1.8,1600,0.593,4,6c5dfc7f9307d752,0.519,3,1600,0.4,14.3,13.31,104.7,4,Active,24,177,332,0.125,2
0.375,8.6,0.06,1,42.6,4,1,1.45,1146,0.333,2,12380c25e0dea362,0.455,2,1146,4.4,0.0,5.09,118.7,3,Stopped,6,21,56,0.0,1
0.448,8.6,8.67,5,623.5,3,0,1.26,1157,0.36,2,2e948ce3d2c982ce,0.532,3,1172,0.2,44.5,10.63,153.4,1,Active,9,76,174,1.222,5
0.564,37.3,3.86,5,27608.2,1,0,1.04,1117,0.643,5,688401e87a66d557,0.473,2,1117,1.8,12.2,8.32,86.4,5,Active,37,295,544,0.324,3
0.419,55.0,0.32,2,918.9,2,1,0.99,1858,0.389,2,31918dfa96650d9e,0.502,3,2035,2.4,13.8,22.8,123.4,3,Active,52,1197,3527,1.673,5
0.618,14.1,0.08,1,2704.3,2,1,0.37,963,0.667,5,4ff52563f1a2e71c,0.553,4,963,0.6,0.0,6.01,129.1,2,Active,5,81,136,0.0,1
0.484,20.3,1.95,4,8829.9,1,0,0.47,951,0.4,3,e0d3c1d11db9bc98,0.571,4,951,0.5,0.0,3.53,150.6,1,Active,7,52,124,0.143,3
0.405,16.4,6.41,5,37.5,4,0,0.82,745,0.167,1,06b10055f2e13369,0.443,2,972,0.5,-50.0,3.66,133.0,2,Active,11,49,126,0.091,2
0.243,17.1,0.11,1,61.8,4,1,2.02,1109,0.25,1,1dad14c1d2838475,0.24,1,1129,3.7,28.0,6.05,108.0,4,Stopped,27,81,342,0.0,1
0.363,61.9,0.66,3,41785.0,1,0,2.54,1413,0.309,2,4c3c9c7f454e9685,0.344,1,1548,0.0,15.3,29.18,74.5,5,Active,144,1657,4656,0.903,5
0.704,9.2,0.93,3,1.1,5,0,2.31,1087,0.455,3,1464b0d7fb9d288e,0.742,5,1335,0.1,-5.7,6.16,134.6,2,Active,21,56,81,0.048,2
0.341,14.2,0.66,3,562.0,3,0,1.49,1778,0.249,1,5098f584c70b40c7,0.4,1,2040,0.0,-34.8,15.57,171.4,1,Active,21,220,735,1.524,5
0.302,46.0,0.87,3,149.8,3,0,0.93,2200,0.289,1,9e766eaf65eaf8f1,0.354,1,2200,0.6,46.0,10.13,86.3,5,Active,42,460,1646,0.762,4
0.505,30.5,18.59,5,280.0,3,0,0.24,1350,0.278,1,cbebd12674c6d09c,0.476,2,1350,0.4,0.0,5.46,135.2,2,Active,7,161,333,2.0,5
0.432,26.6,0.41,2,4930.6,1,1,0.41,1288,0.361,2,fef6d80a7b2bacb1,0.431,2,1288,11.8,0.0,21.51,104.7,4,Stopped,6,318,782,2.167,5
0.52,5.7,1.0,3,669.6,3,0,1.68,1158,0.5,3,583be609fe38bd43,0.51,3,1158,0.4,0.0,38.18,117.1,3,Active,9,204,423,0.222,3
0.772,5.4,1.03,3,3457.1,1,0,2.46,976,0.333,2,2a66df656b83c457,0.788,5,1101,0.1,28.8,26.12,136.7,2,Active,13,138,193,0.077,2
0.5,3.4,1.5,4,1.8,5,0,5.0,979,0.5,3,9d662eefe7d89757,0.533,3,979,0.4,0.0,10.0,118.9,3,Active,5,10,20,0.0,1
0.653,20.0,0.07,1,83.9,4,1,0.68,1012,0.533,4,5b8937b3983b73c9,0.66,5,1026,2.3,36.7,9.99,116.6,3,Active,12,177,294,0.167,3
0.371,18.1,2.01,4,14744.8,1,0,0.68,905,0.0,1,351eee654ec4d8da,0.327,1,1093,1.2,31.8,5.94,136.4,2,Active,11,96,259,0.0,1
0.412,55.2,1.53,4,423.6,3,0,0.62,2228,0.395,2,c7b7959a39cbc69c,0.435,2,2230,0.0,31.5,16.09,101.7,4,Active,34,887,2318,0.676,4
0.577,23.4,2.97,5,2596.9,2,0,3.0,1383,0.636,5,bbea2072b283a83e,0.587,4,1400,0.4,15.9,23.83,82.8,5,Active,54,429,917,0.889,5
0.404,6.7,1.15,4,1091.1,2,0,2.39,1132,0.455,3,9e44da7ad8369ec4,0.432,2,1187,0.4,14.3,43.48,118.5,3,Active,14,255,648,1.0,5
0.47,168.7,0.07,1,102507.1,1,1,0.42,2095,0.454,3,e2477169404463db,0.487,3,2111,7.4,40.4,6.25,187.1,1,Stopped,68,1007,2273,1.294,5
0.481,15.6,0.17,1,11.1,4,1,0.64,1280,0.481,3,b4abe8b550d4177b,0.429,2,1280,0.8,0.0,1.65,126.8,3,Active,5,13,27,0.0,1
0.525,47.6,5.8,5,8974.4,1,0,0.39,1158,0.267,1,b41a75596a4052cd,0.594,4,1158,0.4,9.6,2.06,112.9,4,Active,18,96,204,0.611,4
0.38,43.7,0.28,1,240.9,3,1,0.92,1452,0.326,2,f57d1fc9ed65d521,0.391,1,1540,0.1,7.3,18.97,98.2,4,Active,40,827,2325,1.325,5
0.383,64.7,3.43,5,1205.8,2,0,1.89,1911,0.317,2,892f946297700125,0.422,2,2253,0.5,10.8,21.34,74.5,5,Active,119,1340,3560,0.395,4
0.35,10.2,3.86,5,110.2,3,0,2.17,1517,0.362,2,0523a8995163c7cb,0.457,2,1536,0.4,1.3,21.8,150.1,1,Active,20,201,588,0.95,5
0.622,27.4,3.67,5,1567.0,2,0,2.55,708,0.5,3,fd36183d82b4f1b7,0.595,4,893,14.4,-6.1,43.73,105.3,4,Stopped,23,395,654,0.261,3
0.708,29.8,0.94,3,202.0,3,0,2.62,1123,0.375,2,732b7b950e1faf0a,0.697,5,1135,0.1,13.4,15.35,113.6,3,Active,15,88,130,0.533,4
0.402,50.1,0.01,1,1607.0,2,1,1.32,1317,0.434,3,abda315fc664b675,0.366,1,1372,7.4,24.9,8.43,84.6,5,Stopped,56,358,982,1.0,5
0.484,18.3,0.2,1,2492.9,2,1,1.36,1555,0.36,2,c35505de5f2bdf85,0.517,3,1555,0.4,10.4,9.14,112.1,4,Active,23,155,339,0.478,4
0.593,20.8,1.56,4,423.6,3,0,2.03,1679,0.655,5,47621a987d776499,0.564,4,1679,0.7,14.2,13.2,85.5,5,Active,39,254,435,0.051,2
0.406,89.1,1.04,4,5655.1,1,0,0.8,1823,0.399,3,71a8415363a33b21,0.478,3,1849,1.1,8.6,15.55,180.6,1,Active,69,1349,3974,1.681,5
0.419,14.3,0.67,3,143.8,3,0,2.51,1600,0.25,1,08ab06a2b6ed748d,0.433,2,1600,1.1,3.0,8.58,104.5,4,Active,33,113,270,0.121,2
0.575,10.6,1.0,3,414.9,3,0,2.23,926,0.571,4,67c7f6c795228c11,0.574,4,1018,0.7,19.1,21.52,115.8,3,Active,22,212,386,0.727,4
0.368,78.7,0.07,1,547.7,3,1,0.14,658,0.188,1,7762e49c436dbfa6,0.301,1,850,12.3,-63.0,1.41,138.8,2,Stopped,9,92,253,0.111,2
0.263,44.4,15.86,5,14999.5,1,0,0.17,1118,0.357,2,b6280204c89cadcc,0.228,1,1118,4.3,0.0,0.75,131.7,2,Stopped,7,30,118,0.286,3
0.245,18.4,2.32,5,48.9,4,0,1.2,918,0.222,1,1fcec690af45f78d,0.273,1,970,0.1,22.8,4.31,107.8,4,Active,22,79,322,0.0,1
0.579,12.5,5.33,5,0.0,5,0,0.52,1223,0.579,4,f6b350ae8625b6fe,0.5,3,1223,0.8,0.0,0.94,121.4,3,Active,6,11,19,0.0,1
0.667,1.9,0.53,2,21.9,4,0,4.24,1693,0.75,5,05e770b8c2018243,0.627,4,1693,0.0,0.0,74.76,167.7,1,Active,8,141,213,0.0,1
0.587,98.8,0.13,1,2360.3,2,1,0.05,1263,0.5,3,796632d63ababc09,0.634,4,1424,0.9,-28.5,2.42,588.6,1,Active,5,237,407,0.8,5
0.43,42.8,0.85,3,727.3,3,0,0.84,1209,0.585,4,40c771a10521dae5,0.454,2,1275,2.5,14.3,5.14,101.1,4,Active,26,159,458,0.308,3
0.606,39.2,0.43,2,2000.7,2,1,0.63,1838,0.548,4,cc28a6b4c16abb91,0.563,4,1909,1.0,5.2,6.46,124.1,3,Active,23,235,426,0.261,3
0.273,56.7,1.34,4,8163.6,1,0,1.73,1878,0.175,1,260783365fc40a83,0.264,1,2022,0.0,15.8,28.25,88.4,5,Active,98,1601,6049,1.52,5
0.332,32.9,3.51,5,13579.8,1,0,0.96,1080,0.194,1,a56d66bc1b57bb35,0.333,1,1155,1.0,-6.1,9.83,101.3,4,Active,26,266,853,0.654,4
0.684,25.8,0.48,2,1756.8,2,1,2.61,1366,0.592,4,b0d6cae50ad32685,0.69,5,1490,0.6,9.6,20.75,83.2,5,Active,65,516,767,0.831,5
0.552,54.8,5.52,5,3717.8,1,0,0.48,1154,0.455,3,06ad0229c4da3d44,0.568,4,1253,0.2,-7.9,4.27,104.0,4,Active,26,231,424,0.577,4
0.539,19.5,1.32,4,6.8,5,0,0.63,1307,0.467,3,fb4fd19c1aff978a,0.532,3,1371,0.4,46.0,8.31,116.6,3,Active,12,159,308,0.167,3
0.569,26.5,0.55,2,4.9,5,0,0.54,1162,1.0,5,245d6b4737bbf4a9,0.655,5,1162,0.4,0.0,1.96,109.8,4,Active,8,29,51,0.0,1
0.639,10.1,0.27,1,5.5,5,1,0.9,953,0.625,5,008a9f7402ead310,0.584,4,1086,0.1,-71.0,7.63,143.6,1,Active,9,76,122,0.0,1
0.685,3.6,2.34,5,54.8,4,0,1.56,931,0.685,5,7aa96887a621eab6,0.676,5,931,0.1,0.0,25.2,123.3,3,Active,5,81,127,0.0,1
0.494,36.4,0.89,3,6.6,5,0,0.83,1673,0.4,3,b5c665bd5ae352b2,0.575,4,1693,0.5,70.0,4.08,165.5,1,Active,9,44,89,0.222,3
0.367,18.3,0.48,2,2.5,5,1,1.81,1088,0.083,1,e59ac08b6f1870d3,0.33,1,1133,1.0,-22.1,5.11,124.0,3,Active,29,82,226,0.0,1
0.436,20.2,1.31,4,62.8,4,0,0.92,1421,0.45,3,a6a0f982a46e754a,0.401,2,1461,0.4,-9.8,8.3,157.7,1,Active,17,153,383,0.0,1
0.433,23.4,0.08,1,7772.6,1,1,1.15,1201,0.286,1,811f53de7154804d,0.435,2,1201,5.0,35.6,8.14,98.8,4,Stopped,21,149,358,0.429,4
0.284,68.4,0.29,2,119.6,3,1,0.22,726,0.08,1,227fd48d0060831f,0.364,1,1002,0.8,-47.0,0.37,136.3,2,Active,14,23,81,0.286,3
0.307,5.2,0.53,2,69.4,4,0,2.04,1056,0.074,1,a7c40623dd385891,0.344,1,1103,0.8,-24.0,22.22,135.1,2,Active,9,98,319,0.111,2
0.456,21.1,1.49,4,2249.3,2,0,1.96,1502,0.513,4,eb6525de59e0db87,0.439,2,1600,0.2,9.7,17.08,80.9,5,Active,41,357,788,0.732,4
0.497,14.5,0.82,3,395.3,3,0,1.14,1392,0.41,3,c734a8e9448d529b,0.571,4,1507,1.0,-8.4,15.38,161.2,1,Active,15,202,545,2.667,5
0.4,38.0,1.68,4,4177.2,1,0,1.03,1642,0.343,2,d6f50a8cf1163971,0.448,2,1670,0.0,5.9,20.43,110.5,4,Active,39,776,2005,1.103,5
0.491,21.5,0.67,3,1400.4,2,0,0.48,1333,0.535,4,5ea12b8235305bb3,0.496,3,1375,0.4,0.0,8.3,138.5,2,Active,10,172,383,0.1,2
0.569,27.1,0.41,2,6647.9,1,1,0.28,986,0.4,3,ef4d35051132a22b,0.523,3,986,6.0,0.0,6.49,105.8,4,Stopped,6,137,255,0.333,3
0.328,32.5,3.13,5,1671.1,2,0,1.61,1116,0.211,1,e9076e3af3a06098,0.323,1,1205,9.3,13.1,9.23,88.2,5,Stopped,37,212,690,1.0,5
0.38,53.2,3.03,5,971.5,2,0,0.88,1223,0.324,2,aa776435eace42ac,0.383,1,1413,4.1,-0.2,3.58,111.6,4,Stopped,43,175,468,0.837,5
0.432,56.5,0.09,1,7021.2,1,1,0.56,1149,0.439,3,c0a345652a3c9978,0.397,1,1210,0.5,23.0,10.44,95.7,4,Active,29,541,1376,0.793,4
0.675,25.9,1.0,3,7871.8,1,0,2.52,1185,0.569,4,5967c1133a237576,0.696,5,1412,0.1,-8.4,33.45,87.0,5,Active,65,863,1286,0.615,4
0.44,13.5,0.12,1,2480.2,2,1,0.66,1042,0.667,5,db79325f48945c6e,0.446,2,1061,1.2,0.0,8.76,126.1,3,Active,6,80,184,0.0,1
0.462,79.1,6.2,5,63.7,4,0,0.08,1423,0.435,3,174051f73da430a3,0.434,2,1441,4.9,18.0,2.88,539.1,1,Stopped,6,209,461,0.167,3
0.457,20.2,10.5,5,144.7,3,0,0.51,1081,0.143,1,6e7604db4a662a85,0.583,4,1081,0.8,38.0,1.08,115.7,3,Active,10,21,46,0.2,3
0.533,88.6,6.22,5,146.5,3,0,0.97,1879,0.453,3,7cd008a7f272f655,0.618,4,1966,0.1,10.0,11.65,180.8,1,Active,85,1018,1934,0.353,3
0.528,50.3,1.55,4,2123.6,2,0,0.45,701,0.478,3,946910dd51090f98,0.541,3,908,1.6,-7.0,8.8,112.1,4,Active,22,429,1412,2.409,5
0.627,8.7,1.65,4,3.6,5,0,3.0,1138,0.4,3,180d8abffedfc3a3,0.606,4,1140,0.0,21.0,25.27,104.8,4,Active,16,135,217,0.062,2
0.411,25.6,0.75,3,5208.3,1,0,1.28,1456,0.324,2,0152783ac55375c0,0.393,1,1456,0.5,19.3,19.16,86.9,5,Active,31,463,1184,0.677,4
0.375,24.0,0.79,3,8654.7,1,0,0.87,1084,0.5,3,835e4042b39fce2d,0.377,1,1109,0.4,32.8,2.89,101.2,4,Active,19,63,168,0.0,1
0.472,13.3,0.58,2,73.7,4,0,3.43,1556,0.386,2,eca65316fe7b7b29,0.52,3,1556,0.2,17.9,27.46,91.9,5,Active,45,360,848,0.711,4
0.431,81.5,0.96,3,4996.7,1,0,0.61,2118,0.366,2,e1dedb1c30c10f85,0.428,2,2273,0.9,4.5,18.77,104.2,4,Active,47,1455,3627,1.043,5
0.639,31.2,27.17,5,107.6,3,0,0.26,1193,0.6,4,8e9bd271df9618bc,0.67,5,1317,0.1,-32.0,3.44,187.3,1,Active,8,107,169,1.25,5
0.632,7.8,1.67,4,1421.7,2,0,2.68,1017,0.8,5,99f1fc5f24c65122,0.632,4,1101,0.2,-4.0,19.45,121.6,3,Active,12,87,152,1.083,5
0.737,44.9,2.26,5,361.9,3,0,0.42,1148,0.794,5,4230d3e26b6abf86,0.729,5,1148,27.7,0.0,8.21,132.8,2,Stopped,7,136,297,0.571,4
0.64,13.6,0.73,3,225.8,3,0,1.44,1359,0.531,4,acf965bf009c74e8,0.646,5,1359,0.2,11.2,26.07,111.1,4,Active,19,344,541,0.263,3
0.55,7.9,3.32,5,3914.6,1,0,1.48,1204,0.417,3,f20e09c21926248a,0.609,4,1222,0.5,31.0,11.58,141.0,2,Active,11,86,160,1.182,5
0.566,21.0,3.82,5,5.5,5,0,0.5,1030,0.5,3,9c0042c951a63dc2,0.75,5,1124,1.1,34.0,1.49,147.5,1,Active,9,27,53,0.0,1
0.577,13.1,0.24,1,25.5,4,1,0.67,1497,1.0,5,1b567a9edc3d264a,0.593,4,1497,0.2,0.0,2.86,118.6,3,Active,7,30,52,0.143,3
0.381,50.1,0.52,2,3070.0,2,0,1.19,1671,0.26,1,f96bca0b92b4070d,0.387,1,1719,2.7,4.3,7.32,97.6,4,Active,46,282,756,0.37,3
0.604,13.9,2.01,4,19.8,4,0,1.11,1388,0.577,4,4799bb61faf3cdaa,0.602,4,1388,0.4,16.4,12.37,156.5,1,Active,15,167,283,0.267,3
0.535,5.5,1.06,4,179.3,3,0,1.3,979,0.5,3,9a7ad9ef5519c8fc,0.464,2,1009,0.1,0.0,25.41,129.7,2,Active,7,137,258,0.0,1
0.801,42.0,0.3,2,2517.1,2,1,1.06,1082,0.773,5,8471966627616d50,0.829,5,1134,4.5,6.3,26.68,82.8,5,Stopped,39,986,1325,1.103,5
0.398,21.6,1.38,4,3.8,5,0,0.58,1213,0.5,3,9d92dd23dfed17b4,0.395,1,1293,0.1,-34.0,2.68,153.7,1,Active,8,37,93,0.0,1
0.538,62.7,0.36,2,181.3,3,1,0.74,1120,0.517,4,3d93d68b9b478e68,0.517,3,1159,30.0,17.1,9.19,97.6,4,Stopped,24,298,595,0.583,4
0.428,9.6,0.95,3,685.3,3,0,2.43,1321,0.367,2,94a3420b2449f297,0.412,2,1321,0.0,-1.8,39.88,117.0,3,Active,21,345,834,0.619,4
0.556,17.0,0.94,3,3578.3,1,0,5.56,1234,0.615,5,ca5239d94093b2c5,0.556,4,1281,0.1,9.2,51.64,68.3,5,Active,94,873,1663,0.84,5
0.5,16.5,0.26,1,35.9,4,1,0.5,883,0.5,3,ab0437c78eddeb97,0.571,4,891,0.1,0.0,1.2,131.8,2,Active,5,12,24,0.6,4
0.448,43.5,0.36,2,758.9,3,1,0.42,1610,0.537,4,8a4eca77e7046348,0.417,2,1610,7.7,38.5,7.27,116.2,3,Stopped,15,259,648,1.2,5
0.478,130.8,0.01,1,1422.7,2,1,0.51,2230,0.396,3,d928b9f66fe302bc,0.524,3,2315,1.0,23.3,11.64,205.3,1,Active,59,1339,2918,1.22,5
0.457,8.5,1.71,4,412.2,3,0,2.47,1272,0.409,3,28bcd3521fc78965,0.462,2,1272,0.4,29.4,20.15,113.0,4,Active,18,147,363,1.722,5
0.221,9.2,2.52,5,4532.2,1,0,1.29,871,0.0,1,d888419cd618ec94,0.237,1,877,0.2,4.5,2.7,122.3,3,Active,10,21,95,0.3,3
0.542,18.2,0.14,1,11.6,4,1,1.15,1167,0.5,3,2af428589ca20ae2,0.529,3,1205,13.8,0.0,2.98,180.3,1,Stopped,5,13,24,0.0,1
0.318,70.9,0.18,1,17717.3,1,1,0.8,1501,0.253,1,f080e0c9c014e93b,0.346,1,1574,24.4,18.3,6.69,116.0,3,Stopped,36,300,997,0.556,4
0.825,17.0,0.42,2,205.9,3,1,4.24,1195,1.0,5,47a23eee419a884f,0.786,5,1237,13.8,58.3,15.33,124.5,3,Stopped,13,47,57,0.077,2
0.522,84.2,0.1,1,6619.7,1,1,1.14,1530,0.41,3,b2685464fe7b6fa4,0.528,3,1575,22.9,16.1,19.91,175.7,1,Stopped,70,1218,2442,0.429,4
0.519,27.6,1.02,3,46.7,4,0,0.3,1412,0.473,3,fe385e5419d2a86f,0.704,5,1412,0.5,0.0,2.79,131.2,2,Active,7,66,133,0.143,3
0.524,18.5,0.03,1,887.6,2,1,0.39,1014,0.6,4,5fd872d8ac382a2c,0.506,3,1014,0.6,0.0,9.12,126.2,3,Active,7,163,311,1.143,5
0.882,5.6,0.7,3,5.4,5,0,5.0,1132,0.882,5,4267587befca7678,1.0,5,1132,0.2,0.0,14.0,124.6,3,Active,5,14,17,0.2,3
0.4,33.4,2.46,5,13818.1,1,0,0.61,891,0.0,1,62e98d3dbafe1836,0.37,1,904,4.9,0.0,1.53,125.8,3,Stopped,6,15,45,0.0,1
0.418,39.4,7.54,5,9119.0,1,0,0.65,1660,0.303,2,2a2e293b659d6a1f,0.476,2,1668,1.1,24.7,5.1,138.2,2,Active,25,195,478,0.2,3
0.383,52.9,2.23,5,62.2,4,0,0.3,1138,0.408,3,c91c920ea3820763,0.333,1,1158,32.8,0.0,6.49,135.3,2,Stopped,6,130,358,1.0,5
0.485,33.5,1.41,4,102.8,3,0,0.68,1081,0.0,1,8759628c6f52cf04,0.522,3,1159,8.7,27.6,2.49,114.6,3,Stopped,17,62,130,0.118,2
0.506,62.9,0.46,2,39309.9,1,1,4.35,1532,0.42,3,322f71f18609e878,0.525,3,1612,2.8,12.1,32.0,56.2,5,Active,259,1905,4012,0.753,4
0.458,5.2,2.43,5,9.7,4,0,1.03,972,0.458,3,64490c5e1abbe320,0.5,3,972,0.4,0.0,2.28,106.1,4,Active,5,11,24,0.0,1
0.321,11.6,9.5,5,30.2,4,0,1.08,1292,0.385,2,33c9662e9285d754,0.359,1,1292,0.4,-50.0,4.58,144.6,1,Active,12,51,168,0.0,1
0.602,5.1,0.05,1,126.4,3,1,1.57,995,0.182,1,4ff94545aa7a5053,0.681,5,995,1.3,0.0,27.0,124.4,3,Active,6,103,171,0.5,4
0.415,20.3,1.84,4,542.6,3,0,1.61,1112,0.121,1,2dc4ec431079f1fd,0.506,3,1203,0.3,15.8,4.46,96.9,4,Active,32,89,224,0.156,3
0.451,10.2,2.5,5,313.6,3,0,1.05,1196,0.407,3,059449e3f028d9d3,0.385,1,1274,0.7,-15.5,14.03,159.9,1,Active,10,133,308,0.6,4
0.686,9.6,0.17,1,1.9,5,1,1.14,914,0.5,3,7b187cf0d9851fd6,0.609,4,914,5.2,0.0,16.13,112.7,4,Stopped,5,71,105,0.0,1
0.612,18.0,0.94,3,1064.7,2,0,2.16,1396,0.68,5,cd373aee324602f5,0.606,4,1396,0.0,14.4,20.58,93.7,5,Active,38,362,618,0.605,4
0.528,23.9,0.57,2,1871.3,2,0,0.88,1392,0.545,4,d3e26b026d304bdb,0.531,3,1392,1.2,58.3,26.55,93.1,5,Active,20,604,1163,0.7,4
0.531,30.5,5.12,5,670.6,3,0,0.32,1334,0.24,1,c28d3d67c5e37775,0.537,3,1372,1.0,68.0,3.57,139.2,2,Active,9,101,196,0.778,4
0.336,97.4,0.24,1,6771.4,1,1,1.11,1760,0.276,1,87c84169bd872d69,0.398,1,1973,11.7,6.2,22.34,162.0,1,Stopped,92,1858,5899,1.326,5
0.336,89.0,0.14,1,12167.2,1,1,1.89,1270,0.294,2,fa4833eacaa10a77,0.335,1,1727,1.9,9.2,32.55,83.4,5,Active,98,1686,5174,1.551,5
0.554,62.6,0.7,3,20285.1,1,0,0.59,738,0.429,3,34b6a415ccbe4b88,0.527,3,936,21.9,7.3,2.56,102.3,4,Stopped,24,104,204,0.167,3
0.325,31.6,1.7,4,2005.7,2,0,1.43,1772,0.276,1,8f17806ab66bbea6,0.325,1,1949,0.2,31.2,21.2,106.7,4,Active,40,595,1938,1.175,5
0.56,18.6,0.81,3,3261.4,2,0,1.66,1365,0.568,4,f54629044eec3eff,0.556,4,1404,0.4,13.1,8.7,90.8,5,Active,30,157,300,0.433,4
0.557,21.5,0.74,3,880.1,2,0,1.36,1420,0.536,4,dabcce23f70932ed,0.574,4,1433,0.4,22.9,17.41,93.0,5,Active,28,359,650,0.393,4
0.636,19.2,1.75,4,3055.6,2,0,1.47,1309,0.647,5,eace4377f74ca4bd,0.701,5,1352,0.4,22.8,13.18,104.1,4,Active,22,197,313,0.227,3
0.21,12.5,0.74,3,94.0,4,0,0.55,1436,0.156,1,41337e7231965fb3,0.188,1,1499,0.5,0.0,3.38,204.5,1,Active,6,37,252,0.333,3
0.656,22.9,10.09,5,441.5,3,0,0.86,1530,0.636,5,6c3fadd12b620076,0.653,5,1530,0.3,65.3,30.36,127.3,3,Active,17,603,954,1.059,5
0.551,46.1,0.39,2,2676.3,2,1,1.19,2114,0.468,3,e95d604742dd3d69,0.532,3,2114,0.2,22.2,39.53,100.1,4,Active,49,1634,3006,0.633,4
0.501,13.6,6.67,5,2236.4,2,0,0.73,1075,0.371,2,be2d9edb46675db8,0.572,4,1075,0.0,1.0,13.55,128.3,2,Active,9,166,345,1.444,5
0.464,31.6,0.12,1,15.9,4,1,0.37,1032,0.3,2,6449dc5bcf8fb061,0.464,2,1292,0.5,-50.5,1.08,188.4,1,Active,9,26,56,0.333,3
0.522,8.6,0.11,1,122.8,3,1,0.73,896,0.5,3,7f09e2988bfb60f8,0.493,3,924,0.3,-27.0,11.31,143.9,1,Active,6,93,186,0.167,3
0.396,169.6,0.77,3,897.8,2,0,0.65,2137,0.337,2,797e8cee1c914087,0.388,1,2194,110.9,48.4,8.83,237.5,1,Stopped,38,517,1324,0.789,4
0.457,34.6,1.96,4,3671.6,1,0,0.6,1134,0.538,4,2ea05e8ee5beb8cf,0.487,3,1167,1.1,20.1,2.06,108.0,4,Active,20,68,151,0.1,2
0.624,44.2,1.06,4,33.7,4,0,0.58,1240,0.409,3,7ec9e93920fc3433,0.664,5,1298,5.1,-36.0,10.63,143.2,2,Stopped,8,146,245,1.125,5
0.356,21.6,5.92,5,122.7,3,0,0.37,1274,0.333,2,0af21e572bfac258,0.5,3,1274,2.7,0.0,1.69,170.1,1,Active,7,32,90,0.286,3
0.586,31.8,0.09,1,2916.6,2,1,0.95,1059,0.5,3,d90f517f8a206e5d,0.6,4,1180,4.1,-11.9,10.66,100.9,4,Stopped,25,282,486,0.04,2
0.511,34.0,0.12,1,4234.7,1,1,3.31,1490,0.403,3,59a02f9cbdb6987e,0.584,4,1697,2.9,14.8,38.64,88.1,5,Active,103,1203,2765,1.534,5
0.45,6.7,0.73,3,59.7,4,0,1.95,1012,0.692,5,2cdf62b4ca91f45d,0.485,3,1231,0.5,-56.3,14.66,138.3,2,Active,12,90,218,0.917,5
0.485,50.5,0.42,2,8.5,4,1,1.66,1433,0.304,2,84b43b05985cb723,0.516,3,1812,0.5,22.0,4.92,128.9,2,Active,83,246,507,0.036,2
0.455,24.3,2.65,5,851.9,3,0,1.24,1239,0.375,2,260c0e404978db8a,0.456,2,1239,0.6,12.4,6.2,98.1,4,Active,29,145,321,0.0,1
0.2,8.1,0.47,2,9.7,4,1,1.21,779,0.2,1,3d092b566393f17b,0.214,1,882,0.2,-87.0,0.76,134.5,2,Active,8,5,25,0.0,1
0.633,29.4,1.8,4,1929.0,2,0,0.26,1161,0.5,3,38e977e0e579edf2,0.662,5,1206,0.0,0.0,4.89,147.9,1,Active,7,130,221,0.143,3
0.408,54.8,3.19,5,237.8,3,0,0.38,1800,0.412,3,ea53f4cf4b63a85c,0.531,3,1896,2.5,35.6,4.65,179.0,1,Active,20,243,683,1.75,5
0.735,9.9,3.52,5,38.8,4,0,1.14,1392,0.917,5,bf2161b6f02b9c22,0.786,5,1414,0.0,0.0,8.53,130.6,2,Active,11,82,113,0.182,3
0.39,64.2,0.57,2,5121.6,1,0,0.79,1835,0.349,2,9954a323cb8d4817,0.41,2,1950,6.8,18.4,12.22,101.9,4,Stopped,43,668,1776,0.419,4
0.522,19.0,1.19,4,10.9,4,0,1.14,908,1.0,5,4ab8c851ec81db3e,0.75,5,908,5.2,22.3,2.01,113.8,3,Stopped,13,23,46,0.154,3
0.397,24.5,2.44,5,7156.0,1,0,0.9,1309,0.376,2,813390e834f7b50f,0.391,1,1309,0.0,-0.4,13.29,117.7,3,Active,22,324,842,0.455,4
0.528,21.5,0.35,2,862.5,2,1,1.58,994,0.25,1,e70e3e6f213e4280,0.532,3,994,0.8,6.2,8.42,90.1,5,Active,30,160,316,0.2,3
0.5,28.2,51.0,5,5.2,5,0,0.79,1401,0.25,1,3b4e994cda4e9e7b,0.542,3,1427,15.2,6.0,2.28,136.6,2,Stopped,9,26,52,0.0,1
0.338,34.3,0.02,1,11146.8,1,1,0.46,1056,0.2,1,e7daf1adc3c923c1,0.308,1,1056,14.7,34.5,2.49,134.6,2,Stopped,9,49,145,0.556,4
0.581,21.3,0.24,1,0.8,5,1,0.4,848,0.581,4,a036945085d2f0dc,0.714,5,917,0.5,0.0,1.03,134.3,2,Active,7,18,31,0.0,1
0.62,48.2,28.74,5,7521.0,1,0,0.54,1324,0.625,5,0f3678285ce2a46e,0.598,4,1324,0.0,30.8,16.6,106.2,4,Active,26,796,1725,2.0,5
0.618,41.8,0.02,1,1388.7,2,1,0.49,793,0.545,4,23d218ddbe981950,0.676,5,882,27.3,-33.0,10.45,148.7,1,Stopped,7,148,251,0.714,4
0.317,40.7,9.92,5,137.7,3,0,1.36,873,0.1,1,ee7af639f28b32fe,0.319,1,968,21.5,11.6,2.35,105.4,4,Stopped,26,45,142,0.077,2
0.429,54.8,0.51,2,5.5,5,0,0.35,1345,0.4,3,ce6d5388756335e1,0.371,1,1382,0.2,57.5,1.06,121.7,3,Active,15,46,112,0.2,3
0.627,20.0,4.06,5,2085.6,2,0,1.34,1261,0.653,5,96175eccc388f217,0.58,4,1261,0.9,62.8,19.95,94.0,5,Active,19,282,450,0.158,3
0.432,19.5,8.25,5,313.2,3,0,0.36,856,0.432,3,2bafd1d4c74abadb,0.393,1,856,1.0,0.0,0.84,132.8,2,Active,6,14,37,0.167,3
0.443,17.1,1.07,4,2299.8,2,0,2.34,1039,0.391,2,1a223ad8dc198f92,0.435,2,1151,0.0,6.9,28.06,90.7,5,Active,40,479,1135,0.925,5
0.503,15.2,0.81,3,31.5,4,0,0.89,1081,0.625,5,d2477e77e45aff58,0.487,3,1081,4.6,0.0,11.1,108.5,4,Stopped,7,87,179,0.0,1
0.564,80.1,0.93,3,5562.1,1,0,1.01,2047,0.436,3,92e1290d91190f4e,0.591,4,2198,0.1,2.0,27.59,203.1,1,Active,81,2208,4992,1.852,5
0.42,28.7,0.47,2,71.2,4,1,0.84,1149,0.235,1,d8580a5fe9732b27,0.404,2,1149,0.1,8.5,10.07,98.1,4,Active,24,288,698,0.417,4
0.578,22.4,1.98,4,2171.1,2,0,2.33,1740,0.643,5,b5df8c6790ee18cf,0.587,4,1740,0.2,20.2,16.3,78.8,5,Active,52,363,661,0.346,3
0.317,57.7,0.37,2,30.9,4,1,0.48,1216,0.125,1,1c7e3641063fc9ce,0.356,1,1243,20.0,17.0,1.35,108.2,4,Stopped,18,51,164,0.389,3
0.309,7.9,0.72,3,9.1,4,0,4.08,699,0.0,1,3fcb12c1634df324,0.31,1,1115,3.1,-42.0,3.6,129.6,2,Stopped,17,15,55,0.118,2
0.364,9.9,1.4,4,1750.1,2,0,3.05,1329,0.392,2,d9c79fba51690f9c,0.396,1,1481,0.0,49.1,44.77,122.6,3,Active,23,338,1069,0.826,5
0.436,26.5,0.55,2,1472.2,2,0,1.05,1454,0.401,3,70aaacff29fba47e,0.45,2,1454,1.6,20.4,22.36,101.3,4,Active,26,556,1340,0.577,4
0.533,22.7,0.72,3,2.4,5,0,0.35,845,0.0,1,50161cc2609bc006,0.537,3,845,5.2,0.0,3.54,117.6,3,Stopped,6,61,122,0.0,1
0.333,31.2,13.0,5,58.1,4,0,0.82,1044,0.5,3,c88e31a0f2f048d2,0.444,2,1051,0.4,76.0,1.28,121.4,3,Active,9,14,42,0.222,3
0.313,7.0,0.31,2,28.2,4,1,1.51,975,0.154,1,de11d9d5e991a6cd,0.359,1,1167,0.3,-39.7,10.09,144.8,1,Active,10,67,230,0.1,2
0.517,53.1,0.47,2,11494.3,1,1,1.06,1422,0.426,3,89ddf2257442f45e,0.527,3,1422,6.6,22.5,13.05,86.4,5,Stopped,48,592,1174,1.229,5
0.503,185.5,0.04,1,50.3,4,1,0.1,1947,0.376,2,b84a43d5f3f6a320,0.547,4,1947,1.0,29.0,1.69,357.4,1,Active,18,312,638,0.222,3
0.487,27.0,0.62,2,101.8,3,0,1.41,1277,0.5,3,f341c4cd4cd91ef5,0.455,2,1277,6.2,4.9,6.19,103.5,4,Stopped,25,110,232,0.2,3
0.667,2.2,0.88,3,98.2,4,0,2.84,1520,0.547,4,87517d864edf9ce8,0.716,5,1520,0.0,0.0,61.1,197.3,1,Active,6,129,201,1.333,5
0.351,23.8,0.6,2,632.8,3,0,3.47,1392,0.264,1,e53e10d38fe6e040,0.372,1,1515,2.7,2.4,17.36,73.3,5,Active,67,335,962,0.433,4
0.344,100.2,0.09,1,1389.4,2,1,1.05,1105,0.298,2,91c63b9768fba9ad,0.343,1,1374,13.5,12.6,2.9,156.8,1,Stopped,91,251,765,0.407,4
0.849,18.4,0.7,3,0.7,5,0,1.67,1183,0.5,3,9703138eb9b4edb1,0.704,5,1183,4.4,0.0,16.37,114.7,3,Stopped,6,59,73,0.0,1
0.426,23.1,0.97,3,2524.6,2,0,3.17,1409,0.403,3,c76b5fc20b5d7e72,0.441,2,1409,0.0,7.4,31.72,70.6,5,Active,73,731,1735,0.753,4
0.579,110.9,1.62,4,4328.5,1,0,0.26,908,0.7,5,e874ad2e1f7d540e,0.644,5,1424,4.6,-5.4,1.78,280.0,1,Stopped,27,182,375,0.296,3
0.577,44.7,0.13,1,1774.9,2,1,3.0,1171,0.521,4,266959b3d58956f0,0.593,4,1522,7.4,-0.8,44.07,80.8,5,Stopped,112,1644,2931,1.518,5
0.449,85.3,0.42,2,5980.5,1,1,0.74,1202,0.38,2,38fd0adebcf1d46d,0.456,2,1486,7.9,11.5,14.0,197.9,1,Stopped,57,1084,2674,1.825,5
0.41,75.5,1.96,4,273.9,3,0,0.8,1759,0.32,2,d28e23f5e873b58c,0.381,1,1820,0.5,13.2,4.46,190.9,1,Active,60,334,843,0.583,4
0.483,24.6,0.59,2,3.3,5,0,0.91,1499,0.571,4,ba842e781a6db0cc,0.476,2,1499,1.3,168.0,4.23,159.1,1,Active,9,42,89,0.0,1
0.521,54.7,3.0,5,4.4,5,0,0.38,1223,0.5,3,4d1d033bf301973b,0.483,3,1248,33.4,-4.0,1.18,145.2,1,Stopped,8,25,48,0.0,1
0.478,87.8,1.88,4,14772.0,1,0,0.14,1638,0.426,3,6c577028e445c0b9,0.595,4,1638,0.7,75.5,2.24,158.0,1,Active,11,176,450,1.727,5
0.578,25.5,1.03,3,10232.4,1,0,1.79,1683,0.536,4,0b01e928ec9e08d5,0.572,4,1683,0.4,27.6,40.44,104.9,4,Active,45,1015,1759,1.267,5
0.383,11.3,0.35,2,80.4,4,1,3.87,1839,0.303,2,1199e3ee5e02793f,0.358,1,2052,0.2,3.8,20.48,110.5,4,Active,37,196,520,0.135,2
0.466,21.7,0.36,2,2118.7,2,1,0.69,1083,0.268,1,be8a9ce2881c7d04,0.415,2,1083,2.9,7.5,9.48,120.2,3,Active,13,179,408,0.231,3
0.54,15.3,1.56,4,415.2,3,0,3.22,1496,0.768,5,0ce6ae33ef60a204,0.512,3,1496,0.4,17.5,22.41,77.6,5,Active,48,334,674,0.146,3
0.479,21.9,0.12,1,230.0,3,1,0.28,761,0.479,3,1d01663b7d0d169e,0.49,3,785,0.3,0.0,3.11,131.0,2,Active,6,67,140,0.333,3
0.607,15.7,1.69,4,183.5,3,0,0.9,1371,0.543,4,486a532348c5ca0c,0.654,5,1371,0.2,69.0,8.34,113.8,3,Active,14,129,229,0.857,5
0.716,7.1,0.48,2,423.6,3,1,1.62,947,0.375,2,c9fd3ce503ca0427,0.725,5,947,0.6,15.0,36.85,119.1,3,Active,8,182,261,0.25,3
0.364,7.8,0.21,1,1675.7,2,1,3.78,1234,0.214,1,6738f211a1e67f24,0.35,1,1234,5.5,43.0,36.11,131.3,2,Stopped,9,86,242,0.222,3
0.483,46.5,0.06,1,112.4,3,1,0.27,1092,0.278,1,e11d55ba91ae69f6,0.515,3,1396,0.2,-13.3,0.82,173.4,1,Active,12,37,89,0.5,4
0.504,20.2,0.66,3,3659.0,1,0,2.23,1452,0.581,4,50276561887b8bd8,0.507,3,1520,2.4,5.4,14.56,85.9,5,Active,34,222,458,0.147,3
0.289,22.3,0.49,2,55.1,4,1,0.51,1434,0.143,1,5bd853592dcbe890,0.29,1,1475,0.5,75.0,1.3,159.6,1,Active,11,28,97,0.091,2
0.335,31.9,1.25,4,12489.7,1,0,0.29,671,0.125,1,6267707384af79c6,0.381,1,777,0.3,-25.2,3.1,134.2,2,Active,9,98,322,0.333,3
0.467,30.7,4.11,5,1482.6,2,0,1.97,1132,0.378,2,5281b604f0294628,0.484,3,1211,0.4,12.7,10.57,86.7,5,Active,59,316,700,0.695,4
0.444,41.7,5.19,5,10987.6,1,0,1.53,1605,0.426,3,36a8c610a848c3b4,0.507,3,1615,0.5,20.7,9.66,80.8,5,Active,63,398,898,0.254,3
0.348,11.7,0.36,2,648.3,3,1,0.87,1638,0.282,1,05e9a6bb2a09b0fd,0.381,1,1662,0.2,59.0,20.01,163.5,1,Active,10,231,725,0.7,4
0.657,42.8,0.63,3,7115.8,1,0,2.77,1542,0.602,4,0edd64b3eafbeb58,0.647,5,1787,7.9,24.4,22.09,83.1,5,Stopped,88,701,1075,1.42,5
0.449,28.2,4.85,5,4.9,5,0,1.19,1290,0.25,1,039cfbf659b79356,0.457,2,1300,1.3,0.2,2.63,94.1,5,Active,32,71,158,0.0,1
0.336,142.8,0.01,1,1237.6,2,1,0.26,1149,0.189,1,1c46911d391bb117,0.358,1,1502,0.1,6.5,1.37,242.2,1,Active,36,193,663,1.806,5
0.469,15.0,0.94,3,1521.6,2,0,2.16,1285,0.461,3,e22c8047d1cf8d9b,0.5,3,1290,0.2,1.9,30.59,89.9,5,Active,32,453,1017,0.438,4
0.548,13.5,2.49,5,1142.3,2,0,4.0,1628,0.588,4,674af4a8287ccce7,0.561,4,1628,0.0,9.4,57.37,80.5,5,Active,53,761,1506,1.226,5
0.387,20.5,1.04,4,947.8,2,0,0.88,884,0.364,2,db2ec874e869338c,0.401,2,884,0.2,-0.2,7.95,111.8,4,Active,18,162,432,0.444,4
0.628,19.9,0.75,3,860.8,3,0,1.57,1227,0.6,4,129f4973d2c0fe9a,0.606,4,1262,0.3,14.3,23.34,117.4,3,Active,13,193,325,0.154,3
0.573,17.6,0.69,3,2146.7,2,0,2.65,1287,0.582,4,76683abfb5d18b6c,0.579,4,1287,0.1,30.7,42.04,94.4,5,Active,41,651,1162,1.073,5
0.424,18.5,0.96,3,247.3,3,0,1.56,1436,0.407,3,6d9d29eab0d33cc1,0.409,2,1436,1.2,26.4,11.88,103.7,4,Active,27,205,510,0.444,4
0.541,20.3,0.54,2,1794.4,2,0,3.46,1341,0.448,3,4916ee2334aa2732,0.539,3,1462,0.1,-1.3,27.61,82.2,5,Active,70,559,1182,0.214,3
0.629,19.6,6.46,5,1190.5,2,0,0.93,876,1.0,5,d8b29b77ad7b31c5,0.657,5,876,14.1,0.0,20.02,111.4,4,Stopped,5,108,194,0.0,1
0.682,10.0,0.23,1,255.1,3,1,1.45,1170,0.333,2,0d8a2fa55339c6d0,0.684,5,1228,0.4,-11.5,22.87,127.3,3,Active,14,221,333,0.5,4
0.498,34.7,1.59,4,12.2,4,0,1.43,1947,0.351,2,ca20a478efd839ad,0.562,4,2085,10.9,24.0,5.6,113.5,3,Stopped,34,133,267,0.088,2
0.439,32.1,1.08,4,400.4,3,0,0.5,898,1.0,5,569bf68250a2f95e,0.408,2,940,1.9,14.5,3.49,136.3,2,Active,9,63,148,0.889,5
0.514,27.5,1.81,4,548.9,3,0,0.18,1130,0.652,5,00f09cf84d092e99,0.73,5,1130,0.0,0.0,10.6,125.7,3,Active,5,291,587,1.6,5
0.552,74.6,1.38,4,2215.7,2,0,1.91,1329,0.491,3,a981ea4b0102f3cd,0.514,3,1432,27.8,15.3,8.69,75.9,5,Stopped,88,401,739,0.159,3
0.42,10.2,0.04,1,6.0,5,1,1.11,811,0.0,1,fa1bdb29bd672c4a,0.387,1,879,0.1,12.5,2.11,129.3,2,Active,10,19,50,0.0,1
0.352,35.3,0.36,2,4083.6,1,1,0.74,1494,0.28,1,aec4002a02fcb42e,0.5,3,1494,2.4,44.3,2.99,104.3,4,Active,23,93,281,0.217,3
0.359,33.0,1.52,4,6781.5,1,0,0.75,753,0.0,1,bcedd8ff1bb63ba1,0.39,1,838,12.4,-16.8,1.46,123.8,3,Stopped,14,27,78,0.071,2
0.397,69.6,0.65,3,63.9,4,0,0.09,1341,0.358,2,b47be0bba8d50f5a,0.457,2,1341,0.3,0.0,1.8,119.9,3,Active,6,125,421,0.333,3
0.539,3.5,2.75,5,146.2,3,0,1.71,961,0.75,5,23658cd528ad7ecb,0.532,3,970,0.0,0.0,28.48,128.1,2,Active,6,100,191,0.5,4
0.247,62.0,4.04,5,4943.2,1,0,0.23,1303,0.364,2,92ebbb0725ad3a60,0.619,4,1303,0.8,-2.0,2.63,126.3,3,Active,13,146,645,0.308,3
0.544,17.1,0.45,2,1835.7,2,1,0.7,893,0.333,2,e1763c0c9b70a40b,0.475,2,923,1.8,85.0,5.57,139.7,2,Active,7,56,103,0.0,1
0.405,26.2,2.42,5,411.8,3,0,0.24,1395,0.392,2,193f2d7e13123d77,0.404,2,1395,0.8,0.0,6.19,149.4,1,Active,6,157,393,0.667,4
0.461,44.4,0.08,1,3315.5,2,1,0.67,1320,0.349,2,8b063d4a5bdcf9fc,0.449,2,1320,11.6,22.8,17.72,104.3,4,Stopped,22,580,1328,0.955,5
0.289,101.3,0.0,1,19531.4,1,1,0.05,1370,0.2,1,f29215d9009f72ca,0.412,2,1415,0.7,35.0,1.74,571.2,1,Active,5,174,654,0.4,4
0.359,25.3,0.45,2,353.2,3,1,4.38,1222,0.252,1,ccbdabfa375e7637,0.38,1,1340,11.4,21.5,15.57,79.9,5,Stopped,61,217,740,1.377,5
0.385,51.4,0.95,3,64876.5,1,0,1.43,1904,0.273,1,8a0f396ef2c95eb3,0.424,2,2037,0.3,15.7,7.21,88.7,5,Active,73,369,1039,0.274,3
0.337,25.3,1.11,4,2701.9,2,0,0.99,1263,0.361,2,cff5ea11e9ab3e9a,0.346,1,1285,0.1,25.0,10.94,119.7,3,Active,18,199,617,0.167,3
0.537,31.8,51.43,5,1303.4,2,0,0.29,724,0.8,5,a6e6d923277d3e35,0.518,3,799,0.4,1.5,5.59,129.8,2,Active,9,175,367,0.556,4
0.482,20.2,2.73,5,25.5,4,0,1.06,1068,0.375,2,65bb164150b4ba34,0.581,4,1142,0.4,14.4,3.88,108.8,4,Active,21,77,164,0.381,3
0.463,9.6,9.44,5,11.4,4,0,1.41,1259,0.48,3,572877a2ce1398f6,0.536,3,1259,0.1,23.0,10.92,116.0,3,Active,11,85,188,0.0,1
0.51,9.3,2.52,5,4174.9,1,0,1.44,1417,0.0,1,3e17a78f2dea3d12,0.564,4,1417,0.3,167.7,11.32,132.3,2,Active,13,102,204,0.0,1
0.615,33.9,4.82,5,8610.9,1,0,3.02,1290,0.548,4,a20cf27963cea4a2,0.64,5,1419,0.0,3.9,15.03,80.8,5,Active,68,339,553,0.882,5
0.727,28.8,0.61,2,2.2,5,0,0.68,954,1.0,5,c58237ffe1a54a6a,0.722,5,954,11.2,4.0,7.83,106.5,4,Stopped,12,138,198,0.0,1
0.546,12.6,0.74,3,251.2,3,0,5.03,848,0.562,4,ec190bbef97f2a8f,0.584,4,1020,0.4,6.2,22.8,78.9,5,Active,58,263,498,0.207,3
0.543,45.0,0.84,3,25.6,4,0,1.04,1271,0.533,4,32ea6a19dbf1c049,0.552,4,1271,39.0,0.0,75.25,86.2,5,Stopped,6,434,915,0.667,4
0.451,47.8,0.02,1,4000.7,1,1,0.11,899,0.5,3,8d7e503c3eb9fc1b,0.369,1,899,0.9,0.0,4.44,100.9,4,Active,5,205,463,0.6,4
0.552,34.7,1.1,4,4071.3,1,0,1.94,1409,0.557,4,ff4417b6fd6863ef,0.573,4,1473,1.2,15.5,21.96,78.5,5,Active,65,737,1514,1.831,5
0.543,33.0,1.35,4,90.5,4,0,0.33,740,1.0,5,1cd339a60154c966,0.42,2,796,12.9,0.0,3.47,137.2,2,Stopped,6,64,129,0.167,3
0.23,27.6,0.29,2,173.8,3,1,0.75,877,0.182,1,b066b361584e7973,0.21,1,1116,1.0,-77.3,2.43,159.0,1,Active,9,29,135,0.667,4
0.358,82.1,2.01,4,16309.2,1,0,0.45,1932,0.328,2,b646c97735be0866,0.376,1,2012,1.1,16.9,8.11,255.6,1,Active,35,638,1883,0.229,3
0.571,19.8,0.2,1,1525.6,2,1,1.27,1285,0.627,5,eb5412a8a0ed6131,0.59,4,1285,0.1,6.4,42.14,103.7,4,Active,25,829,1473,0.72,4
0.364,50.0,1.74,4,5.8,5,0,0.73,1108,0.333,2,db0492833d67bcb0,0.395,1,1258,21.4,34.2,1.5,119.4,3,Stopped,18,37,107,0.0,1
0.608,30.2,1.34,4,3323.7,2,0,1.2,1429,0.626,5,6c3ace83fd5acd3f,0.619,4,1429,0.6,7.7,17.03,80.2,5,Active,35,495,822,0.114,2
0.59,45.9,1.8,4,3565.6,1,0,2.09,1833,0.522,4,5154a2469a74e086,0.689,5,1833,2.4,7.8,19.84,76.5,5,Active,91,863,1520,1.011,5
0.461,17.4,1.78,4,17.4,4,0,1.82,1144,0.4,3,ed91b69ab0e28440,0.536,3,1303,2.6,5.6,3.98,106.8,4,Active,27,59,128,0.037,2
0.718,146.3,0.04,1,4.7,5,1,0.04,1992,0.439,3,26ce55fe39482415,0.632,4,1992,6.3,25.0,2.33,639.2,1,Stopped,6,326,493,0.0,1
0.423,70.2,0.17,1,2030.2,2,1,0.81,2157,0.277,1,971a7a4ea90502f6,0.516,3,2157,2.6,49.1,5.05,108.0,4,Active,53,330,788,0.283,3
0.386,19.4,0.49,2,1.5,5,1,0.45,1487,0.32,2,7b95bf60991b8009,0.286,1,1572,0.4,0.0,2.45,205.9,1,Active,5,27,70,0.0,1
0.631,47.5,1.96,4,13746.5,1,0,1.57,1311,0.612,4,0674734186b889d6,0.645,5,1326,0.2,7.7,28.46,81.9,5,Active,41,745,1200,1.195,5
0.472,33.0,1.34,4,462.6,3,0,1.58,1323,0.426,3,3cd81fdaa2f6223c,0.453,2,1342,2.7,32.5,12.01,78.7,5,Active,48,364,778,0.667,4
0.439,23.8,0.2,1,1501.2,2,1,1.83,1209,0.403,3,33003b397f08cde7,0.428,2,1209,0.8,20.7,13.74,84.2,5,Active,42,316,743,0.548,4
0.542,32.4,0.63,3,142.5,3,0,0.39,1406,0.45,3,a0e8cc14f67aabd5,0.481,3,1555,1.3,-8.5,1.67,157.9,1,Active,12,52,96,0.25,3
0.593,10.0,0.12,1,10.5,4,1,1.23,838,0.593,4,687684ce3aa71c35,0.75,5,913,2.7,-41.0,2.06,122.3,3,Active,9,15,27,0.111,2
0.389,8.5,0.53,2,1350.1,2,0,3.71,1477,0.366,2,a4ff713e0db0b097,0.419,2,1525,0.1,17.6,27.15,102.0,4,Active,31,227,615,0.097,2
0.695,29.2,0.32,2,55.0,4,1,0.72,808,0.875,5,435173b80c12965e,0.595,4,1070,5.2,-7.7,2.04,125.7,3,Stopped,17,48,82,0.412,4
0.646,7.8,0.84,3,258.2,3,0,1.65,1384,0.4,3,0669828020435346,0.62,4,1467,0.1,10.5,22.32,132.2,2,Active,12,162,257,0.0,1
0.524,32.7,0.11,1,2.3,5,1,0.49,1065,0.071,1,f87c3f3427ac7a80,0.439,2,1188,0.4,60.0,3.0,154.8,1,Active,12,74,143,0.0,1
0.305,104.1,0.01,1,119.1,3,1,0.29,1615,0.316,2,041480b6560515f1,0.339,1,1660,32.5,23.1,2.11,329.9,1,Stopped,19,140,469,0.789,4
0.458,64.3,44.71,5,2219.6,2,0,0.53,1415,0.365,2,824627006b0d275e,0.45,2,1415,0.5,8.8,6.58,101.5,4,Active,33,413,960,0.576,4
0.289,32.2,0.07,1,2631.2,2,1,0.4,1079,0.289,1,18e23b8f5e4e35df,0.333,1,1122,2.2,16.0,2.86,114.6,3,Active,12,86,311,0.167,3
0.404,81.1,0.73,3,2052.0,2,0,0.43,1626,0.262,1,f0935a533f307ebd,0.426,2,1655,0.0,-1.1,3.39,257.3,1,Active,33,263,659,0.455,4
0.423,10.7,0.63,3,94.5,4,0,1.46,1512,0.321,2,5d5dbbb9c9207647,0.422,2,1558,0.0,7.0,17.27,109.8,4,Active,15,178,428,0.333,3
0.401,89.7,0.09,1,530.7,3,1,0.36,1012,0.315,2,6b8ea3bcbc1884cf,0.394,1,1370,0.2,-2.2,1.96,255.5,1,Active,30,164,444,1.467,5
0.513,43.1,0.46,2,1969.7,2,1,2.35,1881,0.478,3,0785507f85376aad,0.511,3,1902,1.0,15.0,26.59,75.0,5,Active,99,1119,2247,1.01,5
0.681,39.2,4.92,5,6041.7,1,0,2.04,963,0.688,5,cfa6cefdbc04c329,0.7,5,1018,0.5,-2.5,6.54,69.7,5,Active,79,253,373,0.342,3
0.498,16.7,1.37,4,1291.0,2,0,1.26,993,0.56,4,ba481b1d4955953a,0.479,3,993,0.0,6.2,20.21,105.5,4,Active,21,336,691,0.143,3
0.45,60.6,0.18,1,757.3,3,1,0.75,1309,0.314,2,b512aa19e1894544,0.524,3,1356,23.6,82.0,3.06,147.1,1,Stopped,11,45,109,0.727,4
0.719,7.7,1.06,4,11.6,4,0,1.15,852,1.0,5,ebe45bb910de5676,0.578,4,852,0.0,0.0,19.87,121.7,3,Active,6,104,146,0.167,3
0.488,46.3,1.58,4,1786.0,2,0,1.75,1723,0.422,3,97325ce7617e1ac4,0.522,3,1723,20.1,41.6,62.98,109.3,4,Stopped,46,1653,3454,1.326,5
0.605,18.3,7.44,5,18.3,4,0,1.56,1235,0.559,4,0d38ae68f627f94c,0.605,4,1248,0.0,39.6,15.19,103.2,4,Active,20,195,329,0.2,3
0.509,33.0,1.87,4,22052.0,1,0,2.09,1163,0.435,3,b494f3548a137173,0.524,3,1202,5.2,13.1,11.1,79.5,5,Stopped,58,308,611,0.914,5
0.441,27.4,0.41,2,80.6,4,1,0.42,829,0.441,3,4e906d955daf94de,0.611,4,864,0.2,18.2,1.79,127.8,2,Active,11,47,111,0.182,3
0.613,45.3,5.28,5,11159.4,1,0,1.03,1608,0.584,4,b24e27a53b673d88,0.646,5,1608,0.0,13.3,11.99,104.9,4,Active,39,455,804,1.103,5
0.693,46.7,7.3,5,15979.1,1,0,0.11,1222,0.6,4,cc4c0d10fc0e6018,0.655,5,1222,0.2,0.0,2.45,84.3,5,Active,5,114,166,0.2,3
0.478,51.8,0.05,1,7201.8,1,1,0.14,742,1.0,5,2cf299cfae74880c,0.382,1,826,1.8,-40.0,2.5,146.4,1,Active,7,125,278,0.857,5
0.379,22.4,0.44,2,193.2,3,1,0.32,1052,0.444,3,6d1cce4a7b226c83,0.409,2,1053,0.4,0.0,2.63,147.0,1,Active,7,58,161,1.429,5
0.651,10.5,5.11,5,620.4,3,0,0.68,863,0.6,4,a10f578fea4dc10f,0.688,5,962,0.1,-65.0,17.03,154.2,1,Active,7,176,275,0.143,3
0.423,9.2,0.86,3,25.9,4,0,1.36,802,0.5,3,9811e7caf6100e52,0.4,1,1011,0.0,-76.0,3.17,147.9,1,Active,9,21,52,0.667,4
0.565,54.5,0.11,1,5456.0,1,1,0.58,1197,0.315,2,c6183bbfb3def6d3,0.612,4,1197,0.1,29.7,5.34,88.7,5,Active,30,276,540,0.533,4
0.48,6.3,0.76,3,19.2,4,0,3.0,1399,0.46,3,0bc8acda700cc2dc,0.603,4,1517,0.2,24.3,18.83,158.5,1,Active,18,113,248,0.222,3
0.498,26.1,0.18,1,4288.4,1,1,0.74,1306,0.412,3,1c9ea2c45036caaf,0.585,4,1356,0.5,95.0,5.59,100.2,4,Active,14,106,221,0.286,3
0.51,41.2,0.08,1,69.3,4,1,0.37,1182,0.439,3,7f842c31d1b31262,0.444,2,1353,0.7,19.8,1.93,132.2,2,Active,15,78,155,0.333,3
0.579,43.5,2.41,5,3.7,5,0,0.28,1407,0.75,5,e5e4ee8c89a8350b,0.522,3,1407,2.7,0.0,2.21,114.3,3,Active,9,72,126,0.111,2
0.415,9.0,1.8,4,387.1,3,0,3.29,1338,0.388,2,2a0beb844ff0219e,0.381,1,1559,0.0,0.1,71.4,130.8,2,Active,26,564,1558,0.462,4
0.426,115.4,0.21,1,1075.0,2,1,0.15,1366,0.352,2,4e1d7ce4206f2247,0.458,2,1403,1.0,-11.5,2.22,337.7,1,Active,17,254,606,0.353,3
0.518,41.2,0.28,1,1244.8,2,1,0.54,2232,0.409,3,62e200b3d75cc3eb,0.572,4,2232,0.8,107.8,6.21,113.9,3,Active,22,251,596,0.591,4
0.504,21.7,9.28,5,2980.9,2,0,0.85,1687,0.568,4,7dcd531fb7414d45,0.495,3,1687,0.2,9.2,14.38,122.8,3,Active,18,305,617,0.389,3
0.615,9.0,1.03,3,450.7,3,0,1.66,1334,0.579,4,f1ff31386a4a298b,0.601,4,1334,0.0,18.0,46.13,134.4,2,Active,10,278,452,0.1,2
0.487,9.1,0.26,1,1.6,5,1,1.05,995,0.0,1,fe47efed4d8bc83c,0.458,2,1068,0.7,0.0,2.84,134.6,2,Active,7,19,39,0.0,1
0.44,19.0,1.2,4,2939.3,2,0,3.69,1719,0.391,2,98224b925972cf73,0.487,3,1799,0.0,31.0,29.07,95.6,4,Active,70,551,1365,1.8,5
0.462,182.5,0.8,3,394011.6,1,0,0.11,1256,0.458,3,1f524dcd7e017606,0.565,4,1718,3.4,-8.2,3.16,331.8,1,Stopped,20,593,1327,0.35,3
0.49,59.0,0.13,1,13667.7,1,1,0.67,1097,0.421,3,599f2d849bb61d1c,0.5,3,1194,0.5,2.6,3.12,94.7,5,Active,35,163,339,0.371,3
0.429,22.9,1.04,4,9478.0,1,0,4.35,1267,0.39,2,b84ac75e20c3b9cd,0.441,2,1614,0.2,0.3,31.15,70.1,5,Active,98,702,1693,1.5,5
0.269,7.5,0.28,1,1090.9,2,1,0.98,1240,0.178,1,d644a7c1f22be545,0.254,1,1243,0.3,0.0,12.18,121.1,3,Active,7,87,342,0.286,3
0.48,95.7,1.46,4,90.0,4,0,0.51,1709,0.354,2,360c2f1287d093df,0.538,3,1968,1.0,1.0,2.23,238.0,1,Active,44,194,410,0.273,3
0.487,9.0,1.24,4,824.0,3,0,3.47,1319,0.425,3,96f9889cbbf83c51,0.491,3,1391,0.0,7.4,40.4,94.9,5,Active,31,361,756,0.419,4
0.432,36.4,0.33,2,10476.3,1,1,1.35,1327,0.448,3,47314b5ddd080741,0.371,1,1327,0.4,25.4,20.84,88.6,5,Active,48,743,2043,0.792,4
0.411,91.3,2.64,5,1746.5,2,0,0.55,1786,0.371,2,7d12a2991fbb44ce,0.656,5,2054,1.3,0.8,13.34,183.6,1,Active,23,560,1383,0.0,1
0.519,9.7,1.64,4,1693.2,2,0,1.34,1109,0.556,4,d8178cb5474a1b07,0.576,4,1109,0.1,0.0,17.62,113.5,3,Active,10,132,285,0.1,2
0.358,34.4,0.22,1,3959.8,1,1,1.9,1426,0.317,2,a5698ade0ed0f54a,0.355,1,1426,3.0,9.5,17.0,70.6,5,Stopped,56,501,1472,0.661,4
0.686,7.4,74.33,5,3.6,5,0,1.47,949,0.667,5,bda18dff85671bf8,0.704,5,960,0.0,24.0,18.66,138.0,2,Active,9,114,226,0.222,3
0.544,7.2,0.54,2,2669.2,2,0,0.7,1043,1.0,5,62dad9c2c8b884f8,0.551,4,1043,0.0,0.0,14.55,137.0,2,Active,5,104,195,0.0,1
0.297,16.6,0.74,3,5.4,5,0,1.69,978,0.143,1,0154cc3aede78f7b,0.28,1,1186,2.1,-46.2,5.06,167.8,1,Active,11,33,118,0.0,1
0.457,21.2,2.77,5,11658.3,1,0,1.31,1753,0.401,3,3da29308435abeaf,0.48,3,1753,0.3,18.4,24.82,102.3,4,Active,27,513,1138,0.741,4
0.583,7.8,1.4,4,0.3,5,0,2.67,853,0.583,4,e7b6748a103137cc,0.556,4,855,3.9,-3.5,2.08,131.0,2,Stopped,9,7,12,0.0,1
0.511,6.3,0.62,2,206.3,3,0,1.4,848,0.333,2,ee2789fb0d0d63e5,0.488,3,883,0.0,-17.0,14.21,140.5,2,Active,7,71,141,0.0,1
0.595,23.2,0.95,3,2437.3,2,0,0.75,1270,0.729,5,fd49cf5411711151,0.629,4,1273,1.0,42.0,16.34,134.9,2,Active,10,218,385,0.6,4
0.363,23.9,0.08,1,28.0,4,1,0.85,965,0.387,2,391f28bbf11db927,0.378,1,1009,1.4,55.6,2.54,134.2,2,Active,19,57,168,0.0,1
0.216,20.6,0.04,1,84.9,4,1,0.9,1376,0.173,1,a007f70fb02ab5f8,0.217,1,1376,1.3,27.0,9.75,111.7,4,Active,17,185,960,1.824,5
0.397,25.3,3.99,5,3579.3,1,0,1.31,1389,0.33,2,ac760c9a1f4f12a5,0.431,2,1456,0.0,27.0,17.17,108.9,4,Active,30,392,1127,1.067,5
0.558,16.5,5.18,5,1537.4,2,0,0.75,1069,0.417,3,e4a810808b0e8f4f,0.564,4,1223,0.1,-44.0,12.95,138.8,2,Active,11,190,346,0.182,3
0.564,45.2,18.27,5,123.7,3,0,0.35,1592,0.52,4,1fea8aa1efa4645e,0.493,3,1592,0.5,53.0,3.54,125.7,3,Active,15,151,289,0.067,2
0.511,49.4,0.1,1,55.4,4,1,0.97,694,0.471,3,cb245ab1b762e975,0.516,3,991,27.8,10.8,12.85,134.1,2,Stopped,16,213,440,0.875,5
0.471,75.1,1.1,4,219.2,3,0,0.29,875,0.425,3,cc8de03e4999226a,0.506,3,983,4.9,-18.3,8.02,121.5,3,Stopped,20,563,1264,1.05,5
0.554,32.1,0.67,3,3.6,5,0,0.52,1220,0.667,5,8658eb3b9055d4c9,0.614,4,1262,0.4,39.7,3.24,117.6,3,Active,15,94,177,0.067,2
0.506,71.9,1.88,4,1864.8,2,0,5.38,1440,0.525,4,095c5c9936924a28,0.504,3,1440,57.6,3.9,34.75,73.8,5,Stopped,77,497,1030,0.87,5
0.509,38.7,0.26,1,335.0,3,1,0.95,912,0.72,5,67ea6d5235d76e4c,0.505,3,928,0.1,23.0,21.32,138.7,2,Active,7,157,344,0.0,1
0.401,75.8,2.91,5,2125.4,2,0,1.2,1691,0.319,2,7c73513ac747ec03,0.438,2,1691,39.9,14.2,10.03,106.8,4,Stopped,43,360,910,0.674,4
0.487,10.0,1.9,4,14.0,4,0,2.7,1621,0.453,3,7ef175bbd27c2408,0.515,3,1643,0.0,-1.4,61.11,123.8,3,Active,27,611,1254,0.63,4
0.308,28.1,0.77,3,2436.3,2,0,1.21,785,0.211,1,f14e0dbe9d040c00,0.311,1,911,8.5,-9.6,9.1,114.2,3,Stopped,22,166,546,0.136,2
0.546,28.8,0.58,2,550.7,3,0,0.58,1620,0.557,4,36b70785800036ff,0.571,4,1620,0.1,77.5,14.72,119.3,3,Active,13,331,667,0.231,3
0.493,20.3,5.66,5,26.3,4,0,2.64,1869,0.384,2,8858d35567944243,0.479,3,2051,0.2,14.0,20.85,123.4,3,Active,53,419,873,0.528,4
0.351,62.9,0.39,2,5436.4,1,1,0.32,1409,0.25,1,1f3cda136214ac7d,0.386,1,1409,1.0,11.5,0.75,130.1,2,Active,16,38,111,0.188,3
0.441,17.5,1.96,4,2816.6,2,0,2.72,1462,0.39,2,45ebd346fee612e1,0.453,2,1562,0.3,18.6,20.59,89.5,5,Active,43,326,769,0.535,4
0.605,30.8,0.16,1,72.2,4,1,2.08,1469,0.519,4,3d3ef95acc86faf7,0.619,4,1624,0.0,13.5,17.51,82.0,5,Active,63,531,933,0.524,4
0.465,26.2,0.31,2,8.1,4,1,1.33,1305,0.388,2,5c5b94708e81e4da,0.497,3,1305,5.9,-8.1,8.61,133.2,2,Stopped,27,175,398,0.111,2
0.697,35.8,0.21,1,2472.2,2,1,0.29,1459,0.76,5,ba46b7ace0d54906,0.652,5,1459,0.2,46.0,15.56,125.7,3,Active,10,531,773,1.1,5
0.632,10.7,1.71,4,1.3,5,0,2.83,867,0.632,5,baa6148bc7b80580,0.5,3,867,9.0,0.0,6.79,110.1,4,Stopped,5,12,19,0.0,1
0.331,18.5,1.42,4,1151.9,2,0,2.3,1561,0.253,1,edb20527329c7e4f,0.415,2,1737,0.3,11.2,22.88,108.9,4,Active,42,418,1400,0.929,5
0.692,11.0,0.52,2,3.7,5,0,0.65,927,1.0,5,5ad02354b29e3ced,0.6,4,927,3.2,0.0,6.23,132.9,2,Stopped,5,48,120,0.2,3
0.353,13.4,1.83,4,0.0,5,0,3.23,830,0.353,2,4e5273e29352e3c9,0.364,1,938,9.0,0.0,2.77,144.0,1,Stopped,7,6,17,0.0,1
0.39,2.2,0.82,3,19.1,4,0,2.92,1262,0.39,2,cc1cc1ebd2d148e8,0.426,2,1262,0.2,0.0,18.95,139.7,2,Active,6,39,100,0.0,1
0.389,33.4,0.56,2,40255.1,1,0,0.42,1335,0.5,3,1dfc662df35aceff,0.812,5,1343,1.9,173.0,2.95,113.6,3,Active,9,63,162,0.0,1
0.573,33.8,1.15,4,2891.8,2,0,1.85,2289,0.573,4,519f1d5a7aa7aaa9,0.673,5,2289,0.7,35.8,35.64,139.4,2,Active,61,1173,2171,1.393,5
0.399,23.5,0.28,1,1703.4,2,1,1.76,915,0.211,1,f08ed27c9c5ec1ac,0.401,2,982,0.2,23.1,6.74,86.4,5,Active,40,153,421,0.125,2
0.364,13.2,0.5,2,654.4,3,0,3.16,1734,0.254,1,dadf7739aa6f7a36,0.362,1,1734,0.8,13.0,22.0,110.1,4,Active,34,237,653,0.471,4
0.8,28.9,0.57,2,35.3,4,0,0.51,667,0.857,5,d109cac2e3be3153,0.842,5,871,1.3,-29.0,4.56,132.9,2,Active,14,126,160,0.143,3
0.525,12.2,2.26,5,40.9,4,0,1.11,952,0.525,4,5664bbe63e11220e,0.596,4,952,0.5,6.0,4.44,112.3,4,Active,13,52,101,0.154,3
0.34,29.0,0.45,2,5066.7,1,1,0.47,1163,0.374,2,f3fc93b8e032361b,0.358,1,1163,0.6,-0.3,11.66,130.9,2,Active,13,324,1014,0.923,5
0.535,20.4,5.73,5,18.5,4,0,2.42,907,0.667,5,95c610490252dd1c,0.5,3,1053,0.4,15.9,3.88,105.6,4,Active,33,53,101,0.121,2
0.354,29.1,0.44,2,149.3,3,1,0.42,1281,0.526,4,196dfa8a3b2e2fb4,0.333,1,1349,2.8,38.0,3.91,143.3,2,Active,9,83,254,0.667,4
0.511,20.8,0.21,1,1958.1,2,1,1.82,1075,0.615,5,f93318ae30f22cdc,0.448,2,1075,2.3,11.3,11.46,102.1,4,Active,29,183,378,0.138,3
0.552,39.0,0.25,1,4893.3,1,1,1.02,907,0.333,2,44fbd6cc2ac2fbeb,0.546,4,1049,0.8,-8.7,8.24,92.2,5,Active,39,315,634,0.359,3
0.41,13.4,0.36,2,1.8,5,1,1.3,873,0.41,3,2c9962c2c58e8241,0.45,2,873,3.9,36.7,3.13,130.7,2,Stopped,10,24,61,0.0,1
0.39,17.9,1.9,4,3262.2,2,0,2.42,1181,0.444,3,7242c662724affbd,0.37,1,1418,0.6,8.5,25.67,98.2,4,Active,42,445,1214,0.571,4
0.439,20.3,1.5,4,727.8,3,0,0.6,1036,0.75,5,64dcd2965ac80757,0.44,2,1101,0.1,24.8,5.01,128.5,2,Active,12,100,230,0.25,3
0.533,12.2,3.74,5,30.6,4,0,0.42,952,0.5,3,11cdc29e68d78f61,0.477,2,952,0.2,0.0,3.67,106.3,4,Active,5,44,90,0.0,1
0.396,30.3,2.21,5,681.4,3,0,0.91,1417,0.315,2,24968b9c5e96503c,0.407,2,1472,0.3,51.9,8.28,100.0,4,Active,25,228,591,0.12,2
0.513,16.9,2.7,5,97.9,4,0,1.26,1329,0.529,4,a88c858200722503,0.561,4,1397,0.6,18.5,18.25,162.0,1,Active,13,188,429,1.231,5
0.36,39.7,0.13,1,326.6,3,1,0.26,976,0.278,1,4e314ffd0fdc6a03,0.389,1,980,0.1,84.0,1.75,113.4,3,Active,10,66,186,0.3,3
0.811,20.2,1.37,4,570.0,3,0,0.43,1233,0.758,5,534b2d548af79f59,0.814,5,1233,3.2,0.0,34.56,112.0,4,Stopped,7,561,703,0.857,5
0.591,11.9,0.24,1,3.7,5,1,1.65,1190,0.5,3,864f5faceee75173,0.573,4,1204,0.2,62.2,11.64,115.4,3,Active,17,120,208,0.0,1
0.529,12.7,3.64,5,59.3,4,0,0.89,1233,0.5,3,dbd158a06267ae4b,0.471,2,1233,5.9,0.0,3.85,131.4,2,Stopped,6,26,51,0.333,3
0.346,8.8,1.59,4,283.3,3,0,1.75,871,0.0,1,0196cc5cf01a479d,0.346,1,951,0.2,26.2,6.18,123.9,3,Active,15,53,153,0.4,4
0.608,20.1,0.79,3,1222.8,2,0,2.8,1229,0.566,4,8e33ed7ac829f96e,0.615,4,1349,0.0,19.7,55.36,74.6,5,Active,56,1109,1920,1.196,5
0.529,13.6,1.15,4,167.1,3,0,1.89,1315,0.5,3,54a063d96f479fb9,0.5,3,1321,5.0,56.0,11.08,122.6,3,Stopped,14,82,155,0.214,3
0.417,143.7,0.28,1,3009.3,2,1,1.32,1965,0.388,2,661b3d18304e2c4d,0.427,2,2206,0.9,12.2,23.95,125.1,3,Active,188,3421,9720,1.383,5
0.521,28.3,0.11,1,35.2,4,1,1.2,1226,0.5,3,3793d65890b4c0a2,0.459,2,1226,9.6,34.0,12.15,107.0,4,Stopped,11,111,217,0.273,3
0.66,9.2,0.6,2,1642.0,2,0,0.74,1051,0.66,5,229c115c28cfb95c,0.586,4,1051,1.2,0.0,12.93,135.4,2,Active,5,87,150,0.0,1
0.403,63.1,1.22,4,9243.2,1,0,0.72,1206,0.335,2,49cf3b17b613db0d,0.408,2,1372,0.8,27.1,11.96,89.0,5,Active,45,745,2048,0.689,4
0.689,24.2,0.09,1,1171.7,2,1,1.63,1516,0.776,5,9fb636caabcc2b66,0.691,5,1577,0.3,-1.2,19.23,109.5,4,Active,39,460,669,0.256,3
0.487,33.0,0.85,3,2108.4,2,0,0.57,1251,0.583,4,282216774548d205,0.497,3,1251,1.2,40.5,5.31,105.6,4,Active,18,169,351,0.444,4
0.561,8.4,4.3,5,4918.2,1,0,0.63,1063,0.469,3,106ffc888e1f1050,0.593,4,1063,0.0,0.0,28.9,121.0,3,Active,5,229,419,0.4,4
0.364,32.2,1.15,4,2715.4,2,0,1.42,1680,0.308,2,8fd81a95b9a56003,0.393,1,1736,1.9,6.3,27.58,99.7,4,Active,42,813,2828,1.071,5
0.654,20.6,0.42,2,1157.2,2,1,0.55,1008,0.0,1,b4b698bc084a3e2e,0.675,5,1026,2.7,7.0,3.59,136.4,2,Active,8,52,81,0.0,1
0.517,57.1,2.43,5,8.6,4,0,1.26,1443,0.377,2,9ddf546e475aec58,0.571,4,1801,8.8,14.7,3.69,123.3,3,Stopped,61,178,346,0.049,2
0.577,51.6,0.92,3,7417.5,1,0,1.19,1112,0.438,3,f6dae8febfbf8d94,0.506,3,1173,31.8,8.7,10.95,108.3,4,Stopped,22,203,378,0.136,2
0.574,22.5,1.78,4,2247.1,2,0,3.29,1649,0.539,4,8b81ed69ff7bed06,0.612,4,1649,0.1,9.2,46.16,74.5,5,Active,73,1025,1835,1.26,5
0.391,5.1,1.29,4,4322.1,1,0,1.75,831,0.391,2,7884232de1c33e8b,0.333,1,831,0.0,0.0,8.39,121.0,3,Active,5,24,64,0.4,4
0.334,39.0,0.18,1,396.5,3,1,0.52,1124,0.31,2,fedff1e480264342,0.34,1,1340,0.6,-14.5,8.39,148.0,1,Active,20,322,1163,0.7,4
0.465,61.2,2.84,5,9903.7,1,0,2.73,1409,0.371,2,6816890513dd71cb,0.502,3,1597,0.2,13.0,17.26,62.7,5,Active,163,1031,2565,1.638,5
0.297,6.2,0.67,3,71.2,4,0,1.79,734,0.297,2,8f2e856731556da9,0.324,1,855,0.2,-14.7,13.09,130.8,2,Active,10,73,246,0.0,1
0.45,132.8,0.5,2,2341.6,2,0,0.82,1089,0.383,2,9072192fe650cc56,0.441,2,1382,87.0,-8.9,8.1,239.8,1,Stopped,35,345,769,0.771,4
0.526,9.4,0.54,2,600.4,3,0,1.44,1147,0.667,5,3947f75156f37f60,0.62,4,1204,1.0,88.0,9.47,131.5,2,Active,12,79,156,0.75,4
0.357,19.0,0.98,3,100.8,3,0,0.7,592,0.333,2,d80f89a5f3c3cebd,0.375,1,810,0.5,-55.8,4.97,126.3,3,Active,13,92,305,0.077,2
0.5,8.5,0.02,1,29.1,4,1,2.28,1131,1.0,5,12627c8749153627,0.479,3,1166,3.4,0.0,20.56,161.8,1,Stopped,5,45,90,0.8,5
0.453,24.8,0.33,2,7.4,5,1,1.0,1411,0.389,2,f8cc47656d285983,0.466,2,1411,0.4,43.4,2.42,106.4,4,Active,24,58,128,0.0,1
0.481,63.2,0.25,1,17.1,4,1,1.07,2165,0.343,2,c0e8ece526e07f76,0.472,2,2272,0.9,29.9,4.79,120.7,3,Active,66,295,622,0.136,2
0.294,33.2,1.42,4,46.8,4,0,0.62,1189,0.167,1,41fd0656dd593ebf,0.333,1,1219,0.2,29.0,1.51,115.1,3,Active,13,32,109,0.231,3
0.338,44.0,0.06,1,65.5,4,1,0.21,976,0.0,1,00e07ec2cc7159b5,0.37,1,1067,0.4,-43.0,1.22,144.8,1,Active,8,46,151,0.25,3
0.328,37.7,0.27,1,23067.8,1,1,0.52,1085,0.167,1,08216e606e3fc9dc,0.344,1,1085,2.0,21.6,2.22,123.7,3,Active,18,77,247,0.056,2
0.405,44.2,0.41,2,96.0,4,1,1.1,707,0.405,3,693ae5a6e8cc8b71,0.4,1,858,30.3,8.2,2.61,119.7,3,Stopped,13,31,79,0.0,1
0.36,4.7,0.39,2,8.4,4,1,2.16,836,0.0,1,09104e8b47a1c105,0.429,2,949,0.5,-34.0,4.32,145.7,1,Active,9,18,50,0.0,1
0.41,24.5,0.36,2,1034.6,2,1,1.64,1762,0.267,1,b9325876e06ec73f,0.466,2,1762,0.0,48.4,7.47,101.3,4,Active,40,182,466,0.75,4
0.39,57.9,0.41,2,2349.2,2,1,1.53,1967,0.352,2,815d541ed6e3eaa0,0.388,1,1967,0.2,0.6,39.45,86.8,5,Active,85,2185,7183,2.588,5
0.627,23.4,0.19,1,7.6,5,1,1.09,1180,0.667,5,a342c848e4958bb4,0.667,5,1196,6.0,50.0,6.1,117.8,3,Stopped,19,106,169,0.0,1
0.423,73.5,0.39,2,7389.5,1,1,1.63,2186,0.367,2,ec291332bab75c21,0.443,2,2335,0.2,25.1,16.22,94.3,5,Active,118,1171,2975,0.263,3
0.613,9.8,0.47,2,3463.2,1,1,2.54,1190,0.295,2,4cb0aa622e32ee2f,0.618,4,1231,0.3,36.6,51.42,96.1,4,Active,24,486,800,0.125,2
0.579,4.9,0.12,1,1.5,5,1,2.65,1096,0.579,4,ea3c16daaebd6416,0.833,5,1167,1.9,0.0,4.16,162.6,1,Active,7,11,19,0.0,1
0.677,18.3,0.19,1,1127.0,2,1,0.28,850,0.5,3,9a96cf6d782d2468,0.571,4,850,0.4,0.0,2.29,129.7,2,Active,5,41,62,0.0,1
0.521,10.4,2.12,4,1266.7,2,0,3.19,1174,0.419,3,6b52c523a3ce4272,0.543,4,1206,0.0,19.8,37.86,81.6,5,Active,30,356,712,0.8,5
0.449,70.3,1.06,4,12108.2,1,0,0.11,1123,0.25,1,9206d1f5c52397f2,0.387,1,1123,3.9,0.0,1.99,137.8,2,Stopped,6,110,256,0.5,4
0.401,20.1,1.52,4,5665.8,1,0,2.09,871,0.542,4,843efb06b9c2656d,0.369,1,988,0.1,12.5,14.44,87.3,5,Active,37,255,653,0.865,5
0.3,18.1,4.0,5,7.3,5,0,0.63,1051,0.231,1,662a835be6946fbb,0.341,1,1099,0.6,-8.0,5.71,130.4,2,Active,11,100,340,0.091,2
0.321,93.9,0.14,1,17457.6,1,1,0.5,1140,0.19,1,1fcfa12d2d876501,0.342,1,1450,4.1,-6.0,5.44,222.9,1,Stopped,45,488,1654,1.467,5
0.378,21.3,3.38,5,297.8,3,0,1.6,1470,0.258,1,ba142a5922a3574f,0.408,2,1470,0.1,35.0,12.76,110.5,4,Active,34,271,741,0.088,2
0.425,27.0,0.5,2,2751.9,2,0,1.08,958,0.211,1,fa0b7b153f34351d,0.398,1,958,8.3,31.5,5.19,110.1,4,Stopped,20,96,233,0.25,3
0.369,21.2,2.39,5,18041.7,1,0,0.7,1035,0.625,5,269b9fe288731d56,0.452,2,1142,0.5,-23.0,3.86,148.6,1,Active,10,55,149,0.4,4
0.366,106.4,0.23,1,3252.3,2,1,0.36,1916,0.265,1,91ec41c99fec1274,0.471,2,2041,0.2,13.2,2.79,254.4,1,Active,38,296,834,0.368,3
0.38,9.8,2.07,4,1257.4,2,0,2.62,1386,0.281,1,a83450110f8d0a62,0.346,1,1422,1.0,5.3,22.29,136.0,2,Active,23,196,531,0.783,4
0.468,22.3,1.43,4,10484.1,1,0,0.6,1345,0.083,1,cf886b1f0a748e3c,0.333,1,1464,0.5,0.0,2.66,113.1,4,Active,13,58,141,0.154,3
0.612,2.9,2.86,5,393.0,3,0,3.13,1533,1.0,5,140842702e218667,0.788,5,1533,0.1,0.0,22.78,147.3,1,Active,7,51,85,0.857,5
0.333,5.4,0.88,3,12.5,4,0,1.19,850,0.0,1,c1e9301f47dfa187,0.385,1,850,0.4,0.0,0.99,116.1,3,Active,6,5,15,0.0,1
0.425,29.8,0.27,1,6160.6,1,1,0.24,864,0.278,1,d61e2d2e1772b02c,0.429,2,906,0.0,-4.0,2.99,126.8,3,Active,7,89,228,1.0,5
0.5,81.3,0.01,1,4903.4,1,1,2.21,1637,0.44,3,a31bd2064764035e,0.513,3,1675,17.4,7.4,21.41,132.7,2,Stopped,136,1317,2753,1.449,5
0.433,42.8,0.51,2,3642.3,1,0,1.83,1486,0.313,2,b92a11f8ec6a6af2,0.447,2,1538,0.8,8.4,21.77,83.9,5,Active,77,915,2257,1.078,5
0.382,26.0,1.28,4,76.2,4,0,0.25,1581,0.324,2,03aa2e59de02ca1a,0.473,2,1581,1.1,0.0,6.35,157.1,1,Active,6,155,471,0.833,5
0.501,17.6,0.53,2,246.6,3,0,2.72,1112,0.357,2,89f7e4de149d41f7,0.526,3,1152,0.6,18.2,13.37,87.8,5,Active,46,226,457,0.587,4
0.4,18.0,0.48,2,77.0,4,1,0.56,813,0.4,3,c3e2bd61853ddbfd,0.417,2,907,1.1,-44.0,1.88,136.7,2,Active,9,30,80,0.111,2
0.478,7.3,0.4,2,443.7,3,1,4.44,804,0.449,3,8ae5eac31c862d87,0.483,3,1055,0.1,2.1,53.89,100.9,4,Active,32,388,826,0.594,4
0.485,94.0,0.04,1,8468.3,1,1,0.51,1767,0.457,3,3efb8cb2b7b43363,0.55,4,1767,1.6,10.1,11.04,212.6,1,Active,47,1020,2262,1.128,5
0.598,9.4,0.45,2,2.1,5,1,1.85,1911,0.5,3,fb533fc849178342,0.674,5,1911,0.5,17.8,7.29,171.8,1,Active,16,63,107,0.062,2
0.341,76.2,0.77,3,1586.8,2,0,0.11,929,0.429,3,d65ff4ce6ecb4d89,0.441,2,1013,0.9,-36.0,0.34,137.8,2,Active,8,24,85,0.0,1
0.411,64.7,2.16,5,8.3,4,0,1.82,1203,0.386,2,08d2332253b8e157,0.406,2,1376,2.9,9.2,4.71,75.8,5,Active,110,284,696,0.045,2
0.488,18.7,2.12,4,571.8,3,0,2.56,1585,0.401,3,277a56f33ff172fa,0.486,3,1665,0.4,27.3,18.48,129.2,2,Active,47,339,695,0.383,3
0.434,10.6,0.7,3,1674.5,2,0,4.17,1323,0.419,3,f88dd0a72fc4a461,0.425,2,1352,0.0,19.7,47.46,86.2,5,Active,44,501,1170,0.705,4
0.659,29.9,0.5,2,273.2,3,0,0.55,840,0.659,5,1417ec2f9f77f3ef,0.667,5,863,5.0,6.0,6.01,126.4,3,Stopped,8,87,138,0.0,1
0.485,23.2,1.03,3,2412.7,2,0,1.74,1503,0.394,2,d0325d80f1db54b2,0.408,2,1516,0.8,47.6,7.58,101.5,4,Active,34,148,307,0.353,3
0.37,76.0,0.02,1,4009.8,1,1,0.7,1524,0.319,2,5071ddd215f674e9,0.391,1,1840,2.8,2.6,10.8,206.2,1,Active,51,789,2390,1.196,5
0.452,62.2,36.88,5,10.9,4,0,0.4,1687,0.516,4,35ab70f8e1dfd9a2,0.481,3,1687,0.0,0.0,5.72,136.8,2,Active,9,130,303,0.333,3
0.577,60.0,0.25,1,234.3,3,1,0.77,1648,0.484,3,ce15ad9693e8442f,0.536,3,1648,22.2,65.2,11.35,118.7,3,Stopped,19,279,508,0.842,5
0.499,19.3,0.42,2,246.7,3,1,1.17,1624,0.377,2,8a1762d1f209d9d0,0.532,3,1624,0.2,20.0,11.23,118.3,3,Active,21,201,423,0.429,4
0.402,42.6,0.16,1,1354.7,2,1,2.27,1510,0.375,2,7b817b75ffbcbc10,0.37,1,1513,0.8,12.4,18.0,70.2,5,Active,94,744,1909,0.638,4
0.67,2.9,3.14,5,32.5,4,0,2.45,879,0.5,3,9bda7d2c8ab9f88f,0.679,5,931,0.1,0.0,21.04,140.3,2,Active,7,60,91,0.143,3
0.547,23.4,1.08,4,1418.9,2,0,2.01,1263,0.4,3,a2c83c8a8cefb44c,0.63,4,1468,1.1,28.9,12.04,93.2,5,Active,45,269,497,0.2,3
0.667,9.9,0.41,2,2.2,5,1,2.08,1468,0.5,3,2012043847da32d5,0.65,5,1490,1.0,10.8,5.63,160.7,1,Active,17,46,69,0.0,1
0.413,9.0,1.74,4,283.0,3,0,3.73,1259,0.267,1,3b6049a1cd09ebc8,0.5,3,1259,0.5,22.1,11.32,83.2,5,Active,30,91,225,0.133,2
0.563,56.6,0.55,2,1874.3,2,0,0.85,1688,0.513,4,e862f2721e9a4ffc,0.612,4,1688,9.2,49.9,25.69,88.1,5,Stopped,36,1086,1989,1.25,5
0.557,16.8,0.39,2,3148.7,2,1,0.84,1135,0.435,3,03ef24e185eddc06,0.556,4,1135,0.1,49.3,12.01,126.1,3,Active,14,200,368,0.929,5
0.464,50.2,0.67,3,7274.2,1,0,0.68,1225,0.572,4,737c953ee53c2ca7,0.473,2,1403,0.0,2.2,7.8,94.1,5,Active,34,391,914,0.941,5
0.379,22.4,0.51,2,8762.4,1,0,2.24,1744,0.34,2,a6090a44039d1e21,0.395,1,1899,0.0,27.0,29.08,95.1,5,Active,49,635,1780,1.612,5
0.528,28.3,1.42,4,5449.9,1,0,1.42,1506,0.438,3,dfa8cf58b6fd4453,0.558,4,1572,0.1,9.7,53.2,90.1,5,Active,38,1420,4187,2.711,5
0.493,94.8,0.76,3,3499.4,1,0,2.57,1369,0.491,3,839171b47571bd9b,0.489,3,1600,60.3,8.1,38.45,164.9,1,Stopped,77,1151,2420,1.286,5
0.556,24.2,2.73,5,558.8,3,0,1.64,1216,0.5,3,b2ec577fc882a4e2,0.513,3,1360,0.9,13.6,9.19,93.7,5,Active,35,196,358,0.371,3
0.5,61.8,0.17,1,10907.6,1,1,0.1,763,0.333,2,626ed77c9391170d,0.379,1,816,0.2,0.0,1.64,144.4,1,Active,6,101,222,0.0,1
0.65,61.8,1.59,4,967.7,2,0,1.27,711,0.655,5,10da8503a19d39e3,0.738,5,762,57.1,0.0,36.81,135.4,2,Stopped,6,174,326,2.0,5
0.223,13.3,1.85,4,194.3,3,0,0.47,1221,0.188,1,98b4b7b3eba8f927,0.167,1,1221,0.2,0.0,1.49,119.5,3,Active,6,19,94,0.333,3
0.409,79.4,0.68,3,33261.4,1,0,0.82,1446,0.176,1,600e9ef4eefa0747,0.368,1,1629,0.1,21.9,6.42,178.7,1,Active,65,509,1303,0.415,4
0.421,124.4,1.45,4,17423.0,1,0,3.45,1423,0.36,2,051f1a21d88799f7,0.436,2,1622,50.1,3.8,18.46,101.2,4,Stopped,256,1371,3317,1.0,5
0.604,3.4,0.68,3,110.9,3,0,2.38,959,0.583,4,a8f9ae8dc17e79cb,0.581,4,1001,0.0,78.0,32.08,138.9,2,Active,8,108,192,0.125,2
0.32,13.4,0.79,3,4.7,5,0,0.53,880,0.0,1,c5fe76597aaa8917,0.308,1,880,0.2,0.0,1.14,116.1,3,Active,6,13,50,0.0,1
0.395,56.3,0.05,1,1141.6,2,1,1.6,1881,0.288,1,aec64e7b456e22c6,0.421,2,2004,3.9,3.9,24.42,88.8,5,Stopped,84,1281,3322,0.905,5
0.589,31.6,1.47,4,3636.3,1,0,1.16,828,0.429,3,77022050cd3ba571,0.537,3,923,5.1,-11.4,16.18,103.5,4,Stopped,20,278,499,0.8,5
0.581,44.8,2.93,5,12.4,4,0,0.16,1093,0.641,5,46941497c3f91add,0.629,4,1206,0.8,0.0,4.22,186.9,1,Active,7,184,358,0.0,1
0.344,136.3,0.7,3,1648.2,2,0,0.17,1364,0.317,2,15e97e0a308b6438,0.354,1,1657,0.3,10.5,0.89,304.1,1,Active,22,118,389,0.227,3
0.527,26.9,0.17,1,14.1,4,1,0.38,2072,0.478,3,fa6655420eea1053,0.544,4,2072,0.5,43.0,3.64,217.9,1,Active,10,96,186,0.2,3
0.556,61.6,4.16,5,1989.5,2,0,2.37,1263,0.532,4,ad3f146552803c3c,0.553,4,1263,35.9,22.8,26.69,76.4,5,Stopped,43,485,908,0.814,5
0.53,39.9,0.39,2,3224.4,2,1,1.54,1781,0.5,3,46942dbb2620c46f,0.559,4,1804,0.1,9.1,14.66,78.4,5,Active,61,582,1125,1.066,5
0.395,18.3,1.69,4,2604.0,2,0,2.23,960,0.493,3,3f33b3936c1c5f7e,0.391,1,963,0.0,-2.9,20.25,99.6,4,Active,27,245,623,1.407,5
0.125,13.2,0.41,2,12.6,4,1,1.26,939,0.125,1,f484e6f62d62e784,0.125,1,939,9.2,0.0,0.76,105.9,4,Stopped,5,3,24,0.0,1
0.655,9.6,0.77,3,377.0,3,0,4.1,1216,0.481,3,7f600056846d1d88,0.626,4,1216,1.0,11.2,27.53,87.3,5,Active,35,235,362,0.0,1
0.503,46.7,0.32,2,65.9,4,1,1.95,1533,0.493,3,692e25ad71194da1,0.482,3,1533,18.2,-12.2,11.05,91.0,5,Stopped,50,283,575,0.34,3
0.453,36.7,0.26,1,2118.1,2,1,0.52,1517,0.324,2,503c0e82b25af560,0.494,3,1651,0.3,-19.3,16.85,120.1,3,Active,19,612,1406,1.158,5
0.419,19.5,0.65,3,11763.6,1,0,2.24,1218,0.418,3,00552f90d8fa2e1b,0.453,2,1218,0.3,23.4,41.73,82.9,5,Active,43,801,1998,1.535,5
0.41,47.9,0.09,1,6689.2,1,1,0.67,1464,0.397,3,3df465c2f1772b41,0.349,1,1464,4.0,-23.4,7.38,104.0,4,Stopped,29,317,893,0.379,3
0.552,34.7,0.26,1,14.3,4,1,0.33,1392,0.714,5,7ecda5abad078fb0,0.608,4,1457,2.9,-21.0,3.07,155.0,1,Active,10,94,174,0.4,4
0.236,10.3,0.6,2,6.0,5,0,1.88,1184,0.045,1,2f36ea61c2c55630,0.462,2,1184,0.0,0.0,6.4,116.1,3,Active,5,17,72,0.0,1
0.626,30.7,23.75,5,125.9,3,0,0.44,824,1.0,5,77c919acd538399a,0.653,5,877,1.8,29.2,2.48,125.3,3,Active,11,62,99,0.182,3
0.707,15.7,3.57,5,1483.1,2,0,0.99,1084,0.571,4,b30a332372dbc54b,0.741,5,1210,1.5,21.0,14.28,139.3,2,Active,14,202,297,0.214,3
0.37,33.6,3.53,5,687.2,3,0,2.03,1561,0.413,3,43beb84e5a392b59,0.388,1,1642,0.1,29.2,23.84,84.2,5,Active,68,799,2350,1.088,5
0.525,8.8,5.78,5,7.5,5,0,0.76,792,0.525,4,5d689495e5a4ea6c,0.459,2,801,2.2,0.0,4.86,126.7,3,Active,5,32,61,0.2,3
0.494,41.2,1.55,4,1674.3,2,0,2.78,1645,0.442,3,fd4a74894df1bdd8,0.515,3,1645,0.2,21.6,16.28,66.6,5,Active,114,668,1576,1.272,5
0.532,91.8,0.99,3,163.2,3,0,0.43,1256,0.3,2,520fac446a59c6d0,0.559,4,1395,0.2,-8.8,1.21,228.3,1,Active,38,107,201,0.105,2
0.5,10.4,3.0,5,2.4,5,0,1.44,807,0.5,3,1960da0b461c90e6,0.625,4,853,4.8,-2.0,3.49,139.3,2,Stopped,7,17,36,0.0,1
0.426,26.0,2.38,5,32.3,4,0,0.52,958,0.426,3,aac1ce3b0c6a140b,0.4,1,1156,1.1,-49.0,1.19,149.3,1,Active,10,23,54,0.1,2
0.425,21.5,0.61,2,2510.3,2,0,2.77,1818,0.413,3,ac45cfb0a50842d3,0.419,2,1927,0.1,13.4,65.0,85.6,5,Active,59,1384,3675,1.864,5
0.581,89.2,0.22,1,22.2,4,1,0.88,1677,0.318,2,9e3bdbfb1329d895,0.753,5,1853,19.7,6.9,3.78,197.8,1,Stopped,61,263,458,0.197,3
0.372,88.8,0.11,1,6433.9,1,1,2.71,1397,0.254,1,737899f62b46d807,0.409,2,1606,1.5,7.3,14.35,113.5,3,Active,231,1224,3556,1.152,5
0.352,8.1,1.52,4,794.6,3,0,5.1,1454,0.275,1,983483c7c70e4992,0.372,1,1577,0.2,17.7,45.61,104.8,4,Active,39,349,1003,0.897,5
0.569,22.6,0.03,1,1611.5,2,1,0.29,820,0.0,1,283633dbc29e199f,0.427,2,820,5.0,0.0,7.49,114.3,3,Stopped,5,131,232,0.0,1
0.765,39.3,21.09,5,1.9,5,0,0.47,1393,0.706,5,ff6adb8094405a41,0.778,5,1404,5.0,44.0,5.3,121.0,3,Stopped,16,182,243,0.125,2
0.498,58.8,0.16,1,74.6,4,1,0.69,1068,0.412,3,77f3730fb0313500,0.477,2,1249,25.0,3.7,5.07,120.3,3,Stopped,22,161,333,0.545,4
0.466,28.2,1.3,4,14.1,4,0,2.39,1480,0.2,1,96bfc823e3b526e0,0.525,3,1480,0.8,6.8,9.29,110.6,4,Active,19,74,163,0.158,3
0.365,31.2,0.48,2,10.2,4,1,0.36,1303,0.429,3,79ae2c0ad5b42b3f,0.325,1,1303,3.5,0.0,1.32,117.0,3,Stopped,6,22,74,0.0,1
0.526,6.9,1.83,4,2253.8,2,0,2.91,1382,0.583,4,c180f4541ebe93bb,0.463,2,1382,2.4,15.0,45.85,140.2,2,Active,13,205,390,0.385,3
0.527,25.9,0.48,2,46.5,4,1,0.44,1122,0.263,1,240f891af1ba014d,0.692,5,1273,0.3,-36.5,1.94,162.3,1,Active,11,49,93,0.545,4
0.487,79.4,0.24,1,2717.0,2,1,2.14,1283,0.452,3,571fbc1bf9f6bd17,0.493,3,1732,0.5,4.5,16.08,83.8,5,Active,164,1231,2714,0.878,5
0.34,31.5,0.2,1,3760.5,1,1,3.31,1703,0.262,1,6c494ba354d3f5ca,0.362,1,2085,2.1,3.6,22.19,85.0,5,Active,97,650,2007,0.907,5
0.292,21.9,2.95,5,13321.8,1,0,1.16,974,0.118,1,85b0ce0483398f52,0.356,1,1036,0.1,6.7,7.47,94.6,5,Active,24,154,541,0.417,4
0.598,31.4,0.23,1,17417.5,1,1,0.76,2122,0.538,4,e9b41726b53e3301,0.628,4,2122,0.2,39.5,21.04,110.4,4,Active,23,639,1103,0.565,4
0.614,81.1,0.53,2,3615.5,1,0,0.6,2107,0.552,4,fdd951f2dd2743b4,0.639,5,2107,1.5,27.5,16.01,209.9,1,Active,48,1275,2267,1.479,5
0.216,50.9,1.09,4,40.5,4,0,0.51,882,0.143,1,b3b76a8aa8106a90,0.205,1,1081,21.6,-30.0,0.82,130.3,2,Stopped,15,24,111,0.067,2
0.322,10.3,0.12,1,109.8,3,1,0.84,1040,0.077,1,09198bf42b68aeb8,0.333,1,1040,0.4,0.0,3.49,154.9,1,Active,7,29,90,0.0,1
0.484,5.6,0.33,2,38.5,4,1,2.73,1848,0.414,3,6f0091a09da2ebd5,0.511,3,1850,3.0,0.0,39.83,209.0,1,Active,7,102,223,0.571,4
0.43,25.0,1.17,4,6446.6,1,0,1.2,789,0.441,3,b53f62f87eb4cca8,0.403,2,1004,5.4,3.7,14.34,114.2,3,Stopped,18,215,605,0.056,2
0.337,5.0,0.32,2,5105.4,1,1,2.5,648,0.5,3,501508a6c81cbc39,0.538,3,815,0.2,-2.2,5.42,123.6,3,Active,12,26,83,0.5,4
0.257,18.7,0.3,2,115.1,3,1,2.69,867,0.257,1,3b61d67fe0d9a0de,0.303,1,867,15.6,0.0,12.53,117.9,3,Stopped,6,28,113,0.0,1
0.5,70.1,0.07,1,7.2,5,1,0.14,1212,0.167,1,4b948c039e674fa3,0.45,2,1225,4.2,0.0,0.58,158.6,1,Stopped,7,29,58,0.0,1
0.468,40.1,1.21,4,1124.1,2,0,1.69,1206,0.293,2,9397aa61d9038bd4,0.469,2,1444,0.9,14.3,5.17,89.1,5,Active,64,196,425,0.219,3
0.265,28.2,0.53,2,5030.3,1,0,2.49,1618,0.208,1,b60124f8b9faff2b,0.258,1,1703,0.5,28.3,19.61,79.9,5,Active,68,536,2043,0.324,3
0.643,47.3,1.4,4,127.3,3,0,0.78,1186,0.586,4,acdf246576d244db,0.64,5,1186,11.4,30.5,7.46,93.9,5,Stopped,28,268,420,0.607,4
0.41,29.8,2.23,5,548.0,3,0,1.01,1255,0.508,4,bcce55e274b4e215,0.432,2,1255,1.1,24.6,7.62,97.4,4,Active,29,219,542,0.034,2
0.649,35.3,1.01,3,2816.2,2,0,3.61,1824,0.608,4,e63c21bd9809a836,0.679,5,1839,0.2,10.1,30.11,66.6,5,Active,127,1059,1711,0.937,5
0.563,90.1,0.03,1,1958.8,2,1,0.41,1652,0.505,4,7711b79dd5f46fbf,0.561,4,1714,16.2,13.7,7.75,258.5,1,Stopped,30,570,1252,1.3,5
0.476,54.1,0.75,3,334.9,3,0,1.69,1631,0.494,3,eb1b226023dcf4b7,0.467,2,1658,22.7,16.7,9.52,82.9,5,Stopped,53,299,633,0.34,3
0.329,13.1,0.17,1,5.4,5,1,0.5,1425,0.0,1,93a2f432eaa2ceaa,0.242,1,1425,1.0,0.0,3.82,108.8,4,Active,6,46,152,0.0,1
0.602,77.6,0.14,1,2288.6,2,1,1.42,1403,0.544,4,06fb62a7d4f9e6b9,0.603,4,1504,0.1,6.8,21.0,72.4,5,Active,98,1452,3428,1.449,5
0.546,33.1,2.23,5,4792.5,1,0,2.89,1756,0.449,3,8aba02252e9ee88f,0.576,4,1756,2.3,17.6,37.39,74.5,5,Active,89,1151,2169,0.798,5
0.503,20.4,0.48,2,4085.9,1,1,2.32,1094,0.589,4,5883e2a869f481b1,0.506,3,1183,0.1,11.6,32.13,79.5,5,Active,47,652,1317,1.106,5
0.468,5.6,0.63,3,35.5,4,0,1.26,1000,0.375,2,7c1a877352281189,0.435,2,1054,0.8,0.0,5.87,135.4,2,Active,6,28,62,0.0,1
0.362,8.4,3.37,5,181.5,3,0,0.96,1047,0.318,2,8b78799e24e00639,0.404,2,1069,2.1,0.0,19.71,142.2,2,Active,6,123,389,1.0,5
0.592,9.5,2.03,4,191.1,3,0,0.92,905,0.533,4,7d66090b45a98c48,0.708,5,975,0.7,-31.5,5.97,142.3,2,Active,8,52,103,0.0,1
0.438,11.5,2.11,4,2216.0,2,0,1.23,966,0.5,3,11cd8e888ec10a63,0.351,1,966,1.2,71.0,9.08,133.3,2,Active,8,59,137,0.375,3
0.564,10.5,0.38,2,1619.5,2,1,2.2,1537,0.634,5,e7da8567b7f5361d,0.535,3,1537,0.3,88.6,55.5,104.9,4,Active,22,556,1028,0.364,3
0.673,22.3,0.06,1,498.0,3,1,1.4,1689,0.62,5,cd5f32c9b3159f34,0.593,4,1689,5.1,10.8,16.69,126.0,3,Stopped,24,287,428,0.083,2
0.477,17.7,2.61,5,75.8,4,0,0.44,1011,0.0,1,262f775c232a68ac,0.318,1,1011,4.0,124.0,2.19,116.9,3,Stopped,6,30,65,0.333,3
0.643,15.6,0.39,2,42.0,4,1,0.91,898,1.0,5,38d52f1da83e7068,0.672,5,923,0.3,-2.8,8.74,125.0,3,Active,14,134,213,0.143,3
0.463,9.8,26.0,5,6465.6,1,0,0.85,970,0.375,2,3cd2dbf735533cca,0.458,2,985,1.3,0.0,5.92,129.9,2,Active,7,49,108,0.143,3
0.683,42.0,0.47,2,82.0,4,1,0.72,1088,0.8,5,1bbed2c43a637b35,0.762,5,1149,4.5,0.0,4.04,150.3,1,Stopped,7,39,63,0.0,1
0.307,92.9,3.99,5,104.3,3,0,0.13,1670,0.444,3,cf371b046f4132fa,0.391,1,1715,0.9,0.0,2.3,230.7,1,Active,6,103,349,0.167,3
0.213,28.0,17.75,5,272.5,3,0,0.31,845,0.286,1,0d393e82f73f32b8,0.303,1,849,5.0,0.0,0.98,131.6,2,Stopped,5,16,75,0.0,1
0.526,29.0,37.0,5,12.0,4,0,0.18,1265,0.526,4,7c6056adb1e68956,0.447,2,1265,1.0,0.0,1.4,109.6,4,Active,5,39,76,0.0,1
0.483,43.1,0.18,1,6.1,5,1,1.46,1155,0.438,3,701e172aaaef8a7c,0.429,2,1287,0.4,-5.0,4.37,127.2,3,Active,19,57,118,0.0,1
0.529,21.7,5.43,5,2453.5,2,0,1.68,1438,0.5,3,62fce3d5cb96b84b,0.537,3,1438,2.2,8.7,12.01,87.9,5,Active,30,214,418,0.1,2
0.776,2.9,0.06,1,41.5,4,1,1.95,1162,1.0,5,07e3c590623db484,0.673,5,1162,0.2,0.0,32.3,171.2,1,Active,5,83,107,0.0,1
0.519,14.0,0.86,3,8.5,4,0,0.89,1342,0.5,3,303174fc41ff1564,0.433,2,1342,2.7,15.3,2.4,158.3,1,Active,10,27,52,0.1,2
0.419,10.3,0.61,2,4229.4,1,0,2.47,1128,0.483,3,2c1df0ee3cbfbb43,0.407,2,1128,0.1,-7.4,57.57,114.8,3,Active,20,466,1183,1.0,5
0.398,80.3,17.68,5,72.8,4,0,0.14,1808,0.374,2,bb80e1bb571377bb,0.392,1,1861,0.2,70.3,2.39,422.3,1,Active,11,191,523,0.455,4
0.405,18.4,1.58,4,362.8,3,0,0.7,878,0.405,3,ceaa1ab26ff124ac,0.469,2,962,8.3,-82.0,4.58,152.3,1,Stopped,7,46,116,0.0,1
0.557,8.6,0.38,2,1374.5,2,1,1.79,1159,0.654,5,e4c5d80401c410eb,0.55,4,1159,2.3,39.0,26.08,134.6,2,Active,10,146,264,0.5,4
0.533,16.1,1.53,4,362.8,3,0,2.81,1521,0.522,4,e9f97c75777eb600,0.499,3,1521,0.5,21.4,42.21,93.5,5,Active,44,660,1332,1.0,5
0.371,43.2,4.85,5,8796.0,1,0,0.63,964,0.363,2,323cb027bcb1b054,0.384,1,1012,0.0,31.4,8.07,98.0,4,Active,27,344,1164,0.852,5
0.514,49.5,6.0,5,3.2,5,0,0.28,1398,0.333,2,64628be2053a11f2,0.65,5,1398,2.2,0.0,1.99,82.5,5,Active,5,36,70,0.0,1
0.669,21.4,0.9,3,97.0,4,0,1.57,1418,0.681,5,b44b3c4ffc3db03a,0.634,4,1480,0.0,21.1,22.03,99.0,4,Active,29,407,626,0.345,3
0.514,108.3,0.05,1,9708.3,1,1,0.95,1538,0.503,4,db72abfd5a52d558,0.535,3,1925,25.3,10.3,12.71,172.9,1,Stopped,78,1043,2065,0.205,3
0.513,33.6,0.36,2,2094.0,2,1,2.05,1338,0.421,3,09bd72ca652d5b59,0.523,3,1554,0.7,5.2,21.31,90.6,5,Active,60,624,1303,0.967,5
0.552,23.2,1.03,3,233.4,3,0,0.77,941,0.5,3,1f0708fb6513ce49,0.476,2,953,0.2,0.0,3.55,122.8,3,Active,8,37,67,0.25,3
0.562,12.9,1.85,4,4.6,5,0,1.88,2181,0.457,3,d0d8053905014e04,0.588,4,2182,0.2,3.4,8.14,196.7,1,Active,24,104,185,0.083,2
0.45,57.0,0.04,1,2496.2,2,1,0.38,1650,0.405,3,0df2574cea1a0472,0.467,2,1650,2.0,20.1,10.95,148.9,1,Active,21,603,1469,1.905,5
0.362,55.9,25.96,5,7441.2,1,0,1.5,1276,0.309,2,dec967b3f110c7bb,0.347,1,1357,0.0,-1.1,15.92,80.8,5,Active,84,889,2507,0.94,5
0.433,25.1,0.1,1,4693.3,1,1,1.12,1014,0.536,4,2fc96f721fa191b9,0.448,2,1168,1.0,2.8,7.7,98.2,4,Active,27,186,439,0.111,2
0.634,22.3,0.95,3,6647.4,1,0,1.1,1826,0.575,4,0bd91874ae834f2f,0.634,4,1826,0.1,73.2,46.0,126.4,3,Active,22,922,1780,1.091,5
0.532,10.9,0.61,2,6272.6,1,0,2.33,1276,0.459,3,7bb23dfd8e3ee46c,0.583,4,1348,0.2,11.7,16.57,118.7,3,Active,25,178,340,0.48,4
0.387,47.3,0.19,1,3598.9,1,1,1.26,1677,0.322,2,3dc8622d71871ba5,0.379,1,1774,1.2,21.0,10.27,87.5,5,Active,55,448,1212,0.745,4
0.623,28.8,0.79,3,2.8,5,0,2.22,1546,0.471,3,94746069fd27dc6f,0.681,5,1721,0.4,6.4,8.1,106.2,4,Active,63,230,369,0.0,1
0.541,19.0,0.36,2,2001.1,2,1,1.34,1213,0.444,3,5320e4b09dc24e4a,0.507,3,1300,0.4,3.5,10.95,93.8,5,Active,25,204,379,0.4,4
0.603,21.9,0.36,2,2318.5,2,1,4.85,1423,0.529,4,55e0203d3c3ec9d0,0.599,4,1667,1.0,9.8,51.9,60.5,5,Active,101,1081,1813,0.95,5
0.603,14.5,0.11,1,1.7,5,1,0.53,946,0.167,1,86fa48e38b83f13c,0.587,4,955,1.1,-2.0,5.5,130.5,2,Active,7,72,126,0.0,1
0.618,19.2,3.62,5,45.8,4,0,0.26,1220,0.639,5,a960ca4d7f729dc7,0.697,5,1220,0.0,0.0,14.61,118.0,3,Active,5,280,531,2.4,5
0.684,5.5,0.52,2,7.2,5,0,2.13,905,0.684,5,291cf7430198dd83,0.625,4,1009,1.1,-59.0,6.67,138.7,2,Active,8,25,38,0.25,3
0.501,37.2,0.01,1,7317.9,1,1,0.7,878,0.514,4,1fb4067af8d0a8e4,0.485,3,932,0.2,11.7,6.25,94.5,5,Active,26,231,471,0.731,4
0.571,43.4,0.23,1,6969.6,1,1,0.34,1150,0.75,5,f7f59525571703ca,0.514,3,1150,0.2,159.0,3.4,136.8,2,Active,8,80,177,0.0,1
0.551,43.8,6.67,5,2794.7,2,0,0.86,936,0.444,3,5bf388a61cad885c,0.531,3,1154,0.7,8.9,7.1,95.8,4,Active,37,306,575,0.324,3
0.508,7.6,0.85,3,975.1,2,0,2.93,1112,0.524,4,6ffbc32d8a983fdd,0.51,3,1112,0.4,16.6,39.74,98.7,4,Active,21,285,571,0.429,4
0.658,12.8,1.0,3,13.7,4,0,1.06,914,1.0,5,65b4bbfc3b8a2b2d,0.647,5,914,1.0,0.0,5.31,114.6,3,Active,5,25,38,0.0,1
0.389,22.9,6.71,5,7.0,5,0,0.22,1048,0.143,1,a8b541e7f5f9a5f1,0.471,2,1048,0.3,0.0,0.84,142.4,2,Active,5,19,54,0.0,1
0.468,17.7,19.83,5,7546.8,1,0,0.77,874,0.75,5,01394c7e2a1d5ec3,0.479,3,874,0.0,-14.3,6.82,120.9,3,Active,13,115,250,0.615,4
0.511,31.1,0.01,1,2406.4,2,1,0.49,1213,0.392,2,5254107730c17bbe,0.525,3,1410,0.8,-8.8,6.0,154.0,1,Active,15,182,364,0.6,4
0.478,32.2,0.45,2,136.3,3,1,0.65,1479,0.385,2,419a7f429f0bf38c,0.439,2,1479,0.8,102.5,5.02,115.7,3,Active,15,116,253,0.333,3
0.427,10.6,2.6,5,2402.4,2,0,3.23,1385,0.419,3,1292b0cf6d1c152b,0.426,2,1414,0.0,38.0,36.88,89.5,5,Active,33,377,897,0.152,3
0.298,13.8,0.54,2,150.5,3,0,1.31,1166,0.12,1,97cb7f887acbc8fd,0.252,1,1331,2.9,6.6,5.7,174.7,1,Active,14,61,208,0.857,5
0.389,81.8,0.38,2,1198.1,2,1,3.16,1205,0.286,1,a411c2f27c35a323,0.387,1,1655,0.3,4.9,15.48,110.9,4,Active,257,1260,3320,0.872,5
0.49,32.9,0.71,3,963.3,2,0,2.55,1175,0.531,4,53035bdde06cb482,0.485,3,1443,0.4,9.2,40.03,80.6,5,Active,81,1272,2702,1.185,5
0.476,10.8,0.15,1,3210.0,2,1,0.84,846,0.476,3,c78b6efecc0f2680,0.625,4,859,0.2,-1.5,2.81,129.7,2,Active,9,30,63,0.0,1
0.465,28.9,0.93,3,1017.1,2,0,1.47,1093,0.429,3,dd71b59447a54133,0.473,2,1246,0.4,6.2,6.97,84.7,5,Active,42,199,430,0.333,3
0.329,13.3,0.15,1,18.2,4,1,1.55,1321,0.1,1,cf7d3f99470d7a93,0.386,1,1467,0.2,66.2,8.29,132.1,2,Active,20,107,325,0.0,1
0.471,42.5,0.57,2,317.2,3,0,1.06,1447,0.326,2,c8a8283c8d2b3066,0.513,3,1447,12.4,-0.8,7.82,107.3,4,Stopped,32,235,529,1.312,5
0.527,76.8,0.21,1,1151.2,2,1,0.86,1469,0.367,2,21140f73baa1feb5,0.516,3,1663,14.2,12.9,5.57,200.6,1,Stopped,54,349,679,0.241,3
0.583,56.8,0.87,3,3.6,5,0,1.63,1647,0.507,4,01f9350eebbbc902,0.545,4,1909,10.0,9.3,5.89,137.2,2,Stopped,46,166,288,0.174,3
0.382,19.4,0.51,2,2653.1,2,0,0.8,951,0.594,4,ce1376fb7e8c3eff,0.382,1,1056,0.5,-11.6,8.22,120.1,3,Active,15,154,408,0.067,2
0.545,54.2,0.47,2,12079.2,1,1,0.21,1105,0.333,2,90adec03016721e5,0.641,5,1142,1.8,-9.0,3.86,136.9,2,Active,11,202,393,0.364,3
0.448,118.7,1.08,4,4015.6,1,0,0.57,1988,0.441,3,53b19855f8b6d6de,0.507,3,2290,0.1,10.2,26.06,184.6,1,Active,67,3050,7255,2.463,5
0.514,45.0,0.34,2,3116.2,2,1,1.83,1408,0.35,2,c443039acd2f4048,0.545,4,1707,2.9,16.1,7.24,90.1,5,Active,77,305,595,0.234,3
0.411,31.5,2.0,4,7.7,5,0,0.42,710,0.4,3,ea6f0d8b2d014ce5,0.412,2,875,0.8,-4.5,2.98,129.3,2,Active,12,85,219,0.0,1
0.459,49.2,0.45,2,3925.5,1,1,0.77,942,0.368,2,fec0c05732bcc6d7,0.495,3,1039,0.6,32.9,4.43,112.2,4,Active,36,206,471,0.778,4
0.251,45.9,0.52,2,764.0,3,0,0.4,1455,0.286,1,16c29c7c6740bfbd,0.38,1,1455,12.7,108.0,2.66,136.4,2,Stopped,13,86,418,0.769,4
0.591,34.5,0.15,1,3.2,5,1,1.12,1660,0.652,5,2ae3023082a9d81b,0.696,5,1687,10.2,54.6,3.32,133.1,2,Stopped,27,80,137,0.037,2
0.407,9.7,1.09,4,130.2,3,0,0.74,1041,0.407,3,a2cfeada4aeac17e,0.419,2,1101,0.2,0.0,4.84,132.0,2,Active,7,46,113,0.0,1
0.702,30.0,0.37,2,5537.9,1,1,0.56,1109,1.0,5,6e286c44c60caa47,0.642,5,1109,0.3,25.7,4.92,98.4,4,Active,16,141,205,0.375,3
0.267,58.7,0.95,3,13433.8,1,0,2.8,1032,0.214,1,751872d801f93f80,0.265,1,1480,6.9,8.6,14.15,73.7,5,Stopped,145,732,3021,1.49,5
0.568,93.9,19.71,5,17286.2,1,0,0.41,1517,0.534,4,3c4acc11345f2904,0.583,4,1517,0.4,17.7,5.55,99.5,4,Active,38,515,932,0.368,3
0.565,6.7,0.3,2,6.0,5,1,1.19,1028,0.565,4,ccaea43598518caf,0.625,4,1028,1.7,0.0,10.31,114.5,3,Active,6,52,92,0.0,1
0.57,41.2,0.46,2,36795.8,1,1,1.69,936,0.375,2,06314a2134fc10f3,0.585,4,1029,0.3,4.4,11.73,65.0,5,Active,69,480,886,0.319,3
0.393,42.2,2.74,5,5194.2,1,0,1.5,1858,0.324,2,b85402a921bc826f,0.424,2,1858,0.0,18.0,15.37,110.9,4,Active,51,522,1393,1.843,5
0.565,7.4,0.47,2,1076.7,2,1,3.07,699,0.278,1,b5df428a8ccf1a4a,0.52,3,948,2.5,-36.1,31.95,128.3,2,Active,15,156,283,0.8,5
0.517,9.9,1.42,4,2.4,5,0,1.56,1159,0.517,4,96fd0b3aac881f6d,0.444,2,1159,0.5,32.3,3.23,116.8,3,Active,14,29,58,0.0,1
0.517,1.6,0.59,2,333.1,3,0,4.92,1078,0.467,3,0a56d0f5fb0bf6f8,0.516,3,1101,0.0,15.0,43.04,145.9,1,Active,8,70,145,0.125,2
0.576,54.4,0.09,1,4.8,5,1,1.64,1527,0.385,2,ccefc0360c058c16,0.598,4,1627,11.3,42.0,4.92,116.6,3,Stopped,38,114,198,0.026,2
0.43,22.5,0.26,1,4662.3,1,1,2.11,876,0.167,1,1e9153f7c2749a5f,0.398,1,933,7.2,12.3,5.64,94.4,5,Stopped,27,72,172,0.296,3
0.478,32.9,0.5,2,32.7,4,0,0.42,809,0.478,3,540ac95603eb081a,0.567,4,847,0.3,10.5,1.02,116.8,3,Active,13,32,69,0.154,3
0.468,36.9,0.02,1,2.8,5,1,0.17,1028,0.286,1,02f1ad2dc54ac546,0.538,3,1049,0.2,0.0,0.82,136.5,2,Active,6,29,62,0.0,1
0.43,53.0,9.07,5,319.9,3,0,0.6,1195,0.377,2,90d8471568855206,0.492,3,1195,0.0,10.3,7.76,113.2,4,Active,14,181,423,0.071,2
0.556,13.5,3.36,5,5651.5,1,0,0.81,928,0.423,3,1eaf92f5d1583b8f,0.597,4,1077,0.0,-44.7,16.92,143.2,2,Active,11,229,462,0.545,4
0.608,19.0,0.39,2,1351.2,2,1,2.04,1603,0.5,3,fb220bf2149d3704,0.614,4,1603,1.0,13.2,17.58,92.5,5,Active,35,302,518,0.686,4
0.288,35.1,0.41,2,8.8,4,1,0.14,1374,0.125,1,56e4ff1fd7ea7f4b,0.289,1,1374,0.6,0.0,0.87,121.6,3,Active,5,30,104,0.4,4
0.611,49.8,0.36,2,15136.9,1,1,0.59,1481,0.643,5,4d2309fe1f9f1355,0.615,4,1481,0.9,10.7,16.53,98.7,4,Active,29,808,1341,0.759,4
0.473,16.0,0.27,1,451.1,3,1,1.06,1011,0.5,3,5ccde797bc14bd81,0.366,1,1011,0.4,0.0,7.41,117.1,3,Active,6,42,93,0.0,1
0.441,45.9,0.31,2,2730.8,2,1,1.78,1638,0.387,2,dca94ba98e2e088a,0.45,2,1784,0.2,23.2,40.67,78.8,5,Active,80,1829,4362,1.387,5
0.336,18.1,0.45,2,121.9,3,1,2.0,852,0.227,1,0fef88b6acd995f2,0.412,2,1023,3.1,-16.8,6.14,140.6,2,Stopped,14,43,128,0.214,3
0.449,51.6,0.41,2,788.5,3,1,1.71,1009,0.316,2,c180c1d52e1b9d8f,0.447,2,1196,3.7,14.9,12.26,67.9,5,Stopped,82,588,1371,0.866,5
0.539,35.9,3.26,5,5338.1,1,0,0.34,1405,0.13,1,8fe20235db175519,0.477,2,1405,0.8,12.0,1.76,138.2,2,Active,12,62,115,0.083,2
0.69,9.1,0.4,2,1877.2,2,1,0.83,913,0.333,2,9cddbd516dc92b07,0.58,4,929,0.7,0.0,10.09,134.2,2,Active,6,73,113,0.0,1
0.554,8.6,1.33,4,550.2,3,0,2.3,1173,1.0,5,487c1d601ba5527f,0.53,3,1357,0.1,-9.0,12.7,139.0,2,Active,19,105,193,0.263,3
0.358,10.3,4.34,5,1383.4,2,0,0.8,980,0.256,1,3ae333c346b3beb5,0.373,1,980,0.0,21.0,13.55,123.5,3,Active,8,136,411,0.625,4
0.343,10.7,0.07,1,58.4,4,1,0.99,2035,0.179,1,eb0453e1b0f386ad,0.348,1,2035,1.5,267.0,11.24,170.6,1,Active,9,102,344,0.444,4
0.537,7.6,46.5,5,770.5,3,0,5.0,908,0.0,1,405f9e133b3d3bdf,0.425,2,908,0.1,0.0,51.0,105.9,4,Active,5,51,95,0.6,4
0.513,7.3,1.31,4,33.8,4,0,1.35,1198,0.611,4,d4df80fe6048cca7,0.495,3,1260,1.9,0.0,27.53,159.7,1,Active,7,143,300,0.0,1
0.568,84.6,1.25,4,7803.6,1,0,0.41,1462,0.442,3,746ca80ab07e5e4f,0.55,4,1501,2.1,20.5,6.02,111.8,4,Active,33,489,913,0.485,4
0.237,41.4,5.33,5,13.1,4,0,0.15,1028,0.25,1,bf0bf250b12eaba4,0.375,1,1028,0.7,0.0,0.22,94.7,5,Active,6,9,38,0.0,1
0.351,44.8,1.06,4,469.2,3,0,0.84,1154,0.319,2,7fc52697ba5541ea,0.306,1,1222,0.1,48.0,3.4,109.5,4,Active,20,81,259,0.05,2
0.389,62.0,282.17,5,1857.8,2,0,1.7,1729,0.3,2,3c42f7bf8dc5ec53,0.375,1,1864,0.8,7.8,10.6,84.1,5,Active,104,649,1699,0.933,5
0.522,96.0,0.16,1,2951.8,2,1,1.58,1599,0.423,3,30d898e4b252f3f4,0.552,4,2116,5.9,8.6,14.39,130.6,2,Stopped,142,1293,2552,0.296,3
0.584,28.2,0.25,1,36.8,4,1,0.82,914,0.333,2,d95cdc9057fe3af3,0.604,4,1175,0.0,-5.3,3.89,120.9,3,Active,23,109,190,0.217,3
0.496,60.0,0.0,1,7172.4,1,1,0.36,727,0.55,4,237ea4263effae4b,0.458,2,783,12.5,11.0,5.34,129.7,2,Stopped,17,252,538,1.706,5
0.522,9.3,1.71,4,4752.4,1,0,3.36,1210,0.429,3,381382efcb10fb05,0.499,3,1210,0.0,-2.1,49.51,89.6,5,Active,31,457,967,1.226,5
0.527,113.7,0.11,1,1821.0,2,1,0.16,2215,0.471,3,d98428908cfe56aa,0.564,4,2282,8.4,48.7,1.01,330.4,1,Stopped,17,106,207,0.647,4
0.446,42.8,0.05,1,681.4,3,1,0.96,1327,0.276,1,86b34448cf0bdcc5,0.429,2,1683,0.5,3.2,10.16,99.6,4,Active,40,423,1022,0.275,3
0.508,33.2,0.06,1,24.4,4,1,0.57,1930,0.512,4,ff5710e805b17520,0.463,2,1930,10.2,6.0,8.35,191.8,1,Stopped,13,190,374,2.0,5
0.493,55.0,0.27,1,254.8,3,1,1.21,1343,0.484,3,9a01349b3cd2a629,0.565,4,1706,0.4,-3.3,16.84,96.1,4,Active,66,918,2193,1.121,5
0.379,21.9,1.06,4,122.0,3,0,2.79,1267,0.241,1,05daf23bfeda72bc,0.416,2,1267,5.9,19.3,7.39,94.7,5,Stopped,43,114,309,0.349,3
0.457,37.9,0.11,1,249.6,3,1,1.2,879,0.451,3,5f4ce83f00a394a8,0.424,2,1123,5.2,-3.9,27.96,86.6,5,Stopped,39,908,2159,0.615,4
0.446,74.6,0.33,2,46.8,4,1,0.16,2014,0.431,3,b6f0530336a43525,0.391,1,2014,12.9,166.0,1.27,479.6,1,Stopped,10,78,195,0.7,4
0.607,10.9,0.91,3,30.9,4,0,1.2,956,0.667,5,e25cc1b59158bea9,0.545,4,1110,0.9,26.5,12.01,137.3,2,Active,12,120,206,0.167,3
0.593,20.7,0.22,1,3953.2,1,1,0.41,730,0.333,2,2117817f34ed1c17,0.532,3,863,0.4,-88.0,4.03,134.5,2,Active,8,79,135,0.0,1
0.487,12.5,2.77,5,28.1,4,0,0.81,867,0.125,1,f1b6bbd336650f56,0.507,3,885,0.1,39.5,4.55,122.3,3,Active,10,56,117,0.3,3
0.55,11.2,0.14,1,43.9,4,1,0.46,1099,0.571,4,c209b39355812264,0.541,3,1099,0.3,0.0,10.58,146.4,1,Active,5,115,209,0.2,3
0.469,31.0,1.13,4,5639.0,1,0,0.29,1866,0.38,2,9f9b4c099053e594,0.464,2,1866,0.2,0.0,8.11,124.6,3,Active,9,250,559,0.111,2
0.474,50.9,5.14,5,9324.8,1,0,2.95,1253,0.416,3,4ae53192a5bea468,0.514,3,1677,0.1,10.4,32.01,74.4,5,Active,150,1629,4754,0.967,5
0.434,20.9,0.9,3,2493.0,2,0,1.5,1300,0.379,2,7f78317fff31c7d9,0.456,2,1335,0.2,22.2,12.49,99.7,4,Active,31,258,604,0.839,5
0.366,74.7,0.25,1,1364.2,2,1,4.82,1352,0.25,1,b5a6b8e748be4a4f,0.367,1,1739,0.2,12.0,16.75,77.7,5,Active,339,1177,3266,0.1,2
0.648,56.8,0.23,1,345.5,3,1,0.09,1013,0.125,1,47b3f3b65c91d290,0.667,5,1013,0.0,0.0,2.15,129.8,2,Active,5,122,213,0.4,4
0.269,12.6,1.17,4,2.2,5,0,0.79,731,0.0,1,c5f044621dfb20cb,0.5,3,830,1.1,-32.7,0.61,133.1,2,Active,9,7,26,0.0,1
0.586,36.7,4.31,5,3321.9,2,0,0.47,993,0.52,4,4fd745746dcfb6d7,0.575,4,1016,0.4,19.8,4.52,117.2,3,Active,16,153,324,0.438,4
0.516,65.7,0.48,2,940.8,2,1,0.3,1793,0.421,3,3b7eb54d7a2b69bf,0.554,4,1793,1.7,26.8,5.79,137.2,2,Active,19,371,953,1.789,5
0.382,26.9,1.0,3,658.4,3,0,1.17,1754,0.35,2,6cce07f04979b3df,0.388,1,1774,0.1,56.9,17.97,132.1,2,Active,31,475,1331,0.839,5
0.622,21.8,2.18,5,2119.7,2,0,2.52,1319,0.54,4,c6d02014f7e53c62,0.64,5,1319,0.4,4.5,28.33,86.4,5,Active,54,606,1002,0.722,4
0.469,13.1,0.06,1,20.1,4,1,1.44,1280,0.545,4,45c34cf184fa5e37,0.416,2,1405,1.3,-3.3,12.55,148.4,1,Active,17,148,318,0.353,3
0.54,98.7,0.31,2,1354.1,2,1,0.08,1642,0.536,4,44f7f1ecfec5aee3,0.556,4,1642,1.2,114.3,1.84,475.7,1,Active,8,174,339,1.125,5
0.56,58.8,22.71,5,13.3,4,0,0.68,1077,0.5,3,80f6cc553c8587cc,0.488,3,1167,0.4,-68.0,7.88,140.0,2,Active,8,93,166,0.25,3
0.733,5.8,1.62,4,70.9,4,0,3.03,1205,0.725,5,c500c22cef0eda5e,0.782,5,1333,0.5,17.2,27.27,129.9,2,Active,16,144,202,0.938,5
0.464,62.3,3.45,5,11906.0,1,0,0.71,1655,0.417,3,1719a378b7ac34d9,0.498,3,1791,7.0,39.5,4.5,113.1,4,Stopped,39,249,588,1.077,5
0.322,6.0,4.96,5,1570.5,2,0,1.2,1015,0.429,3,2ebbe84dd17a45d6,0.327,1,1022,0.2,0.0,8.06,129.5,2,Active,7,47,149,0.0,1
0.321,53.7,0.07,1,37580.7,1,1,1.03,1209,0.279,1,c258d5f0cdfbae4c,0.317,1,1209,0.1,20.7,18.14,87.9,5,Active,55,972,3210,0.691,4
0.57,8.1,0.46,2,857.2,3,1,1.45,1455,0.6,4,3c37040b1d00e75d,0.584,4,1455,0.0,0.0,30.29,140.7,2,Active,10,209,405,0.3,3
0.441,20.7,1.57,4,3960.1,1,0,2.25,948,0.466,3,492cc027c0931eb5,0.464,2,1028,0.0,-2.3,16.66,81.0,5,Active,45,333,790,0.2,3
0.686,22.6,4.59,5,506.6,3,0,1.15,877,0.5,3,5a44516e1cc65e10,0.689,5,938,0.1,22.3,21.97,110.8,4,Active,19,364,542,0.0,1
0.299,22.7,0.92,3,511.2,3,0,0.88,1007,0.235,1,62ad02eb8b6ef333,0.274,1,1088,0.8,-41.3,2.41,123.4,3,Active,19,52,184,0.105,2
0.398,40.5,0.45,2,71.9,4,1,0.54,2274,0.311,2,0961b5c61cf6f35f,0.461,2,2274,0.4,77.5,20.95,123.4,3,Active,21,816,2382,0.381,3
0.599,21.5,0.2,1,742.9,3,1,1.01,1386,0.543,4,e042f2ee98e8089f,0.602,4,1386,0.0,54.0,23.41,128.3,2,Active,13,302,549,0.308,3
0.443,40.3,0.05,1,2.3,5,1,0.83,1222,0.444,3,d84f250356ef5bd9,0.423,2,1351,28.2,57.5,2.89,183.5,1,Stopped,10,35,79,0.0,1
0.398,75.4,0.13,1,232.9,3,1,0.53,577,0.4,3,a3f0656c0e8fb4e7,0.312,1,956,8.9,-13.0,1.21,108.3,4,Stopped,33,76,196,0.091,2
0.87,3.3,6.67,5,0.5,5,0,2.03,1378,0.5,3,7fb0af22343dbbb1,0.9,5,1378,0.5,0.0,8.11,73.3,5,Active,5,20,23,0.0,1
0.647,21.3,1.96,4,0.8,5,0,0.29,1215,1.0,5,89462b57d2d95ab2,0.75,5,1215,0.4,0.0,2.11,116.0,3,Active,6,44,68,0.167,3
0.269,6.2,0.46,2,9.0,4,1,1.71,871,0.25,1,cdcb5f9e5ea5ba08,0.333,1,962,0.4,-33.5,3.09,141.3,2,Active,10,18,67,0.0,1
0.573,28.8,0.37,2,591.5,3,1,1.66,1026,0.609,4,88ae434ec8a4c30e,0.592,4,1061,17.2,-18.2,12.56,117.0,3,Stopped,19,144,262,0.684,4
0.364,70.9,0.58,2,3275.0,2,0,1.72,1369,0.282,1,14a3dbf6edfe666d,0.358,1,1523,30.7,12.1,11.32,76.1,5,Stopped,69,454,1321,0.87,5
0.164,32.6,3.82,5,97.3,4,0,1.24,890,0.143,1,f04308e6b565313b,0.186,1,1060,8.5,2.1,2.07,101.1,4,Stopped,30,50,318,0.033,2
0.402,25.8,2.55,5,385.5,3,0,0.71,1450,0.444,3,710f54bd71d3917e,0.388,1,1450,0.5,43.4,4.14,119.9,3,Active,18,105,266,0.167,3
0.525,39.5,0.03,1,15.5,4,1,0.16,987,0.0,1,3a4685c661c4ea94,0.438,2,987,0.7,0.0,0.56,120.5,3,Active,6,21,40,0.5,4
0.628,22.9,5.66,5,78.7,4,0,0.98,1023,0.471,3,bcd477b154093f47,0.634,4,1044,1.5,47.0,12.88,120.3,3,Active,13,170,293,0.308,3
0.434,171.2,0.33,2,98.1,4,1,0.22,2100,0.394,2,2f404438d8b6d30b,0.393,1,2409,0.0,24.7,3.11,282.7,1,Active,37,532,1294,0.946,5
0.337,20.3,0.11,1,3.5,5,1,0.47,951,0.048,1,1b826c3ed717bb1a,0.305,1,951,1.3,67.0,4.2,127.8,2,Active,9,80,249,0.0,1
0.56,29.3,0.43,2,4170.0,1,1,1.9,1408,0.478,3,99deb470f35d6fe0,0.538,3,1408,1.9,6.7,17.76,85.5,5,Active,52,487,972,0.577,4
0.417,46.2,0.02,1,3625.1,1,1,0.84,1403,0.34,2,e60abe3f4669709f,0.405,2,1438,0.3,22.0,7.88,98.8,4,Active,37,346,851,0.297,3
0.334,21.8,3.68,5,8364.7,1,0,3.77,1279,0.264,1,ca0d855f61188896,0.355,1,1404,0.0,11.1,23.4,69.0,5,Active,82,509,1553,1.585,5
0.679,9.0,1.85,4,993.4,2,0,1.66,1057,0.556,4,9e2ac79eca454376,0.642,5,1061,0.1,4.5,20.2,115.7,3,Active,13,158,234,0.615,4
0.494,12.7,0.88,3,138.1,3,0,1.09,1122,0.267,1,3ff49b3f51ab25d7,0.607,4,1179,2.6,-2.0,3.66,143.9,1,Active,11,37,77,0.0,1
0.767,83.7,2.04,4,3891.4,1,0,0.68,2144,0.645,5,34f5e3fc8840979f,0.772,5,2278,0.4,16.5,27.56,198.3,1,Active,57,2296,3934,4.07,5
0.55,126.3,0.14,1,1550.8,2,1,0.41,1298,0.517,4,b0a437587104e4e1,0.488,3,1377,1.6,1.5,2.83,201.1,1,Active,51,352,744,0.745,4
0.544,13.5,0.83,3,2627.4,2,0,3.93,1305,0.471,3,dda2bf4613403dba,0.526,3,1305,6.6,14.2,68.69,115.0,3,Stopped,27,472,872,0.889,5
0.522,34.4,0.33,2,3115.1,2,1,0.88,1446,0.656,5,1cfd9be26a9d7dda,0.478,3,1470,1.0,3.9,12.36,121.0,3,Active,23,323,650,0.522,4
0.797,11.6,0.89,3,1.6,5,0,1.92,1270,1.0,5,84d5d43fc4236d1c,0.821,5,1297,0.2,12.5,8.55,132.7,2,Active,22,98,123,0.045,2
0.322,12.8,2.1,4,6184.6,1,0,1.27,805,0.0,1,0cabaf3a12e578e5,0.276,1,937,3.1,-39.0,3.54,127.5,2,Stopped,10,28,90,0.0,1
0.346,52.8,3.5,5,253.8,3,0,1.7,948,0.333,2,d969fda227c2dffb,0.412,2,1023,3.9,90.0,5.09,146.3,1,Stopped,9,27,81,0.0,1
0.393,39.2,0.04,1,6.7,5,1,0.23,1459,0.348,2,bf52972f65472a42,0.397,1,1459,5.0,0.0,1.62,106.9,4,Stopped,7,50,145,0.143,3
0.294,8.4,0.2,1,1305.1,2,1,2.53,645,0.294,2,4a92e893587cad44,0.261,1,830,0.5,-21.0,8.85,129.1,2,Active,14,49,170,0.0,1
0.516,8.7,1.25,4,6.7,5,0,0.81,908,0.5,3,bd54d7005c7e0c7d,0.48,3,955,1.3,0.0,8.63,137.4,2,Active,6,64,124,0.0,1
0.543,58.3,0.25,1,2446.4,2,1,3.82,1651,0.423,3,f3171bdc2299273e,0.54,3,2062,0.5,6.0,43.18,78.7,5,Active,221,2497,4635,0.561,4
0.706,2.9,1.1,4,516.1,3,0,2.2,1086,0.375,2,d5334ecbba55bb98,0.679,5,1086,0.1,0.0,67.83,131.5,2,Active,6,185,262,0.0,1
0.484,20.1,1.13,4,3.2,5,0,2.18,1372,0.378,2,5a710de39348bc55,0.485,3,1442,0.4,9.8,8.5,98.3,4,Active,43,168,353,0.0,1
0.2,4.6,2.21,5,4.0,5,0,1.66,1026,0.0,1,7f585c103516ad5c,0.5,3,1026,1.0,106.0,2.49,119.8,3,Active,6,9,45,0.0,1
0.461,11.8,0.52,2,2193.7,2,0,1.47,975,0.25,1,0859b4f4f5585eb6,0.48,3,977,1.8,49.0,5.55,127.7,2,Active,9,34,76,0.0,1
0.37,29.4,2.93,5,7032.0,1,0,3.01,1245,0.344,2,e2b6e045d0d46957,0.389,1,1318,0.1,-3.9,27.4,77.0,5,Active,69,628,1843,1.319,5
0.429,42.3,0.96,3,194.0,3,0,1.73,1376,0.409,3,5950fc1353af10d7,0.447,2,1376,34.2,6.5,5.18,137.7,2,Stopped,14,42,98,0.429,4
0.64,8.6,1.32,4,15.3,4,0,1.67,1343,0.714,5,bcdf7f491d598b75,0.701,5,1471,0.2,10.7,18.09,112.3,4,Active,14,152,267,0.429,4
0.369,29.9,0.03,1,3293.1,2,1,1.02,847,0.205,1,fb842bbfd2a643d3,0.364,1,1080,0.5,17.7,3.8,102.1,4,Active,25,93,274,0.72,4
0.562,12.9,0.97,3,90.4,4,0,2.12,1482,0.824,5,278f822700d40560,0.65,5,1482,0.6,45.6,16.22,100.2,4,Active,26,199,363,1.269,5
0.356,7.6,1.61,4,43.0,4,0,1.52,1123,0.304,2,2824d36698abfbe6,0.443,2,1250,0.4,-19.0,8.86,144.9,1,Active,11,64,180,0.273,3
0.364,70.3,2.14,4,8.0,4,0,0.29,1768,0.429,3,58d7d91becd3749d,0.33,1,1788,25.0,154.0,1.21,144.8,1,Stopped,13,55,154,0.0,1
0.52,23.9,0.58,2,324.1,3,0,1.79,1498,0.518,4,fc18b5de5e916f3f,0.497,3,1609,11.2,36.1,17.45,130.7,2,Stopped,21,205,417,0.095,2
0.422,21.8,1.4,4,7161.8,1,0,0.56,938,0.222,1,8d7e8ab4a8bda64d,0.374,1,1035,0.0,42.0,3.18,134.7,2,Active,12,68,161,0.083,2
0.409,25.9,1.09,4,2921.5,2,0,1.06,1063,0.2,1,f669321f7136565e,0.45,2,1250,1.0,-11.0,8.24,118.5,3,Active,26,202,513,0.0,1
0.365,8.4,1.36,4,4853.1,1,0,0.7,841,0.0,1,64996089acad3148,0.398,1,841,0.1,0.0,12.57,126.2,3,Active,5,90,260,0.0,1
0.562,26.7,0.07,1,2.3,5,1,0.58,2102,0.3,2,3fff1c4fc3ef24aa,0.5,3,2102,17.8,0.0,3.14,296.4,1,Stopped,5,27,48,0.0,1
0.575,23.9,0.1,1,4043.4,1,1,1.74,1122,0.712,5,fb3b6d4f32fadf74,0.525,3,1184,0.0,-0.3,17.07,90.9,5,Active,38,372,781,1.553,5
0.483,24.2,1.9,4,3.4,5,0,0.58,775,0.5,3,15239fa6f781fb71,0.455,2,935,3.9,-23.7,0.81,138.2,2,Stopped,10,14,29,0.0,1
0.493,15.7,0.85,3,51.3,4,0,1.12,1412,0.491,3,f817e755c0ade21e,0.612,4,1519,0.5,13.0,13.1,140.5,2,Active,17,198,489,1.412,5
0.7,10.4,0.18,1,0.1,5,1,0.83,907,1.0,5,b2dc9eb99f4e40d7,0.583,4,1047,0.5,-54.0,1.45,154.3,1,Active,8,14,20,0.0,1
0.447,26.9,0.04,1,259.2,3,1,0.44,1073,0.323,2,07197e6b2ef3c8b0,0.429,2,1111,0.1,68.0,6.5,114.5,3,Active,11,161,398,0.273,3
0.547,48.5,0.09,1,37953.7,1,1,0.21,807,0.4,3,516bc8e217f6e21b,0.508,3,1009,0.4,-86.5,3.64,144.5,1,Active,10,175,327,0.5,4
0.39,69.7,0.74,3,2548.3,2,0,2.44,2104,0.341,2,d7ce7a369ad4fcb8,0.448,2,2165,2.6,15.3,20.55,70.8,5,Active,164,1379,3670,0.555,4
0.371,11.1,1.92,4,190.8,3,0,0.94,763,1.0,5,95231a35eab61977,0.545,4,763,3.9,0.0,2.45,124.4,3,Stopped,5,13,35,0.0,1
0.642,18.4,8.5,5,299.1,3,0,0.73,1119,0.75,5,130a9c996b3e787d,0.703,5,1119,0.0,0.0,6.23,129.1,2,Active,7,60,95,0.286,3
0.464,31.4,0.83,3,1253.4,2,0,1.98,1431,0.478,3,5f699f357370be60,0.484,3,1462,0.4,13.3,21.24,77.5,5,Active,58,623,1401,0.483,4
0.424,35.0,0.52,2,2276.6,2,0,1.63,1309,0.346,2,18fed792c957e0f1,0.405,2,1309,12.3,10.0,9.72,91.7,5,Stopped,37,220,542,0.378,3
0.427,17.5,1.2,4,2427.6,2,0,1.36,1266,0.344,2,3554eb616bdd1c98,0.408,2,1356,0.5,-11.6,14.81,110.8,4,Active,23,251,595,0.13,2
0.44,22.9,8.89,5,232.9,3,0,3.11,1347,0.542,4,5cd7840fe49f4824,0.427,2,1420,0.6,6.2,15.17,70.6,5,Active,61,297,722,0.754,4
0.458,17.9,2.79,5,1593.0,2,0,0.6,852,0.308,2,284f06244f6d4a43,0.375,1,852,0.5,0.0,3.09,119.0,3,Active,6,31,72,0.0,1
0.507,53.6,0.72,3,12607.1,1,0,0.93,1408,0.528,4,9fa1a725a8cff07f,0.471,2,1408,0.6,31.7,9.6,86.1,5,Active,43,445,933,0.767,4
0.45,11.5,1.05,4,2252.1,2,0,3.58,1474,0.386,2,362afc2525fe2f6f,0.453,2,1564,0.3,10.9,46.2,78.9,5,Active,40,516,1167,0.05,2
0.415,75.3,7.43,5,5203.6,1,0,0.31,1216,0.353,2,dde6bec28656afc0,0.436,2,1349,1.1,-11.4,2.1,114.3,3,Active,23,156,388,0.739,4
0.608,67.0,0.03,1,3743.7,1,1,0.21,951,0.167,1,ed457308ac88065c,0.591,4,1016,10.8,0.0,2.12,120.2,3,Stopped,8,79,158,0.625,4
0.409,58.7,1.57,4,8268.3,1,0,3.2,758,0.412,3,27472eec89a92418,0.412,2,985,0.7,1.9,14.97,66.6,5,Active,174,813,2117,0.931,5
0.418,43.5,0.39,2,9904.9,1,1,2.81,1618,0.339,2,ffb5fbd04ec1e18e,0.404,2,1708,0.0,16.3,28.8,72.9,5,Active,122,1250,3054,1.525,5
0.582,11.1,1.36,4,252.5,3,0,2.94,817,0.49,3,5e3b7b34524212f2,0.539,3,894,0.6,-5.7,30.82,94.2,5,Active,28,294,557,1.286,5
0.292,53.5,0.37,2,4.6,5,1,1.5,1752,0.091,1,1f24984e797bb3c9,0.196,1,1846,48.8,0.0,6.01,232.0,1,Stopped,7,28,96,0.0,1
0.489,22.4,0.38,2,839.5,3,1,3.88,1109,0.492,3,c0321603d4077eff,0.514,3,1351,0.1,6.2,45.19,77.1,5,Active,76,886,1884,1.224,5
0.479,32.5,0.48,2,246.8,3,1,0.35,995,0.8,5,5f495cf0c556fe30,0.49,3,1063,4.2,-14.0,3.14,130.8,2,Stopped,8,72,169,0.375,3
0.4,33.9,2.5,5,1.7,5,0,0.24,1262,0.333,2,babb507fd5eb9def,0.385,1,1262,0.4,0.0,0.48,102.3,4,Active,7,14,35,0.0,1
0.578,25.8,1.83,4,56.5,4,0,0.34,901,0.25,1,17ba74060646dabf,0.426,2,923,0.0,30.0,2.41,119.5,3,Active,8,57,102,0.0,1
0.392,5.6,1.55,4,8372.1,1,0,2.69,1128,0.375,2,6c09af95784e3098,0.514,3,1165,0.4,9.0,9.93,119.1,3,Active,13,48,125,0.692,4
0.49,46.4,4.27,5,1896.5,2,0,1.49,1145,0.39,2,a9e8c3f8f4245e3b,0.497,3,1251,0.1,14.2,17.85,75.0,5,Active,62,741,1648,1.081,5
0.556,7.3,0.8,3,1.1,5,0,2.37,988,0.556,4,092338412ad25466,0.6,4,988,3.9,28.0,3.94,162.5,1,Stopped,6,10,18,0.0,1
0.379,29.0,1.88,4,5756.3,1,0,1.72,866,0.393,2,dbcca28d9805ded4,0.379,1,1154,0.2,8.9,19.51,86.8,5,Active,48,543,1460,1.458,5
0.693,36.8,0.25,1,6059.3,1,1,2.07,2133,0.479,3,72c944ca08c09120,0.715,5,2263,0.8,43.8,62.18,92.6,5,Active,74,2228,5182,2.081,5
0.577,7.6,25.0,5,2.2,5,0,0.81,1199,0.577,4,797a5d71b743580f,0.5,3,1199,0.2,0.0,2.03,136.0,2,Active,6,15,26,0.0,1
0.404,26.9,0.03,1,76.4,4,1,0.69,1073,0.333,2,dcb64ce390a864fc,0.424,2,1163,5.1,-3.1,5.17,140.9,2,Stopped,15,113,297,0.667,4
0.435,15.7,2.29,5,39.7,4,0,0.68,984,0.435,3,4a22d945a9c112a7,0.714,5,1012,2.1,0.0,1.13,154.4,1,Active,6,10,23,0.0,1
0.513,20.0,2.25,5,16213.6,1,0,0.42,1263,0.6,4,b2ad772732483a57,0.474,2,1263,0.5,0.0,1.2,105.9,4,Active,7,20,39,0.0,1
0.454,91.2,0.1,1,9730.9,1,1,2.64,1571,0.389,2,f7bca6374c6f385d,0.476,2,1959,5.2,5.6,27.32,109.5,4,Stopped,227,2348,5372,0.93,5
0.413,17.2,1.06,4,6.8,5,0,0.92,1271,0.316,2,96df101b418d4104,0.396,1,1278,0.9,78.7,2.76,134.3,2,Active,15,45,109,0.0,1
0.465,11.2,0.23,1,543.6,3,1,0.46,980,0.6,4,31ea182bbea8221f,0.273,1,996,0.4,0.0,1.76,131.9,2,Active,5,19,43,0.0,1
0.595,17.7,1.15,4,1479.0,2,0,0.73,1594,0.744,5,ec00b8046392cd43,0.571,4,1652,1.2,254.0,14.22,149.0,1,Active,12,234,395,0.333,3
0.671,5.3,0.29,2,46.3,4,1,2.76,1481,0.556,4,11dd22f9cc7a259e,0.645,5,1481,0.5,87.5,21.41,141.8,2,Active,13,101,152,0.0,1
0.426,6.0,5.38,5,1032.6,2,0,2.49,1084,0.423,3,abc2f308719230a2,0.435,2,1103,0.0,9.0,29.47,141.8,2,Active,7,83,204,1.286,5
0.614,24.5,0.45,2,2136.5,2,1,1.35,767,0.741,5,e1dbbde97e7e7f89,0.605,4,924,0.2,-2.7,28.7,101.0,4,Active,29,617,1026,0.069,2
0.448,66.5,0.41,2,6327.4,1,1,0.21,1471,0.3,2,a9f2d5a19cf11a4d,0.426,2,1471,4.4,0.0,2.93,141.4,2,Stopped,11,156,359,0.091,2
0.378,7.2,0.36,2,3001.9,2,1,1.96,1000,0.263,1,258bb4ff64b4dd13,0.408,2,1043,0.0,17.7,29.73,128.8,2,Active,12,182,487,0.417,4
0.593,79.5,0.22,1,7.3,5,1,0.31,1911,0.585,4,cee0d859b9a6c54f,0.66,5,1988,44.3,63.5,2.27,426.1,1,Stopped,11,80,135,0.909,5
0.602,50.3,4.08,5,13.2,4,0,0.86,1160,0.5,3,d6c8bd4322fe0b32,0.533,3,1224,14.2,8.2,4.4,94.5,5,Stopped,31,159,264,0.065,2
0.357,61.8,0.9,3,12788.0,1,0,1.5,2087,0.263,1,97b82f1174800e48,0.357,1,2230,2.4,18.3,14.05,86.1,5,Active,87,814,2313,0.379,3
0.524,32.6,0.42,2,2098.5,2,1,1.11,1399,0.297,2,a0d5c0c69d45aa1a,0.502,3,1464,1.1,32.4,7.4,88.6,5,Active,35,233,460,0.571,4
0.523,7.2,0.22,1,69.6,4,1,2.33,745,0.0,1,e87833a080ffc947,0.478,3,872,0.4,-14.7,8.55,116.1,3,Active,15,55,107,0.0,1
0.414,62.8,3.5,5,2787.3,2,0,0.52,1409,0.407,3,cf53aa97ae2d9aef,0.448,2,1491,3.0,11.0,4.09,95.9,4,Active,31,244,616,1.516,5
0.404,53.8,38.58,5,8680.3,1,0,1.57,1711,0.392,2,55952b5761e930a4,0.531,3,1846,0.0,18.9,20.15,84.8,5,Active,84,1080,2810,0.464,4
0.42,46.7,0.23,1,3436.9,1,1,1.73,1432,0.36,2,7dc23d3721ee85b5,0.42,2,1635,14.3,-11.9,32.48,118.2,3,Stopped,56,1050,2706,1.393,5
0.775,28.8,0.29,2,9133.3,1,1,0.2,915,0.775,5,e3a38313f3ddc453,0.75,5,915,0.5,0.0,1.23,106.8,4,Active,5,31,40,0.4,4
0.539,11.4,4.93,5,8.1,4,0,0.73,892,0.2,1,9c8959f753e03d8d,0.477,2,894,0.4,0.0,4.27,121.1,3,Active,8,47,89,0.25,3
0.382,40.1,1.0,3,6.3,5,0,8.0,1022,0.0,1,e4157a3530c7fb32,0.545,4,1022,35.4,0.0,13.0,122.4,3,Stopped,8,13,34,0.0,1
0.49,22.9,1.83,4,121.1,3,0,0.53,1441,0.25,1,d63f42f4cf85281a,0.477,2,1441,0.3,0.0,2.13,103.3,4,Active,12,48,102,0.083,2
0.369,27.8,1.16,4,1081.0,2,0,0.22,1682,0.383,2,fd9e6caa2b663c07,0.462,2,1682,0.8,0.0,8.74,180.0,1,Active,6,235,688,0.5,4
0.561,23.0,8.43,5,3.9,5,0,0.99,1236,0.561,4,9ccc54abfecf7788,0.606,4,1276,0.8,12.7,2.82,123.4,3,Active,13,37,66,0.0,1
0.404,31.2,0.26,1,4075.4,1,1,1.16,1180,0.446,3,269ca868e2fb16d8,0.411,2,1180,5.2,20.8,13.02,99.6,4,Stopped,30,338,923,0.567,4
0.464,28.9,0.97,3,5072.7,1,0,1.75,1908,0.416,3,67a5fc7bd1cbc801,0.524,3,1908,0.2,27.2,43.77,87.5,5,Active,48,1200,2913,1.479,5
0.482,21.8,3.34,5,1026.7,2,0,1.06,1478,0.472,3,3efe68e621fba938,0.516,3,1515,0.0,28.5,9.11,100.1,4,Active,23,197,490,0.348,3
0.613,13.4,1.29,4,9.0,4,0,0.78,926,0.667,5,123459543a405498,0.629,4,942,1.9,-5.5,4.01,145.7,1,Active,8,41,80,0.125,2
0.327,56.7,0.74,3,176.0,3,0,0.19,817,0.5,3,45fc9097eaa04d21,0.289,1,901,0.1,11.7,1.2,139.4,2,Active,11,68,214,0.273,3
0.617,18.8,0.68,3,56.7,4,0,0.42,1007,0.25,1,e2f8847c9bc77eff,0.75,5,1007,0.4,0.0,1.86,191.2,1,Active,5,22,47,1.0,5
0.433,9.0,0.81,3,276.2,3,0,0.78,955,0.433,3,2efad029babf3be9,0.469,2,975,0.1,0.0,3.77,137.7,2,Active,6,29,67,0.0,1
0.303,59.1,0.42,2,30211.0,1,1,0.13,1143,0.257,1,ee57ee9192cadda3,0.273,1,1143,0.6,0.0,1.15,122.1,3,Active,7,62,211,0.286,3
0.766,7.4,1.02,3,534.6,3,0,3.02,1381,0.568,4,20ca206e131078a2,0.823,5,1430,0.7,38.0,66.81,101.6,4,Active,20,443,608,0.3,3
0.633,38.1,1.73,4,2596.9,2,0,0.62,1578,0.276,1,a7e7406efee58dce,0.644,5,1624,0.0,8.8,6.12,113.7,3,Active,20,197,311,0.0,1
0.571,25.4,0.2,1,11.5,4,1,0.28,1402,1.0,5,6d64236135516686,0.625,4,1402,2.1,0.0,2.03,153.7,1,Active,6,44,77,0.5,4
0.469,15.4,0.33,2,24.3,4,1,1.21,1379,0.25,1,2d47e085989329ae,0.592,4,1426,0.4,-2.4,4.03,130.4,2,Active,18,60,128,0.056,2
0.385,74.1,0.33,2,2431.4,2,1,0.56,1789,0.294,2,968a7e0d62b21307,0.436,2,1831,0.6,11.9,5.85,101.2,4,Active,41,430,1149,0.415,4
0.425,44.3,9.58,5,140.0,3,0,0.7,1258,0.278,1,8f5ea3f4cf91ec60,0.438,2,1290,16.9,18.2,3.96,117.8,3,Stopped,19,107,254,0.421,4
0.225,24.3,0.39,2,15.5,4,1,0.67,939,0.0,1,d58fd55fb92f8f06,0.25,1,957,4.8,46.5,0.98,125.6,3,Stopped,13,19,89,0.0,1
0.537,13.2,0.8,3,1950.9,2,0,2.8,1668,0.438,3,820a3cb4709011ee,0.54,3,1668,0.0,30.5,34.68,96.9,4,Active,37,458,913,0.622,4
0.433,22.6,0.43,2,5.6,5,1,0.32,1015,0.5,3,11db08fefe57efa6,0.385,1,1059,0.5,0.0,0.7,121.7,3,Active,6,13,30,0.0,1
0.362,30.8,2.73,5,2490.4,2,0,2.4,1945,0.203,1,e216d5c69b47697c,0.359,1,1945,0.4,16.6,16.53,79.8,5,Active,73,502,1421,0.671,4
0.427,29.3,0.31,2,1859.6,2,1,0.77,1137,0.6,4,abd6baade3848112,0.426,2,1185,1.0,-25.0,4.13,101.9,4,Active,21,112,279,0.762,4
0.424,73.2,0.35,2,8437.1,1,1,0.44,1277,0.172,1,ae300867a7b74447,0.377,1,1394,1.0,31.0,1.51,112.4,4,Active,31,106,283,0.452,4
0.542,59.1,2.29,5,5007.8,1,0,0.4,1514,0.593,4,d65a73a5831bb533,0.691,5,1514,3.9,49.2,28.9,97.5,4,Stopped,22,1586,3063,1.5,5
0.508,17.6,1.05,4,1448.9,2,0,6.81,1189,0.608,4,ad70d82d32a94b78,0.518,3,1324,0.0,6.0,51.26,69.6,5,Active,120,903,1988,1.192,5
0.45,98.7,0.0,1,4389.7,1,1,1.08,1761,0.283,1,8ebdbe46dd75a4b0,0.523,3,1914,0.1,8.0,5.93,148.8,1,Active,101,556,1239,0.356,3
0.465,30.1,1.91,4,1487.6,2,0,1.88,1570,0.479,3,dce281342f3a5612,0.505,3,1593,0.0,4.4,15.2,91.0,5,Active,56,452,993,0.339,3
0.581,11.8,1.23,4,10.3,4,0,3.02,1758,0.589,4,350e8a64f2eac6df,0.646,5,1758,0.2,43.8,27.92,102.0,4,Active,35,324,561,0.0,1
0.389,11.7,0.95,3,4760.2,1,0,2.7,1281,0.409,3,8ff1dc47e5fc42c0,0.393,1,1281,0.2,30.9,39.22,99.2,4,Active,29,421,1117,0.828,5
0.769,15.4,0.33,2,4.4,5,1,0.7,878,0.1,1,fac979c80eee7c86,0.773,5,947,1.1,2.0,5.94,135.0,2,Active,10,85,117,0.1,2
0.336,68.9,0.02,1,74202.8,1,1,0.13,648,0.336,2,75646932b507edf3,0.288,1,801,0.4,-38.5,0.62,143.3,2,Active,8,38,119,0.125,2
0.58,31.9,0.18,1,1860.4,2,1,0.72,1120,0.585,4,b77d4ccee0f59382,0.59,4,1152,1.0,25.7,15.64,113.8,3,Active,22,476,881,1.273,5
0.334,56.6,0.27,1,4352.1,1,1,2.37,1281,0.251,1,2ac015c3570471c1,0.35,1,1392,7.4,4.5,11.4,67.4,5,Stopped,110,528,1801,0.6,4
0.371,13.3,4.45,5,6912.6,1,0,1.89,1262,0.314,2,370e087a72d4deef,0.435,2,1262,0.2,35.5,15.45,107.5,4,Active,19,155,420,0.789,4
0.403,8.0,0.02,1,617.5,3,1,1.11,1354,0.346,2,937d6f99d2b20b60,0.542,3,1354,0.8,0.0,9.03,147.4,1,Active,8,65,176,0.375,3
0.287,18.1,7.55,5,56.9,4,0,0.51,1380,0.0,1,7a684f5f27b53306,0.191,1,1380,0.2,0.0,1.52,131.4,2,Active,9,27,94,0.222,3
0.044,88.6,0.11,1,30.7,4,1,4.12,2019,0.337,2,1478287720b97d9c,0.471,2,2207,1.3,5.4,9.48,122.3,3,Active,182,419,10000,0.104,2
0.466,10.3,1.21,4,31.1,4,0,1.53,826,0.5,3,f11e66550ae1b6d0,0.495,3,906,0.8,-22.2,13.78,129.4,2,Active,12,108,236,0.083,2
0.512,37.3,2.65,5,5483.6,1,0,0.63,1389,0.62,5,aae6fac7154d6f11,0.555,4,1389,0.6,20.7,17.64,96.2,4,Active,23,648,1343,0.913,5
0.671,57.4,40.0,5,4.6,5,0,0.23,1513,0.714,5,98c89bd70f2b5b9b,0.69,5,1513,1.1,92.0,0.85,160.3,1,Active,13,48,82,0.0,1
0.551,16.1,2.49,5,1232.1,2,0,2.3,1525,0.686,5,b8cf64334c88af6f,0.582,4,1525,0.0,17.3,28.11,84.7,5,Active,37,453,847,1.135,5
0.482,13.7,2.75,5,1778.4,2,0,3.01,1252,0.421,3,64bd05c6209bdb00,0.468,2,1320,4.1,2.0,12.6,108.6,4,Stopped,22,92,199,1.455,5
0.38,14.8,1.25,4,2030.9,2,0,1.09,942,0.308,2,245606400e908423,0.415,2,1062,0.1,-2.7,7.7,136.6,2,Active,12,85,245,0.75,4
0.587,35.3,0.05,1,628.0,3,1,0.37,1611,0.588,4,bf4c2837a0b5092d,0.608,4,1611,0.3,74.0,38.27,150.5,1,Active,13,1329,3001,5.462,5
0.835,30.3,0.79,3,106.4,3,0,2.15,856,0.5,3,695de140db26f037,0.865,5,1063,4.1,-12.7,43.07,148.3,1,Stopped,13,261,328,0.0,1
0.45,23.8,0.01,1,1195.0,2,1,0.38,1344,0.341,2,1c5677411af251bd,0.429,2,1344,0.1,0.0,6.43,137.2,2,Active,9,152,347,0.0,1
0.476,93.0,0.03,1,3992.2,1,1,0.84,1413,0.373,2,08062c4a462de127,0.466,2,1550,4.9,-5.8,21.36,169.3,1,Stopped,71,1809,4359,1.296,5
0.423,20.0,4.12,5,7929.5,1,0,0.86,860,0.0,1,3e231781358b10cb,0.458,2,929,2.6,-3.8,2.86,128.6,2,Active,15,50,123,0.0,1
0.566,20.9,3.57,5,1479.1,2,0,1.21,1234,0.607,4,7748d9344e5194a6,0.544,4,1234,0.0,9.9,20.94,106.2,4,Active,23,398,709,1.261,5
0.585,20.0,0.03,1,29.3,4,1,0.41,704,0.585,4,0d3b29f86482d525,0.5,3,831,0.3,-30.0,2.8,147.0,1,Active,8,55,94,0.0,1
0.731,15.6,1.51,4,29.9,4,0,1.37,1124,0.667,5,ceccddaa84cd5ef0,0.725,5,1240,0.2,-45.3,8.35,142.6,2,Active,13,79,108,0.0,1
0.638,69.2,126.0,5,271.4,3,0,0.52,1040,0.75,5,8b63bd6bfd47fe5e,0.597,4,1040,0.2,0.0,7.0,117.4,3,Active,6,81,127,0.0,1
0.5,21.9,46.5,5,106.7,3,0,0.25,1456,0.359,2,3046092b2a107c50,0.673,5,1456,0.0,0.0,9.11,188.3,1,Active,5,180,380,0.4,4
0.522,41.6,0.68,3,4332.6,1,0,1.09,1431,0.667,5,16e15f6f33f3dc7b,0.522,3,1516,2.9,15.8,7.55,88.0,5,Active,42,292,623,0.619,4
0.453,14.8,0.12,1,298.6,3,1,0.44,1097,0.5,3,ccc4970943f2d1a8,0.356,1,1097,0.5,0.0,3.64,113.3,4,Active,5,41,95,0.0,1
0.449,25.7,1.44,4,1421.7,2,0,3.12,1332,0.312,2,f553509ca6b0b180,0.467,2,1396,0.1,15.0,26.3,78.9,5,Active,70,591,1478,0.8,5
0.429,69.0,195.0,5,4.5,5,0,1.2,1405,0.458,3,db4788330e7ab077,0.425,2,1473,27.4,21.5,4.12,105.5,4,Stopped,23,79,196,0.043,2
0.629,11.3,2.63,5,20.6,4,0,2.21,1328,0.588,4,5484d1e990370283,0.602,4,1333,1.8,10.2,11.58,127.5,2,Active,21,110,178,0.048,2
0.622,55.4,155.0,5,5915.2,1,0,0.09,1024,0.538,4,2206b35156ee6fd0,0.702,5,1024,1.1,0.0,2.63,138.5,2,Active,5,143,312,0.6,4
0.535,28.9,0.44,2,2161.5,2,1,1.6,1661,0.466,3,8837e67efc4613af,0.547,4,1661,0.2,14.5,17.93,82.7,5,Active,46,515,1005,0.783,4
0.607,10.2,21.25,5,26.1,4,0,0.89,949,0.5,3,39678ea0b0533a71,0.59,4,949,0.0,34.5,5.31,116.1,3,Active,9,54,89,0.111,2
0.324,41.1,0.6,2,1061.7,2,0,0.33,1546,0.252,1,9ae48251a88f43e4,0.356,1,1546,1.4,101.5,9.78,140.3,2,Active,13,388,1217,1.615,5
0.537,21.7,1.21,4,1500.3,2,0,2.9,1499,0.468,3,40e6e5e9f5ffcd6e,0.559,4,1499,0.2,9.5,44.2,89.1,5,Active,53,809,1574,0.528,4
0.526,23.0,0.55,2,4.9,5,0,2.19,1720,0.444,3,f7884a9a977ad88c,0.573,4,1900,1.5,-5.5,11.27,119.7,3,Active,45,231,445,0.0,1
0.536,25.8,0.58,2,37.3,4,0,3.99,1285,0.417,3,690e92e909d88797,0.576,4,1477,1.0,6.1,15.82,73.7,5,Active,77,305,571,0.429,4
0.587,29.7,0.6,2,909.0,2,0,0.84,979,0.545,4,971b64bc46eae9cb,0.579,4,1074,0.0,5.1,6.48,98.0,4,Active,25,192,332,0.4,4
0.47,50.5,0.6,2,8541.4,1,0,2.16,1051,0.439,3,dff410d6a5f20962,0.464,2,1178,5.9,5.7,19.31,66.0,5,Stopped,95,850,1981,0.863,5
0.437,62.4,0.19,1,17750.3,1,1,0.72,1419,0.257,1,1e23f7c68b4151b4,0.518,3,1509,0.4,22.3,2.85,90.9,5,Active,44,173,430,0.523,4
0.365,43.3,0.69,3,22576.0,1,0,0.24,854,0.143,1,371a81ddf10fcc11,0.344,1,914,11.8,9.0,13.13,155.0,1,Stopped,7,383,1057,0.0,1
0.471,32.3,1.08,4,39.0,4,0,0.91,1238,0.346,2,3850d7a67c0c2878,0.485,3,1238,2.5,38.6,2.96,101.3,4,Active,27,88,191,0.037,2
0.383,19.6,0.3,2,5.6,5,1,1.08,1278,0.296,2,935cfa3b9502c9b0,0.455,2,1404,1.0,-4.0,6.33,131.8,2,Active,20,117,321,0.2,3
0.405,40.3,0.43,2,5647.4,1,1,1.68,2072,0.273,1,d6d480306f27022c,0.49,3,2193,0.4,19.0,15.34,120.7,3,Active,29,265,697,0.793,4
0.443,23.1,0.01,1,6341.0,1,1,0.93,1174,0.44,3,52797c842aee6056,0.458,2,1174,0.5,19.0,5.7,102.2,4,Active,19,117,280,0.526,4
0.418,17.2,0.82,3,3289.6,2,0,0.51,661,0.273,1,2801d58c4cd8acbb,0.437,2,821,0.1,-60.5,6.17,142.4,2,Active,8,97,256,0.0,1
0.219,38.6,0.85,3,895.9,2,0,0.83,966,0.571,4,a0088a6bc1dc78c3,0.5,3,1166,2.2,-4.1,2.81,97.1,4,Active,26,88,415,0.0,1
0.51,28.4,5.0,5,2565.0,2,0,1.95,1195,0.653,5,8a70b788f93ad274,0.475,2,1443,0.7,6.5,12.01,88.2,5,Active,47,290,594,0.617,4
0.477,7.5,2.03,4,1125.2,2,0,2.46,850,0.357,2,a7450c00ff262349,0.463,2,953,0.5,-6.0,12.03,113.9,3,Active,17,83,176,0.0,1
0.44,60.4,0.04,1,164.5,3,1,1.13,1033,0.4,3,bffb1c0bbf24c07d,0.401,2,1094,0.3,27.8,3.71,80.7,5,Active,68,223,541,0.132,2
0.48,47.7,0.27,1,892.6,2,1,0.37,1250,0.446,3,38b9058141fda892,0.536,3,1282,0.2,29.2,14.4,145.5,1,Active,12,472,1061,2.0,5
0.401,32.9,0.64,3,3832.2,1,0,1.11,1744,0.362,2,1164c9b5c0d0c8d1,0.497,3,1744,3.0,41.9,13.77,105.4,4,Active,33,411,1241,1.818,5
0.634,12.4,0.63,3,1324.7,2,0,1.9,1254,0.5,3,a9df091fbf66485b,0.64,5,1287,0.1,22.9,22.29,106.4,4,Active,22,258,421,0.318,3
0.515,17.0,3.3,5,3515.9,1,0,2.12,1394,0.479,3,3f8cce234471d704,0.54,3,1395,0.0,15.3,27.19,83.2,5,Active,34,437,912,0.441,4
0.325,12.8,0.97,3,41.7,4,0,0.6,998,0.667,5,d824cbee88ae7a81,0.375,1,1040,1.0,22.0,3.17,133.4,2,Active,7,37,126,0.143,3
0.491,24.5,0.81,3,10134.9,1,0,2.36,1288,0.462,3,9205921c35449e7c,0.474,2,1288,0.0,13.0,24.08,76.8,5,Active,56,572,1262,0.589,4
0.465,73.7,4.29,5,548.6,3,0,0.2,1370,0.397,3,db0f6547b860cb86,0.632,4,1391,0.4,134.0,5.09,118.1,3,Active,15,373,830,0.4,4
0.357,47.4,0.91,3,64.3,4,0,2.06,1780,0.259,1,a15007e4f976daa4,0.425,2,1956,2.7,9.3,10.73,93.9,5,Active,92,480,1352,0.087,2
0.757,55.5,2.33,5,23.4,4,0,0.15,1008,1.0,5,6b0fefe1c3bb82d3,0.759,5,1177,1.1,-65.0,0.87,171.4,1,Active,8,47,70,0.0,1
0.529,31.2,28.43,5,247.8,3,0,0.44,921,0.2,1,9a9949ec9175a0f1,0.545,4,1017,0.3,19.5,3.6,135.6,2,Active,13,107,206,0.154,3
0.528,89.4,0.67,3,7491.3,1,0,5.16,1032,0.464,3,6f3ef9f87dc88915,0.546,4,1536,0.5,3.8,26.13,93.9,5,Active,459,2324,4545,0.795,5
0.728,149.2,2.61,5,1527.4,2,0,0.4,1457,0.612,4,2b8cf6c1b5cd0d26,0.743,5,1679,0.5,4.9,17.39,190.1,1,Active,59,2585,4050,1.339,5
0.5,41.3,2.48,5,8642.3,1,0,0.64,1139,0.582,4,334684164c0613c5,0.471,2,1185,0.0,9.3,6.4,103.8,4,Active,23,230,546,0.522,4
0.362,7.8,0.79,3,3667.5,1,0,1.42,965,0.245,1,7c5560abfd17f019,0.325,1,1013,0.0,23.0,31.15,128.8,2,Active,11,241,721,0.455,4
0.593,20.5,2.53,5,4683.5,1,0,2.56,1227,0.333,2,05a24e158db465fb,0.57,4,1275,0.0,12.1,10.71,99.3,4,Active,27,113,194,0.222,3
0.381,7.5,1.04,4,3224.0,2,0,0.76,880,0.414,3,27802956d38b4c72,0.381,1,894,0.5,0.0,14.06,132.7,2,Active,5,93,336,0.4,4
0.429,90.5,9.07,5,58.5,4,0,0.88,1728,0.362,2,71110c336720a818,0.51,3,1880,3.1,20.1,6.65,102.1,4,Stopped,76,572,1369,0.237,3
0.444,20.9,6.58,5,25.6,4,0,0.34,898,0.421,3,f07f2ec21b6f77d7,0.447,2,978,0.1,-51.0,5.15,151.0,1,Active,7,107,250,0.429,4
0.284,43.1,0.12,1,462.7,3,1,4.38,704,0.273,1,7e6e8d835a7eab4e,0.289,1,910,38.5,-17.4,12.92,120.9,3,Stopped,20,59,208,0.3,3
0.419,20.4,1.47,4,364.9,3,0,0.61,1247,0.238,1,7e8550d0f07cb82d,0.4,1,1281,0.8,17.0,5.51,122.5,3,Active,12,108,291,0.667,4
0.469,18.1,0.53,2,1806.2,2,0,0.39,1314,0.464,3,34ed75554dc15f32,0.488,3,1314,0.3,0.0,13.68,113.2,4,Active,7,243,527,0.429,4
0.375,8.3,2.04,4,17164.9,1,0,1.48,1899,0.3,2,38646435b3d83a1f,0.397,1,1899,0.1,54.0,13.96,162.9,1,Active,12,113,307,0.667,4
0.602,9.7,0.33,2,82.5,4,1,1.43,975,0.5,3,ae942c1fe4d39a92,0.561,4,975,0.2,0.0,23.14,127.7,2,Active,6,97,166,0.167,3
0.384,86.7,3.07,5,86.8,4,0,0.77,1676,0.328,2,5c95348b1b501ac4,0.555,4,1765,20.1,5.6,6.88,206.6,1,Stopped,48,429,1116,0.146,3
0.312,50.5,0.7,3,283.9,3,0,0.96,2157,0.331,2,fb4cbaff40bb6d59,0.413,2,2157,0.3,40.1,17.25,103.7,4,Active,48,866,2974,0.5,4
0.61,4.4,0.26,1,2.2,5,1,1.14,1053,0.5,3,082eba5e3ecdb6b0,0.619,4,1064,0.0,0.0,22.41,193.0,1,Active,5,98,172,0.0,1
0.511,120.0,0.32,2,4811.2,1,1,0.05,2153,0.398,3,6fbf8c2a0c0629bc,0.543,4,2230,3.0,0.0,1.48,656.8,1,Stopped,5,142,282,0.8,5
0.467,22.6,1.73,4,201.0,3,0,0.71,1485,0.357,2,b42b99d9eed5b4b4,0.442,2,1485,0.5,32.3,3.04,138.9,2,Active,14,60,150,0.429,4
0.625,9.0,1.07,4,721.0,3,0,3.07,916,0.562,4,ec4b46eb9a1a05ae,0.621,4,1026,1.1,-16.2,23.57,111.0,4,Active,22,169,277,0.455,4
0.478,58.6,0.1,1,2.2,5,1,0.82,2001,0.233,1,be19a0650a9f521d,0.5,3,2211,0.2,11.7,2.64,122.8,3,Active,46,149,320,0.043,2
0.508,57.9,3.48,5,8412.6,1,0,1.29,1304,0.477,3,c34d7d6207ad6a3e,0.523,3,1546,0.4,5.7,9.86,74.6,5,Active,74,567,1139,0.527,4
0.31,12.5,1.07,4,1311.2,2,0,1.17,944,0.292,2,1b240ebdd73b4e3e,0.292,1,1003,0.5,7.5,9.83,130.0,2,Active,14,118,397,1.071,5
0.441,49.6,0.41,2,5320.2,1,1,3.53,2040,0.365,2,27f67a440b1360de,0.474,2,2166,0.8,19.5,46.47,90.5,5,Active,172,2265,6412,3.169,5
0.554,16.6,0.38,2,2077.2,2,1,0.91,1053,0.533,4,e6efc33b30a4fb56,0.49,3,1100,0.1,-10.8,20.56,119.6,3,Active,15,340,659,0.533,4
0.651,29.1,0.31,2,4572.3,1,1,0.9,1230,0.643,5,cbcab0e39f7f9411,0.617,4,1230,0.1,23.8,20.83,99.4,4,Active,22,509,885,1.591,5
0.545,8.0,2.24,5,6.2,5,0,1.88,900,0.333,2,0efc961d0f15e082,0.65,5,971,0.5,14.0,3.75,118.7,3,Active,14,28,55,0.0,1
0.505,20.7,0.87,3,4168.0,1,0,3.22,1797,0.468,3,c3eaff9bdd470f3b,0.512,3,1797,0.2,21.8,39.12,83.1,5,Active,66,802,1625,0.53,4
0.442,31.0,16.71,5,2721.5,2,0,1.02,1610,0.345,2,4a7b612896a71984,0.432,2,1722,0.0,0.4,10.74,133.1,2,Active,31,325,744,0.323,3
0.471,26.0,3.25,5,7.4,5,0,1.25,845,0.0,1,cab3ddaf6f899650,0.5,3,845,4.3,30.3,1.77,104.9,4,Stopped,17,24,51,0.0,1
0.493,33.9,2.92,5,469.6,3,0,1.71,1741,0.476,3,90460da03437ea87,0.517,3,1847,0.1,20.4,40.84,103.3,4,Active,58,1382,2863,1.517,5
0.492,41.6,0.19,1,7334.7,1,1,1.09,1630,0.469,3,d05f4ef1a286f50c,0.47,2,1630,0.2,25.6,38.59,79.0,5,Active,45,1598,3487,1.889,5
0.321,30.5,0.31,2,140.6,3,1,0.47,1619,0.161,1,6a55975c0a8d6c24,0.317,1,1698,7.2,64.5,3.22,209.4,1,Stopped,11,75,234,0.273,3
0.603,15.1,1.9,4,4777.2,1,0,1.89,1493,0.667,5,adbdd02576d860cc,0.593,4,1493,0.1,40.2,12.38,103.2,4,Active,23,151,252,0.261,3
0.567,20.8,0.29,2,844.8,3,1,0.5,1050,0.796,5,1613331283fa665c,0.543,4,1078,2.8,0.0,12.8,118.5,3,Active,9,230,420,0.0,1
0.449,54.3,0.23,1,12629.7,1,1,0.81,866,0.577,4,c22cb9d5e84be1e1,0.431,2,919,25.8,-5.7,6.44,104.5,4,Stopped,20,160,361,0.55,4
0.436,24.7,1.47,4,391.1,3,0,1.4,1526,0.35,2,2800e1863e3c38ea,0.424,2,1944,6.2,-27.0,6.78,134.0,2,Stopped,23,111,257,0.348,3
0.541,22.3,2.05,4,9.1,4,0,2.07,1827,0.339,2,7d2becb8cd70b612,0.597,4,1857,1.1,45.9,8.79,94.7,5,Active,41,174,338,0.098,2
0.557,34.9,0.76,3,6873.4,1,0,2.15,1664,0.539,4,004979c2e4a84c5a,0.551,4,1664,3.7,33.2,29.68,76.8,5,Stopped,67,924,1669,1.269,5
0.535,32.8,3.43,5,3561.8,1,0,1.09,1436,0.469,3,4bcb5e4c677abcf4,0.512,3,1454,0.6,26.9,12.77,91.8,5,Active,35,411,806,0.943,5
0.61,14.3,0.11,1,1078.4,2,1,0.83,886,1.0,5,cf2a26f1d676fdea,0.704,5,1052,0.4,-48.7,3.32,147.8,1,Active,9,36,59,0.0,1
0.308,15.6,2.06,4,844.9,3,0,1.03,882,0.0,1,d98fa711bdc64f7f,0.355,1,907,0.4,-11.0,2.35,132.9,2,Active,7,16,52,0.714,4
0.48,46.5,0.23,1,263.1,3,1,2.95,1427,0.333,2,163b58d59f4c7cf5,0.52,3,1924,0.1,1.6,26.03,83.3,5,Active,137,1207,2517,0.226,3
0.43,55.2,0.46,2,4338.7,1,1,1.48,1625,0.41,3,db75e08e7ffb256c,0.422,2,1815,0.3,16.5,12.33,90.9,5,Active,79,658,1681,0.747,4
0.579,98.6,0.02,1,2535.8,2,1,1.6,1368,0.542,4,037d9b12e094621f,0.553,4,1537,26.9,7.9,12.39,148.3,1,Stopped,115,889,1723,0.991,5
0.282,167.1,2.45,5,2178.6,2,0,1.94,1133,0.246,1,7b085714fd631711,0.275,1,1501,0.2,0.0,6.84,102.5,4,Active,288,1014,4163,1.292,5
0.449,22.0,2.65,5,1825.8,2,0,0.98,1348,0.361,2,8256d5b6d221fb4c,0.44,2,1348,0.1,21.6,11.34,103.9,4,Active,21,243,577,0.476,4
0.456,45.5,2.24,5,1120.5,2,0,1.51,1955,0.458,3,37661c7772e34e6c,0.528,3,2161,0.1,26.7,55.09,106.6,4,Active,59,2156,4995,1.39,5
0.63,28.6,0.7,3,435.1,3,0,1.41,1098,0.598,4,7a433a1b6ce31ec2,0.644,5,1332,1.3,0.0,16.75,98.0,4,Active,34,403,654,0.647,4
0.644,16.2,4.19,5,58.9,4,0,1.54,1315,0.286,1,d06c1905fdd3f3b3,0.727,5,1380,0.2,43.4,5.69,101.8,4,Active,23,85,135,0.174,3
0.459,20.0,1.16,4,2346.7,2,0,1.91,1935,0.466,3,bd23863aa1a85006,0.502,3,1935,1.1,52.6,32.81,87.2,5,Active,36,619,1415,1.778,5
0.368,21.2,2.26,5,3213.5,2,0,3.23,1540,0.348,2,f2d76d08f9948fea,0.389,1,1686,0.0,35.5,34.36,102.6,4,Active,38,404,1130,0.553,4
0.413,7.5,3.2,5,1297.1,2,0,1.68,916,0.2,1,f3c11dfb54b1dc1a,0.428,2,961,0.0,-1.6,14.16,136.4,2,Active,12,101,252,0.0,1
0.643,37.6,0.41,2,1415.4,2,1,0.46,1305,0.583,4,f7f1b6497504f9a6,0.625,4,1378,0.3,0.8,11.38,167.7,1,Active,15,370,830,2.667,5
0.588,11.0,2.64,5,136.9,3,0,0.87,751,0.588,4,10ab62e70f1107fa,0.684,5,801,1.3,-22.0,3.03,130.1,2,Active,8,28,51,0.125,2
0.391,39.7,0.2,1,473.0,3,1,0.67,924,0.667,5,7dab47a2fe18dbcc,0.34,1,924,0.4,-5.7,1.6,109.2,4,Active,24,57,156,0.625,4
0.552,42.7,1.27,4,17.7,4,0,0.45,1886,0.44,3,f3299cbbbb26ab1c,0.568,4,1886,0.8,20.6,5.04,166.0,1,Active,19,211,388,0.526,4
0.48,44.3,0.74,3,2943.5,2,0,1.4,1302,0.476,3,f22f6b8ffa1e6cc8,0.486,3,1302,2.4,3.7,16.02,70.1,5,Active,58,663,1463,0.931,5
0.441,15.6,1.01,3,40.2,4,0,1.69,1262,0.292,2,6431ac48781e85c9,0.461,2,1331,0.0,34.3,7.03,97.4,4,Active,24,100,229,0.375,3
0.795,5.7,0.59,2,29.4,4,0,1.44,1232,0.8,5,0cab0c443fb25d8b,0.839,5,1269,0.2,0.0,18.13,145.0,1,Active,8,101,127,0.375,3
0.331,89.7,0.64,3,93922.6,1,0,1.05,2331,0.419,3,9090a53c112928af,0.404,2,2331,0.7,21.6,10.91,154.7,1,Active,92,953,3428,1.576,5
0.567,22.0,29.0,5,2.8,5,0,0.42,1077,0.567,4,332441e1d2605845,0.5,3,1077,2.7,47.0,0.85,141.0,2,Active,8,16,30,0.125,2
0.462,15.8,0.11,1,40.7,4,1,1.48,1174,0.167,1,f57a87dd533de3d8,0.521,3,1228,0.1,4.2,3.48,128.8,2,Active,23,54,117,0.261,3
0.482,3.3,0.12,1,18.3,4,1,3.61,930,0.125,1,dc6d33332c9b7164,0.595,4,932,0.4,-4.3,14.45,135.3,2,Active,10,40,83,0.0,1
0.265,9.6,0.24,1,5799.0,1,1,0.65,879,0.0,1,4a29f555326e68c7,0.438,2,910,0.4,0.0,1.74,143.5,1,Active,6,16,68,0.0,1
0.553,33.8,3.34,5,3938.8,1,0,2.61,1213,0.513,4,463a262ea64b50ca,0.591,4,1427,0.0,9.9,21.66,73.7,5,Active,87,723,1484,2.276,5
0.474,19.0,0.87,3,226.0,3,0,0.48,1416,0.333,2,9c6da65e41143c12,0.526,3,1416,0.2,0.0,2.18,129.2,2,Active,9,41,97,0.0,1
0.535,34.8,0.76,3,1622.9,2,0,3.3,1943,0.462,3,51652e33311d35b6,0.527,3,1943,1.2,10.3,43.76,70.7,5,Active,111,1471,2848,0.838,5
0.417,5.0,1.4,4,9.9,4,0,1.96,929,0.0,1,3ec46ba93362ca5a,0.476,2,929,0.4,94.0,3.26,125.6,3,Active,9,15,36,0.0,1
0.495,56.0,0.26,1,32.5,4,1,0.31,791,0.667,5,baa6204bb1465122,0.444,2,922,2.1,36.0,0.99,130.8,2,Active,15,48,97,0.267,3
0.488,11.9,0.83,3,145.1,3,0,5.2,1151,0.238,1,66895604f09ddea4,0.519,3,1220,2.1,-2.6,16.3,85.6,5,Active,51,160,340,0.412,4
0.426,12.8,1.6,4,2250.8,2,0,2.29,946,0.324,2,54f91e75244dd70c,0.388,1,1277,0.2,-10.9,13.21,101.2,4,Active,29,167,406,0.207,3
0.341,6.1,0.05,1,11.4,4,1,1.19,1024,0.167,1,76e3c62a705ff70d,0.333,1,1024,0.2,30.0,4.75,130.8,2,Active,7,28,85,0.143,3
0.428,63.9,0.03,1,3289.7,2,1,3.15,1177,0.403,3,59d6dd1f55e958c3,0.477,2,1317,41.4,2.4,17.39,77.6,5,Stopped,70,386,981,0.743,4
0.677,19.9,3.36,5,2042.2,2,0,1.02,1771,0.674,5,d820db6af3e503b5,0.68,5,1771,0.2,56.2,12.84,127.6,2,Active,19,239,362,0.421,4
0.541,48.9,0.28,1,3.0,5,1,0.38,1569,0.75,5,daf6283ade9a414e,0.6,4,1628,0.5,42.2,1.26,138.8,2,Active,18,60,111,0.111,2
0.654,12.5,1.95,4,56.5,4,0,1.54,941,0.583,4,b4bb7b452d5991cc,0.637,5,1039,0.0,-7.3,19.01,129.7,2,Active,13,160,257,0.154,3
0.412,23.6,3.74,5,229.2,3,0,0.31,1030,0.643,5,145e5dd6cf544f37,0.51,3,1048,0.8,0.0,3.68,135.6,2,Active,7,84,204,0.429,4
0.445,33.4,0.17,1,962.9,2,1,1.56,1918,0.472,3,12e2508f458d8d82,0.503,3,1932,0.6,10.7,17.81,115.5,3,Active,51,584,1344,0.529,4
0.519,29.3,0.89,3,57.0,4,0,0.46,1404,0.375,2,6d56b79a2ef9425b,0.663,5,1432,0.8,29.3,8.13,164.3,1,Active,12,212,478,0.583,4
0.734,19.0,1.16,4,1973.4,2,0,0.9,1028,0.75,5,e91f723ddb1cc9cb,0.709,5,1119,0.2,-2.0,32.76,122.3,3,Active,16,583,964,1.375,5
0.529,2.9,2.4,5,3.9,5,0,3.81,1922,0.583,4,6cf240df1f0fb02a,0.471,2,1922,0.8,0.0,8.57,197.2,1,Active,8,18,34,0.0,1
0.463,110.5,1.81,4,4598.5,1,0,0.25,1254,0.336,2,af1ccd6775c0afbf,0.45,2,1462,0.9,-18.4,2.44,138.4,2,Active,23,225,512,0.391,3
0.44,29.9,1.71,4,517.7,3,0,0.93,1271,0.3,2,361e2bd67e846515,0.464,2,1506,0.5,-11.2,3.91,106.9,4,Active,27,113,266,0.111,2
0.478,21.2,0.93,3,41.8,4,0,2.14,1260,0.468,3,2b814a86f9a3c31d,0.455,2,1396,1.7,6.0,9.45,93.4,5,Active,36,159,345,0.444,4
0.368,60.7,0.77,3,15518.1,1,0,0.5,1415,0.219,1,6e51d910a15014fd,0.372,1,1415,0.1,8.3,23.53,85.2,5,Active,30,1415,4192,0.733,4
0.236,17.9,0.2,1,6.6,5,1,1.01,1114,0.143,1,5b0fc48c613a3927,0.222,1,1114,12.9,0.0,3.43,120.7,3,Stopped,5,17,72,0.0,1
0.41,24.7,1.6,4,3.9,5,0,0.25,1216,1.0,5,8702464d9edb11f0,0.526,3,1216,0.4,0.0,0.66,94.6,5,Active,6,16,39,0.0,1
0.581,22.5,0.89,3,584.1,3,0,2.56,1851,0.521,4,170783db14018ce2,0.602,4,1892,1.8,20.0,63.74,110.0,4,Active,53,1320,2603,0.943,5
0.445,47.7,0.03,1,272.2,3,1,0.22,1621,0.41,3,3b2b9bc9ed957ea8,0.524,3,1621,11.5,0.0,9.36,129.3,2,Stopped,8,339,958,0.125,2
0.364,21.3,0.36,2,24.4,4,1,0.88,936,0.154,1,b72dc69bc154e488,0.366,1,1120,0.8,-2.3,2.73,137.9,2,Active,18,56,154,0.278,3
0.299,10.6,0.72,3,3.5,5,0,2.53,1062,0.161,1,05cf943580f4f80c,0.24,1,1243,1.8,-19.2,6.63,137.9,2,Active,21,55,184,0.0,1
0.723,9.3,1.47,4,1.3,5,0,0.87,1393,0.571,4,4db1e8239f1ec943,0.625,4,1441,0.0,89.0,3.69,183.5,1,Active,8,34,47,0.0,1
0.389,58.5,0.15,1,17984.9,1,1,0.92,1522,0.273,1,b5620fedeb47f658,0.384,1,1522,1.2,15.8,3.71,76.4,5,Active,49,198,535,0.429,4
0.591,17.9,21.83,5,7993.1,1,0,0.5,1023,0.778,5,50019d9a396a15c4,0.571,4,1046,0.0,0.0,4.34,128.3,2,Active,8,70,137,1.125,5
0.469,20.9,2.88,5,3.0,5,0,0.74,1113,0.357,2,492aa3be3567a707,0.619,4,1182,0.1,64.7,2.85,137.5,2,Active,15,58,128,0.0,1
0.433,33.7,0.98,3,7084.3,1,0,0.73,1039,0.452,3,c37c95de9f3edf32,0.387,1,1103,0.1,-12.8,16.99,102.8,4,Active,24,558,1302,0.708,4
0.217,9.6,1.23,4,943.3,2,0,1.85,1298,0.15,1,07317583e3286852,0.251,1,1298,0.2,-23.0,22.8,114.4,3,Active,17,210,1008,0.471,4
0.4,16.4,0.21,1,2464.6,2,1,3.69,1007,0.37,2,40a6b383480d2623,0.373,1,1191,3.4,7.9,27.33,89.9,5,Stopped,46,341,940,0.761,4
0.353,21.8,0.55,2,341.3,3,0,0.28,1685,0.556,4,12254dcdcc5dd978,0.27,1,1685,0.2,0.0,1.94,70.6,5,Active,6,41,116,0.0,1
0.65,16.1,0.25,1,1497.5,2,1,1.08,1331,0.698,5,3eee784d3433d014,0.661,5,1331,0.7,22.2,25.68,130.2,2,Active,16,381,632,1.5,5
0.524,10.5,9.5,5,40.2,4,0,0.79,816,0.909,5,ca4f1c31d43e255b,0.583,4,873,0.5,0.0,2.92,133.2,2,Active,7,26,63,0.0,1
0.511,16.1,1.34,4,152.1,3,0,1.08,1435,0.574,4,230e2ea25a085909,0.558,4,1435,0.8,17.7,20.74,143.9,1,Active,14,269,550,0.714,4
0.425,99.9,0.09,1,6722.0,1,1,1.34,1575,0.332,2,dce4d6f96a60045f,0.434,2,1814,1.2,4.2,13.89,138.7,2,Active,132,1370,3935,1.023,5
0.239,12.4,1.3,4,239.1,3,0,4.39,850,0.239,1,e2d5b16d41c04989,0.255,1,1096,0.1,-4.1,11.86,88.5,5,Active,54,146,639,0.093,2
0.608,43.2,1.1,4,882.2,2,0,0.2,1338,0.593,4,67d59c52d0ccd542,0.579,4,1338,0.0,0.0,11.97,147.9,1,Active,8,481,844,1.875,5
0.38,44.2,0.72,3,6347.0,1,0,0.88,1604,0.335,2,ce62bdf3aeb9828e,0.432,2,1604,0.0,15.7,18.07,81.3,5,Active,39,798,2264,1.0,5
0.592,87.5,3.4,5,13809.2,1,0,0.12,979,0.312,2,77758efc34c212c6,0.58,4,1370,0.7,-34.7,3.63,426.3,1,Active,10,302,669,1.6,5
0.436,22.5,4.1,5,1814.9,2,0,1.83,831,0.24,1,86fdbe161f83b019,0.434,2,959,2.1,-8.2,16.13,97.8,4,Active,30,264,638,0.133,2
0.478,198.4,0.05,1,8650.2,1,1,0.62,1822,0.343,2,12b3d863b56166dc,0.485,3,2363,0.2,12.3,4.78,148.6,1,Active,123,948,2040,0.423,4
0.489,20.1,0.18,1,1289.6,2,1,1.26,1356,0.439,3,c0eeff4dd6a10e1e,0.503,3,1498,0.1,47.1,20.68,135.1,2,Active,25,411,1031,1.28,5
0.492,11.0,0.55,2,2702.7,2,0,3.46,984,0.333,2,fc5453ecc9c409ee,0.565,4,984,2.7,0.0,12.12,131.6,2,Active,8,28,59,0.125,2
0.334,100.4,7.5,5,21803.0,1,0,0.64,1441,0.245,1,ae927abd4e778ec2,0.378,1,1441,0.1,-8.5,3.79,180.5,1,Active,64,380,1165,0.109,2
0.366,9.5,1.68,4,2822.4,2,0,1.37,861,0.281,1,b0f2495d27f22522,0.372,1,1122,0.0,-37.2,11.26,150.9,1,Active,13,107,303,0.615,4
0.447,22.7,0.84,3,4066.3,1,0,1.43,921,0.525,4,4c75bed0f514cf49,0.413,2,942,0.0,40.9,19.46,99.9,4,Active,22,299,701,0.955,5
0.416,102.8,0.16,1,2579.5,2,1,0.64,1980,0.353,2,7e0f2d0a3aca76a7,0.447,2,2104,6.3,35.4,6.67,186.0,1,Stopped,61,640,1711,1.098,5
0.356,44.4,0.51,2,5290.9,1,0,0.61,1173,0.358,2,9f616e0409d9cdce,0.383,1,1173,0.1,29.7,5.8,91.7,5,Active,27,257,735,0.481,4
0.611,2.6,2.0,4,2.0,5,0,2.08,1437,1.0,5,d861e96e5fe6b9f7,0.688,5,1437,0.2,0.0,9.16,246.3,1,Active,5,22,36,0.0,1
0.284,47.6,1.33,4,4855.6,1,0,2.51,1442,0.248,1,b2640193b92d158f,0.323,1,1642,6.7,7.9,17.55,81.7,5,Stopped,103,719,2632,0.553,4
0.306,11.9,3.65,5,649.6,3,0,0.63,811,0.429,3,b3f5ec9f3a35d4bc,0.421,2,811,3.5,0.0,3.77,130.3,2,Stopped,5,30,121,0.2,3
0.354,20.0,0.66,3,5.6,5,0,8.18,922,0.286,1,c5ec81184285313c,0.407,2,1080,13.6,-105.0,15.45,153.2,1,Stopped,9,17,48,0.222,3
0.428,8.6,1.67,4,873.7,2,0,1.26,795,1.0,5,26a4cd0b7f8e7dae,0.471,2,908,0.0,-12.5,8.18,137.9,2,Active,10,65,152,0.3,3
0.307,23.0,3.69,5,428.6,3,0,0.51,1319,0.667,5,035de3299b374316,0.64,5,1319,2.7,100.0,6.77,140.8,2,Active,10,132,450,0.3,3
0.441,9.8,0.47,2,105.6,3,1,2.56,1090,0.316,2,a6a6af2f37614ffe,0.485,3,1156,0.5,35.0,7.09,117.3,3,Active,22,61,143,0.136,2
0.456,21.2,0.99,3,1409.6,2,0,2.19,1611,0.399,3,6d019dab6aca45d1,0.5,3,1611,0.2,15.4,19.25,82.7,5,Active,46,405,906,0.522,4
0.388,58.6,2.04,4,13468.6,1,0,1.38,1024,0.276,1,36d224cd9dcae743,0.362,1,1177,4.1,17.1,10.74,91.7,5,Stopped,63,491,1419,0.429,4
0.609,14.4,1.46,4,32.5,4,0,1.22,872,0.0,1,5122e5e0f49ac369,0.535,3,931,2.5,-8.0,4.27,120.4,3,Active,12,42,69,0.0,1
0.548,2.9,1.21,4,38.3,4,0,4.76,1692,1.0,5,15fe904bd9546ab9,0.566,4,1692,0.8,0.0,32.36,122.4,3,Active,10,68,124,0.0,1
0.606,7.9,1.14,4,74.4,4,0,1.83,1866,0.444,3,6cc0ae3524074ebe,0.567,4,1866,1.8,38.0,10.79,191.8,1,Active,11,65,109,0.455,4
0.369,7.2,3.06,5,896.6,2,0,2.19,980,0.2,1,79350a50b33a05ad,0.391,1,982,0.4,20.4,14.04,107.5,4,Active,15,96,268,0.2,3
0.519,30.2,0.95,3,4.9,5,0,0.47,2094,0.325,2,80b44bad915f35ea,0.516,3,2094,2.4,52.0,5.47,158.7,1,Active,13,151,297,0.308,3
0.363,197.3,0.03,1,856.7,3,1,0.4,1971,0.279,1,48ae3f776ed21c02,0.384,1,2126,14.7,32.9,2.41,205.6,1,Stopped,73,440,1344,1.164,5
0.727,3.6,1.2,4,2.2,5,0,5.99,1671,0.571,4,8de5d61ff90c9964,0.846,5,1671,2.6,0.0,23.97,185.7,1,Active,6,24,33,0.0,1
0.456,13.3,0.53,2,1017.2,2,0,2.61,1461,0.408,3,c142eebcb070319f,0.494,3,1461,1.1,4.0,26.55,98.3,4,Active,32,325,747,0.25,3
0.615,12.0,2.63,5,70.4,4,0,0.77,931,1.0,5,ec8c2ac75ee015ba,0.632,4,960,0.4,38.0,7.91,128.9,2,Active,9,92,156,0.0,1
0.45,98.3,0.02,1,5082.5,1,1,0.78,1649,0.406,3,c42f7c865235c8fc,0.483,3,1649,25.3,10.3,6.08,192.2,1,Stopped,53,415,967,0.868,5
0.471,7.8,0.55,2,3.4,5,0,2.8,639,0.471,3,933a3def34f9bbe2,0.5,3,899,3.3,-52.0,2.24,141.4,2,Stopped,10,8,17,0.0,1
0.283,43.3,6.19,5,36831.7,1,0,0.16,956,0.149,1,546030e02f6166fc,0.326,1,956,0.2,0.0,2.75,116.4,3,Active,6,103,374,0.5,4
0.726,20.8,0.17,1,1239.2,2,1,1.88,795,0.444,3,dff818726f55500a,0.764,5,1064,2.7,7.4,19.03,109.7,4,Active,28,283,398,0.357,3
0.303,8.1,0.13,1,2530.0,2,1,0.82,786,0.5,3,49f9fb1ceee57253,0.404,2,791,1.0,0.0,4.1,128.3,2,Active,5,25,89,0.4,4
0.404,22.8,0.86,3,2.3,5,0,0.85,1353,0.05,1,6664a7287595f5fe,0.369,1,1353,0.2,29.7,2.71,156.3,1,Active,18,57,141,0.0,1
0.382,20.4,0.93,3,3175.1,2,0,1.96,1459,0.32,2,1ef86d96c67a2277,0.423,2,1459,7.7,49.0,17.98,101.9,4,Stopped,25,229,618,0.48,4
0.382,83.4,0.39,2,190.7,3,1,0.16,1002,0.261,1,d11dd7216f2a7cbd,0.391,1,1378,19.9,-48.4,0.71,429.3,1,Stopped,10,45,136,0.2,3
0.442,14.2,2.71,5,78.2,4,0,0.56,1058,0.5,3,48ac9b972275d2c9,0.5,3,1174,1.1,0.0,5.23,157.2,1,Active,7,65,156,1.0,5
0.35,12.7,0.67,3,5.5,5,0,1.4,900,0.35,2,b4f751e74852512d,0.75,5,900,5.9,0.0,1.96,112.3,4,Stopped,5,7,20,0.0,1
0.51,21.3,1.02,3,1901.4,2,0,2.28,1280,0.429,3,0af9c88245695d58,0.514,3,1351,1.1,14.7,23.79,80.9,5,Active,46,479,1002,1.043,5
0.328,13.7,4.04,5,7076.5,1,0,0.69,754,0.167,1,14b8aa61f116d3ba,0.35,1,847,0.4,-88.0,9.89,150.2,1,Active,7,100,338,1.286,5
0.475,32.2,1.06,4,30.4,4,0,1.16,2094,0.421,3,158520239054f725,0.505,3,2162,0.2,45.9,15.04,138.7,2,Active,37,479,1029,0.189,3
0.473,46.3,0.95,3,6976.5,1,0,4.03,1856,0.444,3,b81ea22e42090eed,0.509,3,1901,7.8,10.4,39.77,69.9,5,Stopped,155,1528,3471,1.4,5
0.467,11.2,5.43,5,7.4,5,0,0.59,1741,0.429,3,0b057f4449235f79,0.35,1,1741,0.8,0.0,2.05,69.4,5,Active,6,21,45,0.0,1
0.435,56.4,33.24,5,712.1,3,0,1.97,1436,0.407,3,64dc4c4c770f628e,0.434,2,1436,31.6,-7.1,10.72,93.5,5,Stopped,44,240,582,0.909,5
0.221,107.2,0.05,1,43.8,4,1,0.55,1559,0.242,1,4d49420c7bd990db,0.269,1,2246,1.0,-30.8,1.86,233.2,1,Active,57,194,978,0.351,3
0.348,44.3,1.44,4,11393.5,1,0,2.78,1531,0.361,2,db1274a09cde765d,0.381,1,1852,0.0,26.6,30.86,80.8,5,Active,123,1366,4141,0.756,4
0.428,8.0,1.12,4,675.3,3,0,5.16,1226,0.386,2,2f12928c5bc3f76e,0.429,2,1248,0.5,-3.6,59.36,96.5,4,Active,32,368,1043,1.531,5
0.634,39.8,0.01,1,330.6,3,1,1.06,1508,0.513,4,3f97fcd8ba6211bc,0.614,4,1508,8.8,37.3,12.56,123.6,3,Stopped,30,357,680,3.033,5
0.351,9.5,1.48,4,8.3,4,0,1.15,1258,0.5,3,2111cc5c6fed4437,0.32,1,1258,1.0,0.0,2.87,114.6,3,Active,8,20,57,0.0,1
0.417,5.0,0.33,2,29.9,4,1,1.95,638,1.0,5,2a50d8b2af3d35aa,0.387,1,829,0.3,-59.3,5.41,140.8,2,Active,9,25,60,0.111,2
0.551,22.5,0.26,1,16939.4,1,1,0.45,1012,0.273,1,d91432413eff4c1b,0.765,5,1043,2.7,38.0,2.12,139.5,2,Active,9,42,78,0.111,2
0.34,45.0,0.64,3,86.2,4,0,0.23,1109,0.413,3,360d5485b7c68dc1,0.363,1,1109,1.8,0.0,3.59,115.8,3,Active,9,139,586,1.0,5
0.518,16.1,1.84,4,27.6,4,0,1.44,1395,0.496,3,c4aabd81afa0f482,0.512,3,1432,0.8,3.1,15.42,120.8,3,Active,22,236,485,0.5,4
0.444,103.7,3.53,5,42669.0,1,0,1.09,1414,0.422,3,a15a3c38a0518f1c,0.439,2,1675,21.0,-0.1,21.15,164.2,1,Stopped,89,1723,4107,0.933,5
0.439,16.7,0.21,1,988.2,2,1,1.25,1076,0.5,3,e512d4a6528aa594,0.396,1,1189,0.2,73.6,4.23,118.1,3,Active,18,61,139,0.111,2
0.631,14.2,1.41,4,40.5,4,0,1.38,952,0.364,2,c85bcd59de18dbbe,0.611,4,1092,0.4,-31.0,2.97,117.1,3,Active,19,41,65,0.158,3
0.455,16.0,0.98,3,163.6,3,0,1.02,1422,0.517,4,b110b68aece80158,0.5,3,1422,0.3,19.3,6.89,119.2,3,Active,16,108,244,0.125,2
0.581,31.4,1.05,4,2723.3,2,0,0.76,998,0.38,2,b56364441e3dfbd2,0.513,3,1099,0.0,1.0,18.86,109.2,4,Active,20,499,1014,0.4,4
0.69,74.0,1.59,4,3878.1,1,0,1.84,1636,0.629,5,2eb2bf07e2e112fc,0.695,5,1835,0.0,11.2,40.38,82.0,5,Active,136,2987,5230,1.853,5
0.375,59.2,0.16,1,2910.5,2,1,2.71,2001,0.298,2,dd4b5547a117e003,0.393,1,2176,4.3,16.7,44.95,74.7,5,Stopped,149,2469,7484,1.698,5
0.387,27.8,1.09,4,101.5,3,0,0.38,1244,1.0,5,eb5759597792deb3,0.4,1,1244,2.6,0.0,4.05,136.7,2,Active,5,53,142,0.6,4
0.451,16.5,1.29,4,1408.9,2,0,1.36,931,0.333,2,64f508c118ecdf3a,0.449,2,1090,1.1,25.9,6.41,117.5,3,Active,21,99,224,0.048,2
0.435,41.3,2.86,5,4470.7,1,0,0.41,860,0.494,3,7814b410dc4db7e3,0.413,2,957,0.1,13.5,9.02,118.9,3,Active,17,371,888,0.765,4
0.591,87.0,0.75,3,21.8,4,0,0.92,2252,0.576,4,e8ff8223e7e48521,0.597,4,2639,0.2,4.3,7.24,186.6,1,Active,80,627,1078,0.263,3
0.467,64.4,0.98,3,9623.4,1,0,1.02,1841,0.403,3,25227fed076d2c7e,0.486,3,1989,0.0,15.3,31.04,91.6,5,Active,44,1342,3009,1.614,5
0.536,7.7,7.3,5,61.4,4,0,2.21,1265,0.263,1,383cc997f0bba083,0.6,4,1265,0.0,2.0,18.34,116.4,3,Active,17,141,274,1.176,5
0.588,7.9,1.92,4,664.9,3,0,2.14,1324,0.512,4,f64f53da3d6972d1,0.591,4,1412,0.5,8.0,38.15,114.4,3,Active,16,285,505,0.25,3
0.599,9.7,2.14,4,3748.3,1,0,2.08,1137,0.617,5,82b7287742dcf6f3,0.606,4,1157,0.0,7.0,32.81,105.2,4,Active,20,315,531,0.6,4
0.341,57.3,1.89,4,123.5,3,0,0.53,1527,0.247,1,f7604092eb71a94d,0.297,1,1527,3.9,12.7,2.55,99.1,4,Stopped,28,134,422,0.5,4
0.556,18.0,0.12,1,123.4,3,1,0.3,1074,1.0,5,ec58cb519ff97374,0.553,4,1074,1.1,0.0,5.42,124.3,3,Active,5,89,160,0.2,3
0.346,3.9,0.86,3,127.8,3,0,2.84,1010,0.346,2,75a858598f3855ca,0.5,3,1010,0.3,0.0,5.11,122.1,3,Active,5,9,26,0.2,3
0.493,31.8,1.18,4,1592.4,2,0,2.81,1637,0.504,4,bb9fe3f8bf586520,0.485,3,1637,0.0,10.2,76.57,78.5,5,Active,86,2342,5775,2.186,5
0.543,23.1,11.82,5,831.4,3,0,0.66,1366,0.43,3,c019e71597e0067a,0.564,4,1366,0.0,17.7,16.8,106.3,4,Active,15,384,782,0.933,5
0.249,68.5,0.17,1,1271.1,2,1,0.23,1617,0.27,1,a633dcfcd5eb9bed,0.257,1,1617,1.0,18.7,2.67,146.2,1,Active,14,164,799,1.571,5
0.456,16.9,0.13,1,2054.6,2,1,1.13,963,0.547,4,2eac98beaff89dd3,0.424,2,982,0.2,-8.8,37.8,121.2,3,Active,19,633,1495,1.0,5
0.494,55.7,0.16,1,41.5,4,1,0.27,1129,0.217,1,71cd53f5b9159b24,0.387,1,1155,12.7,-7.0,1.14,151.8,1,Stopped,9,38,79,0.667,4
0.485,61.4,7.24,5,17431.8,1,0,0.38,762,0.333,2,5133099b97251420,0.412,2,895,25.8,-58.0,4.78,140.6,2,Stopped,8,100,206,0.0,1
0.431,45.0,0.57,2,6998.3,1,0,1.65,1277,0.39,2,98dec0549c902ac6,0.431,2,1525,0.0,3.4,19.86,97.0,4,Active,55,662,1641,0.8,5
0.532,8.7,0.02,1,227.4,3,1,1.58,1422,1.0,5,a3155a2f5962fed2,0.615,4,1422,4.9,0.0,8.7,138.2,2,Stopped,6,33,62,0.167,3
0.531,46.5,3.3,5,888.7,2,0,0.64,1048,0.345,2,f3fde1ce6b347f21,0.538,3,1108,19.9,-20.4,5.23,112.2,4,Stopped,17,139,275,0.118,2
0.385,46.5,0.77,3,3765.1,1,0,0.96,1495,0.412,3,4a3add33d4cf0295,0.4,1,1716,0.6,14.8,18.31,95.8,4,Active,44,841,2378,0.614,4
0.44,90.5,0.19,1,13608.5,1,1,0.65,1208,0.381,2,a73147b2fabcf0a8,0.445,2,1334,5.3,17.5,5.37,85.1,5,Stopped,41,340,791,0.976,5
0.526,21.4,0.94,3,6476.4,1,0,0.5,760,1.0,5,d174124f2987e69d,0.618,4,842,3.5,6.0,2.45,136.5,2,Stopped,9,44,97,0.0,1
0.518,42.2,0.18,1,18.8,4,1,0.83,1407,0.476,3,61f63c1ae9d68642,0.594,4,1569,0.5,3.7,2.64,121.6,3,Active,23,73,141,0.304,3
0.067,198.5,14.0,5,0.0,5,0,0.05,732,0.067,1,8f774f089622b0ee,0.0,1,738,28.7,0.0,0.01,127.1,3,Stopped,5,1,15,0.0,1
0.551,11.9,1.35,4,1924.9,2,0,1.6,1244,0.658,5,32014fb8cf945e3c,0.616,4,1244,0.0,18.4,19.33,120.2,3,Active,19,229,437,0.579,4
0.472,28.5,0.27,1,6.4,5,1,1.46,1103,0.75,5,0b2bf4e8ecddb701,0.387,1,1308,12.4,25.3,3.81,118.4,3,Stopped,23,60,127,0.087,2
0.546,72.6,0.29,2,5.5,5,1,0.45,1045,0.556,4,25a548d56189a88a,0.64,5,1045,47.8,54.7,2.27,137.7,2,Stopped,11,56,108,1.0,5
0.428,16.3,0.44,2,64.0,4,1,0.57,1025,0.333,2,2b00150c7ded886c,0.405,2,1069,0.5,8.0,5.94,140.7,2,Active,9,94,222,0.0,1
0.435,10.3,0.24,1,102.5,3,1,1.76,1348,0.429,3,889714399c047201,0.437,2,1348,0.8,0.0,30.96,137.5,2,Active,8,141,333,0.75,4
0.595,82.5,1.0,3,1135.5,2,0,0.44,1343,0.536,4,98470bed1a52719a,0.609,4,1501,0.1,8.6,6.3,249.3,1,Active,36,519,2405,7.972,5
0.463,61.6,0.28,1,1584.4,2,1,1.21,1073,0.391,2,3579224bbef43143,0.452,2,1115,14.5,23.3,7.39,77.7,5,Stopped,57,347,753,1.158,5
0.498,28.3,1.09,4,5061.2,1,0,0.78,1558,0.459,3,85d7e221828eff0e,0.519,3,1558,0.0,31.0,18.15,101.0,4,Active,22,510,1067,0.591,4
0.402,20.3,2.18,5,14079.5,1,0,2.55,1089,0.56,4,bbf0785e80802a01,0.433,2,1231,0.4,5.2,26.38,83.3,5,Active,47,486,1339,0.553,4
0.443,54.1,0.54,2,10.5,4,0,0.31,2101,0.41,3,ac4009daf0da132d,0.525,3,2101,8.5,16.0,10.84,157.8,1,Stopped,14,495,1190,0.286,3
0.445,12.2,1.4,4,522.7,3,0,2.33,1290,0.431,3,a2402cf2b9751a89,0.487,3,1290,0.2,37.1,14.17,103.9,4,Active,28,170,411,0.536,4
0.378,20.7,4.29,5,9.2,4,0,0.25,939,1.0,5,43347985290187ca,0.238,1,939,0.5,0.0,0.69,119.0,3,Active,5,14,37,0.0,1
0.571,79.5,0.17,1,13.4,4,1,0.27,1004,0.75,5,d3e4a882ebc20dc7,0.596,4,1379,0.3,-49.2,1.57,314.6,1,Active,20,118,217,0.25,3
0.389,94.0,1.12,4,33511.3,1,0,1.13,1728,0.335,2,79df9e8813178f3d,0.479,3,1728,0.2,16.1,11.21,147.2,1,Active,104,1031,2755,0.933,5
0.486,27.4,0.39,2,5965.4,1,1,1.58,1187,0.477,3,c2bc4eb3ac3f49ad,0.489,3,1283,0.2,7.5,21.85,106.2,4,Active,42,580,1238,1.214,5
0.324,6.8,0.26,1,124.9,3,1,3.9,960,0.324,2,95cf220d4526f42d,0.214,1,960,0.2,0.0,8.58,106.3,4,Active,5,11,34,0.2,3
0.309,5.2,135.0,5,234.9,3,0,1.27,859,0.286,1,350997a183a79151,0.316,1,870,0.5,0.0,8.66,122.7,3,Active,6,41,136,0.0,1
0.448,22.0,0.07,1,6161.4,1,1,1.14,1020,0.366,2,047f7627f4269c3d,0.442,2,1059,3.2,19.5,39.74,99.2,4,Stopped,20,699,1606,0.55,4
0.466,16.3,0.43,2,3949.1,1,1,3.11,961,0.44,3,ed0c50debec86aca,0.487,3,1061,0.3,10.3,28.69,79.4,5,Active,50,461,999,1.18,5
0.325,29.4,0.31,2,1488.8,2,1,3.04,1340,0.247,1,7c27f7c9227c802d,0.358,1,1466,1.7,13.0,16.07,69.4,5,Active,82,434,1383,1.098,5
0.457,11.9,1.15,4,3307.3,2,0,2.12,1205,0.25,1,1b42721ac1e9ac84,0.51,3,1279,0.1,0.6,9.08,103.5,4,Active,25,107,234,0.0,1
0.526,113.4,0.18,1,108.4,3,1,0.19,977,0.457,3,da3afc5ec5d4b5bd,0.52,3,1441,0.5,-10.5,1.61,310.0,1,Active,22,182,352,0.364,3
0.353,24.3,0.24,1,2549.0,2,1,1.66,965,0.167,1,cdf0d92aa8bcdbc5,0.369,1,991,1.1,-7.6,2.16,94.5,5,Active,37,48,136,0.027,2
0.793,17.2,5.06,5,1.0,5,0,0.54,1267,0.6,4,4fcef4adf6b094db,0.831,5,1267,0.1,81.0,8.68,129.1,2,Active,9,145,188,0.0,1
0.469,15.0,0.93,3,177.6,3,0,1.07,944,0.154,1,1270000b7871e656,0.542,3,962,0.0,11.9,5.02,114.4,3,Active,16,75,162,0.0,1
0.605,9.3,0.72,3,266.3,3,0,1.39,773,0.333,2,de0f2243dae96792,0.742,5,867,0.4,-37.5,33.56,135.3,2,Active,8,193,319,0.25,3
0.517,30.4,0.1,1,1892.7,2,1,0.75,915,0.222,1,74e3299b9a8b8204,0.496,3,954,5.0,-8.7,4.72,114.9,3,Stopped,19,120,236,0.421,4
0.471,124.8,1.26,4,61.7,4,0,1.5,2079,0.403,3,d97f5f964ca3d4c8,0.52,3,2147,3.3,12.1,8.38,125.8,3,Stopped,155,866,1893,0.335,3
0.328,21.2,1.01,3,1272.5,2,0,0.43,845,0.2,1,19535747d34ae718,0.268,1,897,0.4,15.0,4.91,125.4,3,Active,9,102,317,0.111,2
0.467,31.5,0.06,1,1991.4,2,1,1.11,1075,0.318,2,8a9c221402e4a26f,0.503,3,1131,5.4,-3.6,7.92,92.8,5,Stopped,29,207,460,0.172,3
0.185,6.8,0.09,1,5.1,5,1,2.34,1736,0.114,1,c3283172c1106a8a,0.263,1,1736,0.5,27.0,10.62,196.2,1,Active,11,50,270,0.0,1
0.485,33.8,4.74,5,41.4,4,0,0.73,1675,0.477,3,6135b2e3698d13d1,0.481,3,1675,2.3,3.8,7.94,96.4,4,Active,23,250,517,0.174,3
0.444,8.5,0.72,3,60.4,4,0,4.18,1428,0.385,2,13c34138ba35dbf9,0.455,2,1428,1.2,0.0,25.07,123.9,3,Active,6,36,81,0.667,4
0.575,79.2,3.05,5,7328.9,1,0,1.13,1792,0.514,4,0db588ae85661229,0.636,4,2055,0.5,3.6,25.84,158.5,1,Active,89,2034,3705,0.966,5
0.334,65.7,6.06,5,8.9,4,0,0.11,1096,0.26,1,6b9ac144534924e6,0.333,1,1096,0.1,34.0,1.75,151.4,1,Active,7,108,353,0.0,1
0.611,10.9,0.63,3,92.4,4,0,1.53,1185,0.324,2,a97bf26d29bcc52d,0.578,4,1311,0.5,43.2,26.65,130.8,2,Active,16,278,507,0.125,2
0.459,81.9,0.34,2,7968.7,1,1,0.81,1376,0.405,3,3fbdad7212c47e41,0.452,2,1376,0.3,-4.6,20.3,179.8,1,Active,66,1657,3671,1.0,5
0.453,96.5,0.03,1,4570.6,1,1,0.64,1617,0.545,4,b2c025cb080658d2,0.486,3,1617,0.3,4.1,5.62,190.1,1,Active,61,540,1212,0.754,4
0.625,8.5,0.53,2,8.4,4,0,1.6,1652,0.308,2,79b2257fc13f051b,0.6,4,1652,0.2,3.5,5.53,149.3,1,Active,13,45,72,0.077,2
0.573,53.3,0.32,2,1410.5,2,1,1.34,1238,0.61,4,431b24a2b6e32bbc,0.576,4,1238,0.0,4.5,29.0,73.9,5,Active,50,1082,2006,1.86,5
0.449,14.6,0.73,3,617.0,3,0,2.12,1694,0.497,3,23eed8dc5fa6ad49,0.496,3,1694,0.0,8.3,126.46,123.9,3,Active,31,1848,4483,1.258,5
0.404,57.5,0.12,1,82.3,4,1,0.12,977,0.404,3,e7faf2100c9d0fcb,0.471,2,977,0.4,0.0,0.38,112.9,4,Active,6,19,47,0.333,3
0.423,9.9,0.61,2,837.9,3,0,1.95,770,0.458,3,27cc746980282873,0.372,1,931,0.7,-21.3,9.65,125.6,3,Active,17,84,260,0.235,3
0.677,42.3,6.66,5,9.3,4,0,0.51,1157,0.533,4,72f89fe84dc368d5,0.675,5,1157,0.5,14.2,4.96,101.7,4,Active,20,194,291,0.05,2
0.514,17.6,0.29,2,1854.5,2,1,0.45,1468,0.464,3,2516229dc6e41166,0.533,3,1468,0.0,0.0,45.41,154.3,1,Active,8,799,1805,0.5,4
0.425,20.4,0.2,1,67.3,4,1,0.54,893,0.1,1,ab4a1c746a0e0551,0.462,2,937,0.0,-12.5,2.71,136.2,2,Active,9,45,106,0.0,1
0.344,12.3,0.62,2,163.8,3,0,1.32,945,0.429,3,64583b558e80861b,0.415,2,1138,0.4,15.0,5.96,136.1,2,Active,12,54,157,0.25,3
0.497,20.8,0.22,1,1427.6,2,1,2.75,989,0.179,1,d6ce4ff692e941fd,0.498,3,1054,4.4,-0.2,18.92,88.6,5,Stopped,45,309,686,0.156,3
0.413,22.2,1.52,4,685.4,3,0,1.01,573,0.0,1,e0befd0b1d6abadb,0.455,2,980,1.5,-29.9,2.72,125.6,3,Active,19,51,126,0.0,1
0.534,18.8,6.91,5,1011.9,2,0,0.64,1453,0.538,4,a83d326d7ec1a75b,0.552,4,1453,0.1,45.0,9.81,107.2,4,Active,12,183,356,0.417,4
0.516,66.6,0.11,1,5007.2,1,1,2.09,1557,0.452,3,a9c257c766384536,0.523,3,1893,1.8,-1.2,24.14,78.2,5,Active,132,1528,3220,1.568,5
0.436,13.5,1.69,4,1610.2,2,0,2.26,1255,0.462,3,1cbd9272d7090f22,0.488,3,1341,0.2,2.5,11.54,119.1,3,Active,30,153,358,0.167,3
0.518,60.4,0.0,1,5724.9,1,1,0.3,872,0.333,2,e4714f50b07ff889,0.468,2,911,0.5,6.4,3.53,122.3,3,Active,18,211,450,0.722,4
0.579,10.8,0.24,1,14.5,4,1,0.58,1251,0.167,1,76ea575146f60c62,0.577,4,1251,0.4,0.0,3.07,141.6,2,Active,6,32,57,0.0,1
0.597,26.7,2.77,5,5419.2,1,0,0.44,1521,0.55,4,9973a5437a3b2de4,0.648,5,1521,5.2,39.0,15.67,146.0,1,Stopped,9,320,600,1.556,5
0.443,42.0,0.99,3,1433.4,2,0,0.55,1519,0.286,1,28ae3ef5e5bac193,0.538,3,1519,0.1,47.2,4.13,90.5,5,Active,23,173,400,0.609,4
0.551,69.9,0.01,1,425.8,3,1,1.46,1382,0.541,4,237d6b11330960a8,0.532,3,1432,19.6,6.2,16.84,79.7,5,Stopped,70,810,1478,0.871,5
0.598,14.5,0.84,3,46.7,4,0,1.84,1449,0.429,3,7b719ca0a669f8db,0.65,5,1449,0.4,69.2,7.37,123.0,3,Active,23,92,164,0.043,2
0.352,34.1,6.0,5,40524.0,1,0,0.15,938,0.167,1,507442c8a414dcb2,0.542,3,938,1.0,0.0,0.96,121.0,3,Active,5,31,91,0.6,4
0.632,18.7,0.18,1,38.4,4,1,1.28,1407,0.624,5,0756b2013abd4f40,0.645,5,1570,0.7,19.7,45.49,135.9,2,Active,23,818,1364,1.478,5
0.541,57.0,1.43,4,83.4,4,0,0.76,1830,0.473,3,7188be4b773f29d3,0.521,3,1889,0.8,30.8,5.42,106.3,4,Active,39,277,516,0.333,3
0.408,59.1,0.13,1,3058.9,2,1,1.12,1825,0.372,2,c4f9011429fa9d02,0.415,2,1825,0.3,29.5,12.04,79.3,5,Active,66,707,1890,1.045,5
0.829,3.7,0.44,2,7.9,4,1,3.38,1175,0.8,5,fd9b0231dc207f6a,0.863,5,1175,0.0,0.0,88.46,135.6,2,Active,5,131,158,0.0,1
0.517,33.3,0.45,2,2755.6,2,1,2.73,1657,0.413,3,199b89cb07f88813,0.523,3,1738,0.0,7.7,16.2,73.7,5,Active,80,474,919,0.45,4
0.604,27.9,2.95,5,1881.7,2,0,2.75,1501,0.531,4,a59d4a7b150d5bf7,0.651,5,1501,0.0,13.3,20.69,68.2,5,Active,76,571,1008,0.605,4
0.502,69.3,12.4,5,4789.1,1,0,0.71,1910,0.385,2,46519501120f04b9,0.5,3,2103,0.2,47.4,5.7,104.1,4,Active,49,394,804,0.633,4
0.436,43.7,2.88,5,579.9,3,0,1.33,2128,0.397,3,a364658b41898aae,0.556,4,2274,0.2,23.6,12.08,129.2,2,Active,58,526,1216,0.086,2
0.569,16.6,1.03,3,4140.0,1,0,2.18,1143,0.391,2,eb00204535105f09,0.609,4,1143,0.0,0.9,15.83,103.5,4,Active,33,240,436,0.333,3
0.531,16.9,0.03,1,27.3,4,1,0.68,2131,0.387,2,3212615bccab07e4,0.519,3,2131,0.8,60.5,3.17,235.5,1,Active,11,51,96,0.091,2
0.565,15.0,1.1,4,25.1,4,0,1.1,1528,0.545,4,07bc3e664e4592ae,0.581,4,1528,0.3,24.0,26.52,122.8,3,Active,16,387,727,1.438,5
0.368,60.1,0.27,1,230.1,3,1,0.2,1018,0.125,1,3da54b840daff7ab,0.373,1,1099,0.8,-29.0,0.59,165.7,1,Active,12,35,95,0.5,4
0.508,24.4,0.7,3,24.6,4,0,1.01,1091,0.5,3,7f2aafba2e48c8f5,0.55,4,1178,0.5,-1.5,6.33,136.9,2,Active,10,63,126,0.4,4
0.574,21.0,1.48,4,2193.7,2,0,3.5,1871,0.555,4,ac5e167b48902eac,0.576,4,1871,0.1,19.7,54.32,77.9,5,Active,73,1132,2278,0.849,5
0.586,10.4,84.33,5,3071.2,2,0,0.82,944,0.25,1,8a3e87014d702fa9,0.632,4,1018,0.3,0.0,15.69,132.1,2,Active,7,134,256,0.429,4
0.492,178.4,0.11,1,15307.0,1,1,0.47,2161,0.382,2,fed0884171acea85,0.426,2,2175,48.2,13.6,7.98,193.1,1,Stopped,61,1040,2135,0.738,4
0.478,10.6,3.65,5,2148.3,2,0,3.87,1381,0.526,4,9dd9001439a1e5af,0.467,2,1453,0.0,19.4,51.97,106.7,4,Active,35,470,1143,1.486,5
0.815,3.6,0.69,3,11.6,4,0,1.4,1441,0.933,5,c5d31d116d46c32d,0.76,5,1441,0.0,0.0,48.5,94.9,5,Active,5,173,216,0.0,1
0.315,7.6,1.64,4,3057.5,2,0,2.15,800,0.1,1,3a09e6de6810cac5,0.343,1,823,0.0,17.0,29.08,128.7,2,Active,8,108,362,0.625,4
0.534,15.2,0.18,1,6.8,5,1,0.9,1238,1.0,5,7408f07c3ee7779d,0.415,2,1270,0.4,75.7,2.62,136.0,2,Active,13,38,73,0.0,1
0.51,35.1,0.3,2,468.3,3,1,1.77,1301,0.294,2,1f0b7aab04c2b8be,0.477,2,1656,1.2,13.0,10.12,103.0,4,Active,56,320,694,0.107,2
0.585,17.8,0.51,2,33.1,4,0,3.64,1183,0.5,3,0d2d05d7a7d7eee2,0.556,4,1198,0.9,0.0,13.18,123.2,3,Active,8,29,53,0.25,3
0.43,21.7,17.5,5,3246.7,2,0,1.35,1147,0.405,3,2b81f2975ee8079f,0.45,2,1156,0.0,2.6,13.29,98.3,4,Active,29,285,740,1.103,5
0.606,9.9,0.83,3,218.8,3,0,1.61,745,0.346,2,130b7bb20576a29b,0.711,5,1047,0.7,-33.6,7.93,134.7,2,Active,14,69,132,0.143,3
0.47,41.3,0.05,1,1636.5,2,1,0.61,788,0.667,5,d22b8fe7a4b1bfaf,0.456,2,927,0.5,-14.0,3.31,111.3,4,Active,25,135,298,0.44,4
0.56,29.8,0.15,1,3122.1,2,1,2.01,1540,0.55,4,f38dc59d87226b1a,0.551,4,1589,1.5,7.9,18.16,104.3,4,Active,57,514,953,1.14,5
0.609,12.9,0.92,3,1495.8,2,0,1.6,1563,0.59,4,234e5528117536d3,0.594,4,1637,0.5,13.1,25.24,156.1,1,Active,20,315,517,0.15,3
0.229,5.0,0.49,2,2952.3,2,1,1.81,796,0.06,1,079324e2573e0710,0.264,1,896,0.0,-29.0,27.36,146.0,1,Active,9,136,608,0.333,3
0.431,21.6,0.96,3,422.4,3,0,0.93,1274,0.397,3,57f3949d834758fa,0.417,2,1274,0.0,25.4,18.85,105.5,4,Active,20,406,991,0.55,4
0.486,17.0,1.86,4,4364.2,1,0,1.59,1649,0.469,3,e16c73153966cc28,0.483,3,1649,0.1,26.4,25.14,104.8,4,Active,25,394,841,0.72,4
0.479,38.9,0.8,3,4466.6,1,0,1.76,1473,0.432,3,4fd98332995aba5e,0.489,3,1483,5.7,17.6,16.89,84.3,5,Stopped,53,509,1114,1.132,5
0.625,6.7,0.6,2,0.0,5,0,1.48,803,0.625,5,71078cf346a553f7,0.667,5,868,1.3,23.0,0.93,133.6,2,Active,8,5,8,0.0,1
0.276,4.2,2.06,4,1763.8,2,0,5.45,667,0.1,1,1039bb30795b579e,0.279,1,891,0.0,-36.2,29.25,138.4,2,Active,11,59,217,0.545,4
0.691,9.3,0.21,1,291.3,3,1,1.69,901,0.6,4,7f7236261440bf3a,0.682,5,1033,0.0,-17.5,33.22,138.8,2,Active,10,196,285,0.4,4
0.541,5.2,1.03,3,278.6,3,0,4.98,1196,0.581,4,5092c037eafca386,0.545,4,1196,0.0,23.3,59.01,106.5,4,Active,21,249,477,0.762,4
0.585,28.0,0.02,1,531.0,3,1,1.29,1246,0.436,3,f95f8115bc2f5737,0.608,4,1246,0.6,22.5,18.75,90.0,5,Active,23,335,648,1.826,5
0.447,8.6,3.84,5,90.0,4,0,1.88,1061,0.455,3,352b15b9a19ba1bb,0.468,2,1198,0.1,-2.0,7.88,124.1,3,Active,16,67,150,0.125,2
0.69,30.5,3.53,5,3786.0,1,0,1.92,1780,0.688,5,6af2c2023af09297,0.702,5,1780,1.0,14.3,38.33,85.6,5,Active,55,1100,1688,0.382,3
0.556,7.9,2.6,5,262.4,3,0,3.19,931,0.25,1,a06a9707d424ec7f,0.525,3,1000,4.7,-2.0,13.46,138.5,2,Stopped,9,38,72,0.111,2
0.325,55.3,1.88,4,483.5,3,0,0.72,1197,0.252,1,80841501b3f45a47,0.42,2,1226,4.2,-4.0,3.45,94.9,5,Stopped,33,158,610,2.212,5
0.479,8.6,3.8,5,35.8,4,0,0.86,1144,0.0,1,b06d59b827aed07f,0.538,3,1185,0.5,-28.0,2.84,175.6,1,Active,7,23,48,0.143,3
0.33,8.1,1.52,4,130.9,3,0,0.88,936,0.4,3,4120de4d9856f6dc,0.485,3,956,1.3,0.0,4.56,117.2,3,Active,6,31,106,0.667,4
0.569,44.5,61.35,5,1400.2,2,0,0.46,1129,0.483,3,7f2ac35bbf13cf23,0.646,5,1129,0.2,-6.6,15.04,110.0,4,Active,18,590,1060,0.667,4
0.691,12.4,1.24,4,768.6,3,0,3.61,1245,0.833,5,824d23c1268f07b3,0.672,5,1245,0.0,14.5,31.0,96.0,4,Active,41,352,518,0.512,4
0.491,26.7,0.15,1,13.0,4,1,1.77,1625,0.405,3,c3784df0554d5480,0.467,2,1787,0.1,13.0,14.16,108.7,4,Active,47,377,818,0.213,3
0.47,32.9,1.24,4,3698.4,1,0,3.43,1285,0.44,3,8a75c2eae874e478,0.474,2,1587,6.1,15.8,62.52,70.7,5,Stopped,81,1477,3295,1.506,5
0.422,71.6,3.3,5,4459.9,1,0,0.18,2391,0.38,2,a8305889dcafb90d,0.527,3,2391,6.2,0.0,1.9,113.5,3,Stopped,11,118,327,0.455,4
0.312,50.6,0.94,3,4910.7,1,0,0.48,1780,0.282,1,2e45cdbb348800b0,0.396,1,1820,0.0,51.2,7.39,148.5,1,Active,23,353,1321,0.391,3
0.545,14.2,0.21,1,765.5,3,1,0.71,987,0.429,3,0ba0adc0fe2410d7,0.588,4,1028,0.7,6.0,13.05,125.7,3,Active,8,147,286,0.0,1
0.554,26.9,0.66,3,92.2,4,0,2.45,1405,0.571,4,8e2063ddbc7bcd82,0.556,4,1405,0.1,10.8,15.13,77.5,5,Active,49,303,581,0.224,3
0.349,58.9,0.1,1,3864.7,1,1,0.24,1736,0.253,1,a2b0439fa816b368,0.374,1,1736,0.8,82.5,2.76,142.0,2,Active,14,160,516,0.643,4
0.491,11.0,0.02,1,3.7,5,1,0.46,1620,0.192,1,40970d7f71093fb0,0.551,4,1620,0.1,0.0,3.92,237.0,1,Active,5,43,114,0.0,1
0.524,52.0,1.33,4,3.4,5,0,0.23,1659,0.5,3,67c62a0f9bf94264,0.591,4,1659,4.3,0.0,1.02,85.5,5,Stopped,5,22,42,0.0,1
0.307,33.4,1.21,4,24.4,4,0,1.43,978,0.357,2,f54bb4be963983d0,0.4,1,978,0.5,0.0,6.27,112.5,4,Active,5,22,75,0.4,4
0.298,11.3,0.86,3,635.0,3,0,1.28,733,0.222,1,96113acb347bf8f9,0.303,1,861,0.3,-11.0,3.3,118.6,3,Active,14,36,121,0.5,4
0.575,47.7,0.03,1,95.9,4,1,1.19,1021,0.338,2,7c2df6b67c937b85,0.55,4,1116,25.2,0.1,19.93,106.0,4,Stopped,25,418,738,0.88,5
0.41,18.9,2.28,5,15.6,4,0,1.11,1719,0.567,4,5081fcae70c50bd9,0.513,3,1719,1.8,114.0,4.75,120.8,3,Active,19,81,210,0.211,3
0.465,23.6,1.11,4,1361.3,2,0,3.17,1363,0.417,3,e0be71ad55d94bbe,0.509,3,1410,1.4,16.3,16.92,72.9,5,Active,70,374,830,0.443,4
0.568,15.5,1.48,4,3923.9,1,0,1.78,1419,0.438,3,a768d0b6979883dc,0.514,3,1419,0.2,18.4,16.24,95.0,5,Active,27,246,442,0.556,4
0.435,28.6,2.13,4,16272.1,1,0,0.22,845,0.091,1,389a4353f311c89e,0.357,1,883,0.2,0.0,4.52,144.7,1,Active,6,126,294,0.167,3
0.42,51.9,2.79,5,434.3,3,0,0.12,1172,0.424,3,5e8e10f71b7d2863,0.38,1,1206,0.1,0.0,4.73,147.7,1,Active,6,245,584,1.0,5
0.426,82.0,1.0,3,390.4,3,0,0.06,1082,0.316,2,6175bb6b74cdda55,0.5,3,1371,0.8,-58.7,1.0,578.7,1,Active,5,81,204,0.6,4
0.709,9.5,1.3,4,1099.0,2,0,2.01,1413,0.613,5,744dde909930fa7d,0.711,5,1413,0.0,31.0,40.85,118.5,3,Active,18,366,529,0.167,3
0.506,50.8,3.01,5,4522.8,1,0,1.15,1424,0.455,3,fc1d6e49226dc0b8,0.503,3,1455,1.3,15.4,10.57,73.9,5,Active,54,495,1198,2.389,5
0.441,16.6,3.11,5,961.8,2,0,1.16,1216,0.354,2,c591bb0c997b436c,0.5,3,1216,0.2,8.2,12.63,96.4,4,Active,19,207,501,1.158,5
0.671,20.3,0.3,2,12.4,4,1,0.5,919,1.0,5,c407a048d44512aa,0.625,4,919,0.4,0.0,4.89,116.3,3,Active,5,49,73,0.4,4
0.506,39.7,0.85,3,5285.4,1,0,1.63,1570,0.45,3,d83b6eddc819b7db,0.538,3,1595,1.2,13.7,11.0,73.5,5,Active,63,424,877,1.508,5
0.333,49.2,0.24,1,439.3,3,1,0.46,421,0.0,1,36d26e2e20b37ab4,0.333,1,728,7.5,-17.1,1.08,115.3,3,Stopped,19,45,144,0.474,4
0.565,8.0,5.57,5,455.3,3,0,3.73,1016,0.438,3,64d1d4b5bcb16f50,0.582,4,1044,0.0,-16.1,42.89,109.2,4,Active,20,230,414,0.55,4
0.351,86.9,2.7,5,6978.8,1,0,2.18,1769,0.327,2,fda7ed956c44a6b8,0.403,2,1839,26.7,3.5,11.93,141.1,2,Stopped,115,629,1882,0.383,3
0.625,30.2,0.51,2,0.6,5,0,7.18,1635,0.333,2,505007f81cbe47c7,0.762,5,1635,0.2,82.5,31.41,273.3,1,Active,8,35,56,0.0,1
0.624,23.8,1.28,4,5044.3,1,0,2.51,1584,0.562,4,c71392e6b02bd919,0.639,5,1612,0.4,14.0,22.94,75.7,5,Active,56,511,840,0.25,3
0.422,79.2,1.56,4,622.2,3,0,1.07,1900,0.283,1,9f215b3c389a3feb,0.473,2,1975,34.6,16.6,10.09,219.3,1,Stopped,47,442,1071,0.106,2
0.441,27.6,0.2,1,13323.8,1,1,2.03,813,0.172,1,e706453b4cfe6219,0.418,2,1005,7.0,10.7,18.92,82.9,5,Stopped,39,363,830,0.231,3
0.435,20.5,0.36,2,3239.7,2,1,1.94,1167,0.443,3,1ffc5d871b29102f,0.424,2,1325,0.0,16.2,30.04,91.6,5,Active,39,603,1679,1.769,5
0.58,41.2,0.33,2,191.0,3,1,0.16,953,0.553,4,2af2c4747378547e,0.601,4,953,1.7,0.0,7.06,101.2,4,Active,6,273,498,1.0,5
0.676,10.0,0.67,3,1283.0,2,0,1.23,907,0.0,1,38ed158357a049e8,0.75,5,962,0.5,0.0,12.28,140.0,2,Active,7,70,105,0.0,1
0.557,10.7,0.53,2,1.2,5,0,0.65,1099,0.286,1,e129cc01c3d06015,0.613,4,1173,0.0,0.0,2.89,153.2,1,Active,7,31,61,0.143,3
0.702,31.7,0.14,1,310.6,3,1,0.26,1170,0.5,3,1f674d9e8f221374,0.733,5,1170,12.1,0.0,3.52,128.8,2,Stopped,5,68,104,1.0,5
0.522,50.6,1.35,4,1697.2,2,0,2.48,1956,0.447,3,73bf0f3da9b8e157,0.581,4,2091,0.8,18.9,21.29,80.7,5,Active,123,1056,2286,0.772,4
0.518,32.3,0.7,3,2830.3,2,0,3.91,1539,0.479,3,cdfbf4d3c33c1e2f,0.532,3,1861,0.1,12.3,35.03,74.3,5,Active,121,1085,2210,1.306,5
0.354,11.5,0.09,1,858.9,3,1,1.24,1793,0.331,2,4abed0f90b46cb8c,0.49,3,1847,1.0,13.3,14.28,179.5,1,Active,13,150,438,0.692,4
0.414,163.7,1.93,4,8206.7,1,0,0.75,1437,0.37,2,d4574be337b52102,0.498,3,1719,1.1,9.7,7.34,141.4,2,Active,122,1193,3062,1.098,5
0.534,36.9,0.27,1,5.7,5,1,1.17,1574,0.412,3,d47a643ed09e0259,0.548,4,1696,5.2,-1.2,5.37,112.8,4,Stopped,37,170,326,0.216,3
0.64,43.0,0.5,2,105.1,3,0,0.65,1923,0.583,4,78fb902547714794,0.652,5,1923,0.0,58.8,11.63,127.9,2,Active,28,499,794,1.143,5
0.611,6.3,0.03,1,180.2,3,1,1.78,955,0.5,3,57ae252ae1f3faa0,0.604,4,990,1.1,18.0,17.79,139.3,2,Active,8,80,131,0.0,1
0.389,45.8,0.32,2,79.3,4,1,0.48,1531,0.262,1,362431dcacb6ce82,0.512,3,1668,6.4,50.3,2.68,136.7,2,Stopped,18,100,257,0.056,2
0.359,7.3,1.66,4,3793.2,1,0,3.15,890,0.333,2,96088f4ba5011bfe,0.362,1,922,0.0,-11.9,19.47,100.9,4,Active,23,142,412,0.522,4
0.413,23.0,1.47,4,80.5,4,0,0.75,1216,0.4,3,d375caedc55f7e84,0.414,2,1216,0.2,27.0,2.72,94.4,5,Active,16,58,143,0.188,3
0.59,41.1,0.63,3,6216.7,1,0,1.42,1411,0.596,4,298b783cd0c0ddde,0.613,4,1411,10.2,11.9,22.22,82.4,5,Stopped,42,658,1125,0.619,4
0.393,30.8,1.11,4,1174.7,2,0,1.7,1638,0.371,2,e0ef70ed42ef197b,0.424,2,1638,10.1,38.1,44.36,97.6,4,Stopped,35,916,2641,1.686,5
0.485,25.9,0.05,1,1350.2,2,1,0.52,1569,0.317,2,345b10cc65242a86,0.52,3,1637,4.5,1.5,3.98,176.6,1,Stopped,11,85,196,0.364,3
0.479,30.0,7.27,5,370.8,3,0,1.31,987,1.0,5,0ad19e8be64c2382,0.532,3,1082,1.9,13.3,6.55,107.0,4,Active,19,95,215,0.053,2
0.522,92.5,0.57,2,44.1,4,0,0.05,2095,0.412,3,d4b94820dc418c7a,0.55,4,2095,0.6,0.0,0.69,482.3,1,Active,5,63,157,0.2,3
0.584,11.5,4.41,5,1364.7,2,0,2.06,1263,0.788,5,9de957c41eba5873,0.652,5,1304,0.7,15.3,13.6,133.4,2,Active,15,99,173,0.867,5
0.525,6.5,1.44,4,10.7,4,0,1.9,1148,0.5,3,40064602dea01f4e,0.5,3,1148,0.2,-2.5,15.24,138.2,2,Active,12,96,200,0.25,3
0.524,96.4,4.56,5,18578.2,1,0,0.56,1683,0.5,3,9e0f7910fd889c9e,0.562,4,1840,0.6,5.9,5.73,212.9,1,Active,54,549,1057,0.13,2
0.51,10.4,0.81,3,5.0,5,0,6.0,1605,0.385,2,e01954cfbb3a4eeb,0.556,4,1605,9.5,0.0,25.0,171.3,1,Stopped,6,25,49,0.0,1
0.41,88.3,6.54,5,1210.6,2,0,0.64,1998,0.396,3,83cce1759952c6ff,0.46,2,2023,8.9,40.9,10.88,108.5,4,Stopped,51,864,2745,2.745,5
0.382,39.2,0.05,1,482.2,3,1,1.0,1623,0.313,2,c9a9343e9f6c5a7f,0.385,1,1663,4.2,30.7,24.83,116.3,3,Stopped,32,791,2464,3.062,5
0.12,22.9,18.5,5,14.2,4,0,1.12,1253,0.158,1,94f0161aa6b89a9b,0.103,1,1253,5.2,0.0,2.61,88.5,5,Stopped,6,14,117,0.0,1
0.457,9.2,0.85,3,1655.4,2,0,2.3,1234,0.487,3,f2520176a900ac3a,0.477,2,1270,0.0,22.0,53.18,125.1,3,Active,21,485,1072,0.762,4
0.637,34.3,0.76,3,179.5,3,0,1.45,1206,0.727,5,096ae73098589ffd,0.632,4,1277,4.9,27.0,14.28,111.5,4,Stopped,25,246,388,1.16,5
0.5,3.9,0.19,1,2.9,5,1,1.61,1548,0.556,4,42e433491363372d,0.308,1,1636,0.8,0.0,6.13,311.7,1,Active,5,19,38,0.0,1
0.474,44.6,0.57,2,2161.9,2,0,1.83,2152,0.424,3,3aaffa41f173caeb,0.527,3,2229,6.4,13.1,31.63,120.8,3,Stopped,67,1161,2598,1.015,5
0.444,43.5,1.17,4,3413.3,2,0,0.93,987,0.383,2,831b1fcb85297e7d,0.447,2,1236,0.5,-10.6,9.2,93.9,5,Active,40,396,983,1.3,5
0.388,44.9,0.65,3,27.9,4,0,0.43,1811,0.296,2,e34cc56793a9cc42,0.579,4,1814,18.9,42.0,2.44,179.7,1,Stopped,11,63,170,0.455,4
0.711,7.4,0.27,1,230.0,3,1,1.51,1203,0.833,5,1ca12eab42ea3da5,0.699,5,1228,0.7,-9.0,26.7,139.5,2,Active,10,177,266,0.0,1
0.439,76.0,0.0,1,1351.2,2,1,0.59,1271,0.25,1,7ca776a4d85cc750,0.407,2,1369,8.3,1.6,2.72,222.8,1,Stopped,40,184,442,0.45,4
0.595,62.6,18.33,5,1502.6,2,0,0.51,1509,0.678,5,ecb9d39803493b38,0.569,4,1509,0.0,12.3,10.31,88.8,5,Active,32,645,1102,0.844,5
0.596,14.6,0.5,2,509.4,3,0,2.07,1275,0.478,3,4f7f537cac47f984,0.632,4,1320,4.4,41.2,14.77,115.3,3,Stopped,21,150,260,0.429,4
0.559,22.3,2.16,5,2932.4,2,0,2.46,1425,0.562,4,f5f7cb977c7ffd57,0.516,3,1452,0.2,21.3,8.9,88.7,5,Active,39,141,256,0.103,2
0.635,28.8,0.51,2,7244.3,1,0,0.28,877,0.6,4,88ee3769c7a1f146,0.702,5,958,3.6,-26.0,7.7,158.1,1,Stopped,7,194,307,0.143,3
0.524,29.9,0.94,3,4260.4,1,0,1.0,1412,0.565,4,0e2b7dca1ed0b581,0.528,3,1412,2.5,25.3,14.48,92.9,5,Active,27,390,756,0.296,3
0.552,9.4,1.81,4,6366.6,1,0,1.43,824,1.0,5,10d81d33de5cb747,0.49,3,873,0.4,10.6,5.18,116.4,3,Active,13,47,87,0.154,3
0.331,79.7,1.23,4,13.7,4,0,0.09,1462,0.253,1,65c8027db146b335,0.36,1,1589,0.0,0.0,5.63,218.5,1,Active,7,448,1427,0.286,3
0.51,11.3,0.43,2,1025.1,2,1,1.62,1721,0.502,4,7aad45c670d920f2,0.52,3,1721,0.2,38.8,31.48,146.8,1,Active,18,350,724,0.944,5
0.492,9.4,3.3,5,147.6,3,0,3.64,1682,0.6,4,75a965e6ab145547,0.543,4,1682,0.4,7.9,28.26,99.4,4,Active,33,256,537,0.515,4
0.483,59.4,1.23,4,3895.1,1,0,3.88,1668,0.385,2,25baee31a2d9c6ec,0.553,4,1668,11.4,3.9,38.94,76.3,5,Stopped,94,943,2032,0.904,5
0.33,51.6,0.41,2,13883.6,1,1,0.95,1695,0.295,2,c23b6eda6819bd0d,0.333,1,1695,0.2,41.5,22.67,99.8,4,Active,47,1118,3593,1.128,5
0.662,21.2,65.8,5,1192.5,2,0,1.0,1080,0.476,3,f0a85477f579abc9,0.696,5,1128,0.0,5.6,11.03,106.4,4,Active,20,221,334,0.65,4
0.514,30.7,0.23,1,8.8,4,1,0.27,926,0.0,1,070b9db5689ae308,0.545,4,929,0.2,0.0,1.04,128.1,2,Active,5,19,37,0.2,3
0.528,6.7,0.17,1,1171.2,2,1,1.65,1162,0.45,3,5a91317fdd5d91bb,0.481,3,1245,0.0,-54.0,9.31,130.0,2,Active,11,62,123,0.364,3
0.527,12.1,1.09,4,419.6,3,0,0.64,1609,0.537,4,052a6f06707c8127,0.597,4,1609,1.2,0.0,45.69,168.9,1,Active,7,496,1059,2.714,5
0.552,21.9,0.07,1,942.4,2,1,0.42,1071,0.5,3,62745f041a0e428b,0.592,4,1111,0.8,0.0,5.01,143.8,1,Active,7,84,154,0.143,3
0.559,8.7,0.38,2,543.4,3,1,0.57,1110,0.525,4,c49bed89e4d3b902,0.584,4,1110,0.0,0.0,42.51,102.8,4,Active,5,371,685,1.0,5
0.541,34.2,0.42,2,4.0,5,1,0.19,1155,0.333,2,f07d0e0dc00b041e,0.5,3,1157,0.3,0.0,0.65,113.5,3,Active,6,20,37,0.167,3
0.425,13.0,0.4,2,355.7,3,1,3.04,1156,0.4,3,1de7dc8dbc1d46b3,0.497,3,1337,0.2,-5.0,14.82,98.7,4,Active,34,166,393,0.706,4
0.346,73.6,0.26,1,6.4,5,1,0.62,409,0.0,1,86fad4855883e1da,0.295,1,884,43.0,-14.3,1.37,134.4,2,Stopped,19,42,136,0.105,2
0.583,22.6,0.31,2,1220.7,2,1,0.98,1043,0.542,4,441441c4cb0a140a,0.546,4,1043,4.5,-4.2,21.9,120.1,3,Stopped,15,335,611,0.667,4
0.656,32.9,0.15,1,2290.7,2,1,0.65,1287,0.553,4,5830e0032fe8dd78,0.637,5,1311,0.5,-7.8,20.82,101.1,4,Active,21,668,1147,0.667,4
0.325,51.7,0.55,2,57.9,4,0,0.5,1321,0.287,1,db28865086d9b231,0.28,1,1465,1.0,-2.5,5.56,139.6,2,Active,17,189,643,0.118,2
0.833,7.2,0.21,1,1.4,5,1,0.89,849,1.0,5,131adfee14b76644,0.721,5,849,0.0,0.0,17.03,122.7,3,Active,5,96,120,0.0,1
0.571,21.5,1.35,4,865.6,2,0,2.54,1166,0.397,3,e6b980cddbc276f3,0.601,4,1222,0.0,23.4,14.14,76.6,5,Active,54,301,538,0.315,3
0.363,29.9,0.16,1,2196.4,2,1,0.49,940,0.5,3,ffec06218018b534,0.333,1,976,14.5,12.0,5.06,168.0,1,Stopped,7,72,201,0.0,1
0.502,24.1,0.28,1,7.3,5,1,1.03,1254,0.364,2,57fbc492a6cde10e,0.527,3,1311,0.5,23.0,6.72,144.5,1,Active,19,124,249,0.053,2
0.545,9.3,0.53,2,3101.6,2,0,2.6,1137,0.281,1,b35f55af709e9ba0,0.632,4,1198,0.0,0.4,26.89,94.1,5,Active,24,248,486,1.125,5
0.562,57.4,0.1,1,4.1,5,1,0.4,1050,0.5,3,d80f1947c788f198,0.516,3,1050,28.8,18.3,1.63,132.7,2,Stopped,11,45,80,0.0,1
0.397,25.7,0.57,2,659.0,3,0,0.32,1306,0.333,2,dfc8875d9492369b,0.469,2,1365,0.0,-51.0,1.86,141.4,2,Active,8,47,121,0.5,4
0.367,8.6,3.68,5,1786.2,2,0,1.63,955,0.231,1,58c4e33a3935a48f,0.424,2,974,0.0,-15.7,11.42,118.3,3,Active,14,98,267,0.357,3
0.519,33.4,17.0,5,8.8,4,0,0.22,1506,0.5,3,b26ed58ac3b4f396,0.514,3,1506,0.5,0.0,0.87,161.2,1,Active,7,28,54,0.0,1
0.259,9.1,0.17,1,24.0,4,1,1.67,1002,0.0,1,da91d8db0f1c70ea,0.25,1,1002,0.6,8.0,3.46,111.8,4,Active,14,29,112,0.143,3
0.42,5.2,2.72,5,44.6,4,0,2.94,1381,0.674,5,7e15e555dee78a85,0.509,3,1431,0.1,42.5,21.96,117.0,3,Active,15,112,283,0.4,4
0.361,40.8,0.03,1,226.2,3,1,0.89,1776,0.239,1,134398dad2c65178,0.333,1,1776,0.2,37.2,4.12,90.1,5,Active,35,163,498,0.8,5
0.413,77.3,0.51,2,11961.4,1,0,3.99,1112,0.364,2,a505e9823a0437b2,0.42,2,1614,1.6,3.9,18.53,100.5,4,Active,302,1403,3708,0.493,4
0.781,7.9,1.05,4,34.4,4,0,1.8,1019,0.667,5,3313728bde2e1bfb,0.777,5,1098,0.0,0.0,24.3,132.3,2,Active,10,135,178,0.1,2
0.473,43.9,0.27,1,512.4,3,1,0.59,1662,0.488,3,97bd7dce4056deee,0.52,3,1662,3.1,75.9,8.78,115.7,3,Stopped,24,356,774,1.708,5
0.504,51.1,0.1,1,174.3,3,1,0.15,796,0.4,3,bbb015daa93a51a7,0.556,4,930,0.7,-59.5,6.39,163.1,1,Active,7,297,595,1.286,5
0.404,135.2,2.07,4,53491.8,1,0,0.11,1198,0.333,2,1ba9d1a3c23408c4,0.593,4,1198,9.4,0.0,0.67,148.2,1,Stopped,6,36,89,0.0,1
0.478,8.3,21.33,5,837.1,3,0,1.03,903,0.333,2,b21b714a83f112dd,0.419,2,1005,0.0,-39.0,3.99,140.0,2,Active,8,31,67,1.125,5
0.524,17.8,1.3,4,2479.5,2,0,3.56,1075,0.49,3,89e4d273a628ceab,0.534,3,1269,0.3,-0.6,32.16,73.6,5,Active,62,560,1252,1.145,5
0.7,1.3,0.67,3,6.6,5,0,5.0,942,0.7,5,ae0abbb678e7f34a,0.714,5,942,0.5,0.0,7.0,127.0,3,Active,5,7,10,0.0,1
0.736,3.5,2.11,4,9213.0,1,0,4.3,1681,0.568,4,9f70a2eaf714899f,0.752,5,1903,0.0,60.3,59.11,183.9,1,Active,15,206,280,1.4,5
0.411,18.0,2.23,5,2476.7,2,0,2.78,1206,0.423,3,a43698619a4e5cd4,0.412,2,1396,0.8,13.3,29.4,89.5,5,Active,46,486,1355,0.652,4
0.509,22.0,0.62,2,3936.9,1,0,2.5,1098,0.275,1,69ffaa88329f6d04,0.558,4,1405,1.2,-0.3,14.69,99.7,4,Active,52,305,601,0.058,2
0.227,26.5,0.83,3,0.0,5,0,0.45,547,0.0,1,d019c73780ccc352,0.25,1,845,1.9,-55.7,0.23,144.1,1,Active,10,5,22,0.0,1
0.455,65.7,0.05,1,35445.3,1,1,0.21,848,0.375,2,063bf38aca534aa0,0.315,1,1000,9.7,-35.8,2.41,140.8,2,Stopped,10,114,253,0.3,3
0.407,35.2,0.86,3,11231.5,1,0,0.54,1207,0.321,2,31c3449a28458c2f,0.373,1,1236,5.5,2.5,3.11,136.4,2,Stopped,16,92,236,0.062,2
0.457,60.0,0.12,1,561.1,3,1,0.18,2133,0.463,3,37ebd0de0e85a07e,0.442,2,2133,1.6,0.0,6.91,248.2,1,Active,7,267,714,0.429,4
0.56,22.8,1.9,4,1689.3,2,0,2.08,1149,0.486,3,565540dec49bedbb,0.598,4,1383,0.2,-8.2,12.95,90.7,5,Active,47,292,534,0.681,4
0.571,29.6,1.47,4,14.5,4,0,0.7,1233,0.5,3,bd29e058c7b5ed6f,0.547,4,1233,9.0,0.0,7.73,140.4,2,Stopped,6,66,126,0.5,4
0.436,14.9,0.3,2,23.7,4,1,1.1,1076,0.0,1,d0e2fa6069a72e25,0.571,4,1117,1.0,-7.2,3.74,127.7,2,Active,15,51,117,0.0,1
0.45,33.4,0.25,1,3.2,5,1,0.73,1697,0.27,1,42147d0c8dc35ea5,0.527,3,1697,0.4,52.0,2.0,121.7,3,Active,24,66,151,0.083,2
0.389,20.8,3.34,5,9157.1,1,0,2.44,1558,0.192,1,d1be01cb261e7bf9,0.405,2,1749,1.1,53.2,15.76,96.4,4,Active,48,310,802,0.542,4
0.363,198.8,0.59,2,8016.5,1,0,1.19,2314,0.285,1,bb8e0967eb5a5254,0.404,2,2360,1.6,15.0,4.31,123.0,3,Active,235,849,2487,0.864,5
0.518,19.5,0.01,1,1925.1,2,1,0.81,937,0.518,4,81cf4734f14729f7,0.5,3,937,7.1,12.0,8.06,122.6,3,Stopped,9,90,197,0.444,4
0.286,25.3,0.99,3,1002.8,2,0,0.28,1240,0.306,2,9b103579e3cb280e,0.306,1,1240,0.4,0.0,4.87,118.2,3,Active,7,121,451,1.143,5
0.623,42.3,0.21,1,3052.9,2,1,0.48,580,0.605,4,6fc0d8249557b100,0.603,4,805,0.3,-15.5,9.15,102.7,4,Active,20,385,624,1.1,5
0.597,10.7,0.86,3,4.6,5,0,1.04,735,0.0,1,1e47b383fcc4ed9c,0.462,2,887,0.2,-60.0,5.19,155.0,1,Active,8,40,67,0.0,1
0.434,69.9,0.1,1,486.7,3,1,0.98,1576,0.326,2,dd8e93f6d5022cf3,0.437,2,1720,6.9,-7.5,12.29,105.5,4,Stopped,62,775,1813,0.548,4
0.429,8.7,1.4,4,448.1,3,0,1.19,1024,0.5,3,8b5169440b5a0ce6,0.489,3,1105,1.1,-35.0,13.05,162.3,1,Active,9,99,238,1.0,5
0.59,2.4,0.39,2,4.5,5,1,2.76,1409,0.833,5,1e3607ef278e89ef,0.542,3,1409,0.2,0.0,10.57,194.0,1,Active,6,23,39,0.333,3
0.48,45.0,0.06,1,98.5,4,1,2.51,1285,0.355,2,06c467238c020a25,0.448,2,1359,26.7,4.9,8.03,112.3,4,Stopped,46,147,306,0.543,4
0.68,10.0,1.39,4,145.5,3,0,0.8,898,0.636,5,512f2273dedcf6d5,0.828,5,898,0.7,26.0,6.43,128.5,2,Active,7,56,122,0.429,4
0.56,8.4,0.25,1,4.5,5,1,1.99,892,0.4,3,a53e1d99c565b571,0.545,4,991,1.0,-22.2,4.29,130.3,2,Active,13,28,50,0.0,1
0.44,8.7,2.12,4,2743.1,2,0,1.81,981,0.3,2,2cc665eba8e07841,0.452,2,981,0.5,-6.8,14.48,119.9,3,Active,14,112,268,0.143,3
0.821,13.0,0.35,2,2.9,5,1,0.42,1028,1.0,5,4d32e404512c3830,0.787,5,1028,1.2,0.0,10.94,149.6,1,Active,5,129,162,0.2,3
0.498,10.4,3.86,5,4266.3,1,0,1.59,1192,0.426,3,d9bcfd4094ee51e8,0.488,3,1252,0.0,15.2,21.61,121.8,3,Active,16,218,452,0.75,4
0.354,55.8,0.41,2,80.6,4,1,1.13,2104,0.286,1,fb2ca188b173db92,0.414,2,2301,0.2,-1.9,8.03,102.3,4,Active,63,447,1448,0.222,3
0.489,23.7,0.59,2,769.4,3,0,1.86,1332,0.522,4,7567f4a16713b738,0.533,3,1364,4.3,41.8,10.82,96.9,4,Stopped,36,209,452,0.361,3
0.46,69.7,0.2,1,954.9,2,1,1.19,2129,0.398,3,1ec9ff4b963a422c,0.47,2,2129,7.6,21.6,16.3,94.1,5,Stopped,73,997,2458,1.397,5
0.375,33.5,0.13,1,129.9,3,1,1.27,1006,0.325,2,ff21f4e13f707f21,0.366,1,1228,1.1,4.0,6.64,85.3,5,Active,41,215,613,1.39,5
0.239,132.3,0.94,3,57.0,4,0,0.38,1236,0.126,1,6f3c1c668f26de19,0.254,1,2053,23.4,-15.9,1.13,288.2,1,Stopped,41,123,527,0.366,3
0.553,4.9,0.55,2,3.4,5,0,2.91,1734,0.545,4,777ec9460ff192cc,0.581,4,1734,0.0,61.0,13.56,149.0,1,Active,9,42,76,0.0,1
0.657,16.1,43.5,5,229.4,3,0,0.44,822,0.6,4,ad9f705c4d8b4d27,0.605,4,886,0.3,0.0,7.27,130.6,2,Active,7,115,178,0.0,1
0.649,24.0,0.45,2,32.0,4,1,0.93,1447,0.635,5,4f8c4e2f36c064af,0.639,5,1447,0.3,14.0,11.03,125.5,3,Active,22,261,410,0.545,4
0.542,19.0,1.06,4,24.9,4,0,0.82,1039,0.667,5,8410d836addf6317,0.641,5,1039,0.2,32.5,2.02,128.7,2,Active,15,37,72,0.067,2
0.583,17.1,3.19,5,88.0,4,0,2.48,1519,0.436,3,8b1704d57a7c2ad4,0.571,4,1519,0.2,9.3,16.94,92.0,5,Active,42,287,503,0.429,4
0.429,18.1,3.12,5,1531.0,2,0,1.97,1136,0.483,3,7134aabc71707e23,0.456,2,1183,0.4,27.5,11.92,104.5,4,Active,32,194,462,0.281,3
0.424,22.9,0.34,2,1535.4,2,1,1.06,1513,0.384,2,34f1e7814cae5e44,0.409,2,1513,0.1,38.8,26.51,107.1,4,Active,24,603,1694,1.0,5
0.63,45.1,4.79,5,4159.9,1,0,0.81,1298,0.333,2,b48acecb6421303c,0.656,5,1369,0.4,11.3,10.18,101.3,4,Active,22,278,446,0.091,2
0.382,34.4,0.21,1,4019.9,1,1,2.58,1429,0.256,1,5f618201eb7abf66,0.382,1,1429,0.2,13.7,12.31,73.0,5,Active,75,358,961,0.613,4
0.391,55.5,20.68,5,5350.5,1,0,0.78,1096,0.338,2,72dcf129e5a6d8f2,0.417,2,1198,0.1,-1.4,6.62,85.7,5,Active,43,366,954,0.605,4
0.382,9.5,0.34,2,3330.4,2,1,1.13,865,0.4,3,0c6419a57b50b206,0.348,1,1009,0.1,-65.0,12.78,144.6,1,Active,9,102,296,0.556,4
0.43,24.9,0.72,3,4.3,5,0,2.88,1315,0.211,1,2059c56f72e8cf15,0.446,2,1436,2.0,12.3,11.32,109.0,4,Active,27,106,249,0.037,2
0.505,19.0,0.86,3,2797.5,2,0,0.7,929,0.538,4,f20ec3561c53a02c,0.46,2,980,0.5,49.5,10.8,126.6,3,Active,10,155,327,0.3,3
0.579,21.8,1.55,4,3708.8,1,0,0.68,1621,0.389,2,fdf39857542e4c5f,0.582,4,1688,0.9,138.0,10.37,169.3,1,Active,12,182,342,0.25,3
0.5,22.1,2.38,5,10.2,4,0,1.36,902,0.0,1,326e23f3b6954132,0.625,4,926,0.2,0.0,5.0,128.0,2,Active,6,22,44,0.0,1
0.547,26.7,5.82,5,15.8,4,0,0.41,1003,0.547,4,986493b5b8d5e60b,0.545,4,1003,1.2,0.0,3.35,113.6,3,Active,5,41,75,0.0,1
0.573,8.2,11.62,5,64.9,4,0,1.78,1016,0.2,1,afb1e5a2db0e6445,0.568,4,1016,0.4,14.0,11.82,123.0,3,Active,14,93,164,0.0,1
0.414,80.3,0.12,1,8159.4,1,1,1.1,1341,0.354,2,5da4385dfc567cf1,0.446,2,1582,26.4,2.1,10.29,195.2,1,Stopped,59,554,1371,0.712,4
0.299,38.0,0.96,3,400.3,3,0,1.09,1363,0.241,1,c15bcd1ae9387290,0.261,1,1487,16.8,50.0,8.46,130.1,2,Stopped,19,148,565,0.421,4
0.468,62.7,0.7,3,157.6,3,0,0.26,1305,0.397,3,a0afab2dad17b7bd,0.453,2,1328,8.0,10.0,3.12,119.5,3,Stopped,14,171,417,1.429,5
0.466,44.1,1.34,4,543.7,3,0,0.77,1444,0.445,3,2c5bfed2e60c71fb,0.601,4,1494,0.1,8.3,17.39,122.2,3,Active,34,765,1716,0.471,4
0.364,65.9,0.51,2,4119.8,1,0,0.42,956,0.336,2,1ad9ba2a02584765,0.361,1,1016,0.0,11.9,6.81,107.5,4,Active,27,438,1268,0.741,4
0.499,43.7,0.29,2,307.1,3,1,1.49,1388,0.434,3,4fb0a7af25d7fdab,0.506,3,1390,0.2,6.7,7.88,78.1,5,Active,65,343,714,0.569,4
0.346,87.2,1.8,4,65.9,4,0,0.11,1574,0.333,2,f82a175a6df45700,0.429,2,1681,2.8,76.7,1.16,469.2,1,Active,9,95,286,0.556,4
0.532,7.7,1.03,3,6244.2,1,0,1.01,698,0.5,3,95125e7caef36d61,0.434,2,807,0.3,-62.0,20.86,145.0,1,Active,7,144,293,0.0,1
0.495,11.2,1.2,4,237.8,3,0,0.9,1205,0.667,5,8ee1be83b1fae999,0.495,3,1254,0.1,-4.5,8.31,139.0,2,Active,10,92,200,0.3,3
0.5,13.8,1.59,4,35.9,4,0,1.11,982,0.286,1,34471f1b7c893eb7,0.405,2,1057,1.2,1.6,2.7,130.8,2,Active,14,34,70,0.214,3
0.388,10.4,0.3,2,4.8,5,1,0.91,1084,0.667,5,f785b4c2dbeb28e5,0.4,1,1183,0.5,-74.0,5.95,145.1,1,Active,9,59,152,0.111,2
0.649,7.9,1.04,4,2860.9,2,0,1.16,853,0.556,4,ff4218e64d3a3f4c,0.592,4,1072,0.1,-62.5,21.36,142.5,2,Active,9,166,265,0.556,4
0.489,15.9,0.91,3,26.5,4,0,2.7,1091,0.286,1,ebe69dcdbb4c7419,0.567,4,1091,0.2,15.0,6.82,109.1,4,Active,17,43,88,0.118,2
0.493,17.2,0.45,2,16.4,4,1,1.19,862,0.286,1,3ca33e9fd8a547ff,0.607,4,940,0.5,15.4,4.24,109.0,4,Active,20,71,152,0.1,2
0.45,56.5,16.33,5,4.9,5,0,0.27,2114,0.385,2,b51f487edc790a1a,0.583,4,2132,12.4,13.0,4.2,213.8,1,Stopped,12,185,416,0.417,4
0.528,86.2,0.77,3,4382.9,1,0,2.66,2032,0.495,3,8616be5cb515f35f,0.582,4,2254,0.2,13.4,11.4,120.7,3,Active,229,980,1955,0.306,3
0.399,21.3,2.73,5,49.2,4,0,2.83,1869,0.459,3,18b51e7719c3a331,0.517,3,1913,0.8,31.8,26.56,81.0,5,Active,58,544,1484,0.259,3
0.374,32.9,0.17,1,876.6,2,1,0.32,1126,0.182,1,49997a33f94d6289,0.595,4,1179,0.9,13.0,3.68,140.8,2,Active,10,116,345,0.7,4
0.423,20.5,1.26,4,2596.8,2,0,1.81,1209,0.375,2,98fa7f5969765113,0.434,2,1228,0.0,29.7,13.31,91.7,5,Active,33,243,591,0.545,4
0.55,23.7,0.23,1,11716.1,1,1,0.6,615,0.552,4,76c6c257592e4f30,0.533,3,892,0.3,-14.2,7.95,128.7,2,Active,14,186,353,0.429,4
0.522,22.0,1.04,4,48.2,4,0,1.29,1813,0.417,3,4e5baa608eb428ee,0.603,4,1835,4.0,30.1,5.28,152.0,1,Stopped,22,90,184,0.045,2
0.554,21.9,4.05,5,2858.4,2,0,3.16,1276,0.473,3,5a5e826c1669dc12,0.548,4,1463,0.4,4.4,34.96,84.4,5,Active,60,663,1424,0.2,3
0.568,11.2,0.47,2,91.3,4,1,1.06,874,0.568,4,9fedb04eb721f66f,0.5,3,908,0.4,8.0,20.61,129.6,2,Active,8,155,280,0.0,1
0.343,8.6,1.73,4,323.3,3,0,2.02,737,0.3,2,475b8a5e225b5fac,0.361,1,840,3.6,-13.0,22.04,133.5,2,Stopped,10,109,341,0.3,3
0.511,33.5,1.48,4,7827.6,1,0,1.19,1274,0.468,3,f64533d16c30a2e5,0.558,4,1507,0.6,19.8,5.3,98.6,4,Active,39,174,370,0.359,3
0.39,22.9,1.15,4,1108.2,2,0,0.31,1212,0.417,3,087284ffec807a7f,0.42,2,1338,0.2,0.0,7.24,167.5,1,Active,7,164,439,0.286,3
0.41,24.1,0.84,3,2877.2,2,0,2.49,1358,0.371,2,86ccb0499c7f88e9,0.425,2,1379,0.0,13.9,27.11,77.4,5,Active,60,652,1669,1.05,5
0.408,6.6,3.83,5,416.9,3,0,2.27,1103,0.333,2,a0291e9883a790cb,0.551,4,1109,0.8,27.8,11.01,118.4,3,Active,13,63,174,0.846,5
0.618,42.3,0.44,2,5245.2,1,1,1.86,1430,0.571,4,7279f793eba7b36d,0.61,4,1508,8.9,21.3,17.14,89.6,5,Stopped,58,536,905,0.759,4
0.753,5.5,1.25,4,635.2,3,0,4.71,1303,0.778,5,2587c64422279158,0.808,5,1355,0.0,-13.0,58.31,123.8,3,Active,26,322,430,0.308,3
0.43,6.4,5.01,5,497.3,3,0,2.7,1084,0.575,4,eb5cd379107b1aaf,0.427,2,1084,0.0,6.7,34.59,122.7,3,Active,17,218,535,1.0,5
0.538,19.5,0.04,1,10.1,4,1,0.91,993,0.5,3,5feb060c7d8b185c,0.6,4,1090,0.5,-88.0,2.31,139.2,2,Active,11,28,52,0.091,2
0.502,43.4,0.46,2,5303.2,1,1,1.4,1887,0.34,2,98295c328f41deb5,0.552,4,1887,1.1,198.0,13.57,147.6,1,Active,11,107,223,0.273,3
0.47,23.6,1.17,4,17.9,4,0,9.0,2201,0.381,2,c9b09e0acb12255d,0.529,3,2201,22.7,0.0,43.0,246.9,1,Stopped,9,43,100,0.778,4
0.483,34.3,1.99,4,1542.5,2,0,0.89,1641,0.481,3,a7a49734e2584fb5,0.574,4,1641,0.5,1.1,47.95,114.6,3,Active,30,1618,3779,2.333,5
0.525,6.8,0.56,2,718.8,3,0,4.18,1555,0.545,4,1b83c1588c575dc5,0.562,4,1687,0.0,2.0,81.31,117.1,3,Active,28,545,1068,0.964,5
0.469,7.7,47.0,5,456.7,3,0,0.84,776,0.469,3,7a2cce74226a08d3,0.345,1,777,1.2,0.0,7.19,134.0,2,Active,5,43,96,0.2,3
0.465,54.4,0.51,2,5325.6,1,0,1.54,1418,0.329,2,7b91527735d9f4af,0.464,2,1418,25.5,13.1,9.55,89.3,5,Stopped,42,260,578,0.619,4
0.424,9.8,0.24,1,3.7,5,1,1.44,1672,0.37,2,7c9a90a3b3382589,0.455,2,1794,0.0,-81.2,9.97,229.3,1,Active,14,97,236,0.071,2
0.339,15.4,0.86,3,549.3,3,0,0.78,877,0.333,2,ea1801b3a391148a,0.383,1,947,2.4,-14.0,4.75,124.6,3,Active,10,61,186,1.3,5
0.597,30.8,0.31,2,4700.0,1,1,1.21,1348,0.446,3,4e70ccb05c97cc26,0.558,4,1348,2.7,14.0,30.33,95.5,4,Active,33,830,1408,0.485,4
0.462,4.5,1.03,3,966.1,2,0,4.39,1387,0.404,3,e85c37d1be0023c1,0.446,2,1425,0.1,54.4,48.05,116.8,3,Active,19,208,504,1.053,5
0.429,22.7,20.78,5,160.3,3,0,0.57,791,0.333,2,be68e66b5d110fe7,0.447,2,862,0.0,-27.0,5.03,127.5,2,Active,9,79,196,0.0,1
0.287,42.7,0.67,3,13.5,4,0,0.18,1423,0.192,1,331580376ef0b9ee,0.325,1,1463,1.8,0.0,1.1,180.9,1,Active,7,44,167,0.143,3
0.674,5.7,0.16,1,763.9,3,1,1.81,1334,0.2,1,7125e6352cdc2ed5,0.582,4,1334,0.2,-1.5,22.5,189.3,1,Active,10,124,184,0.0,1
0.428,65.8,2.41,5,4244.8,1,0,2.58,1735,0.4,3,2a80f0227e53bdae,0.436,2,1853,0.4,8.1,28.15,63.0,5,Active,166,1813,5140,1.217,5
0.4,96.0,0.26,1,39327.5,1,1,0.06,1180,0.667,5,7b5c066a838dd7f3,0.288,1,1412,7.0,-59.7,0.9,589.0,1,Stopped,5,80,240,0.4,4
0.424,45.9,0.11,1,3506.2,1,1,0.97,1221,0.38,2,06554a2d2091092f,0.454,2,1263,0.5,16.7,8.84,77.3,5,Active,42,383,912,0.238,3
0.534,35.9,0.72,3,14420.0,1,0,0.99,1612,0.489,3,18ac63117849119e,0.588,4,1612,0.4,33.3,14.66,91.9,5,Active,35,516,1012,0.657,4
0.555,48.1,1.72,4,620.9,3,0,1.15,2299,0.495,3,00b8354a23b68002,0.584,4,2446,0.2,-0.9,20.55,126.5,3,Active,55,985,2132,2.218,5
0.283,33.5,0.31,2,556.9,3,1,1.18,950,0.0,1,5d1154df1d0cdd13,0.314,1,950,10.6,0.0,5.7,130.7,2,Stopped,6,29,106,0.0,1
0.42,18.3,0.48,2,8072.9,1,1,0.89,964,0.375,2,2fea6dd7be6558f9,0.446,2,1020,2.7,13.8,4.34,117.8,3,Active,14,68,176,0.143,3
0.412,9.5,2.76,5,2111.7,2,0,2.9,1219,0.362,2,3d5df958a07337c9,0.41,2,1219,0.0,17.4,28.47,108.2,4,Active,26,255,631,0.269,3
0.425,81.8,0.01,1,8002.9,1,1,0.36,1446,0.402,3,2e0e448879accc6b,0.427,2,1570,1.1,9.2,10.03,111.9,4,Active,29,802,2481,3.931,5
0.493,31.0,1.21,4,1760.4,2,0,2.02,1621,0.473,3,bdfabaab459d5092,0.487,3,1701,1.3,15.0,23.57,83.0,5,Active,60,700,1524,1.05,5
0.403,64.6,0.51,2,6199.9,1,0,2.77,1705,0.33,2,484604d57e37b1d3,0.474,2,1897,28.2,7.1,20.2,77.8,5,Stopped,98,715,2027,1.092,5
0.425,107.4,1.63,4,247.8,3,0,0.97,759,0.071,1,9a2be018c3d01cd1,0.393,1,1426,65.1,-13.6,2.42,239.2,1,Stopped,41,102,247,0.122,2
0.429,22.7,0.08,1,11.6,4,1,0.69,1066,0.211,1,d1738c2adbd7f96c,0.427,2,1161,0.4,-6.3,2.73,127.6,2,Active,15,59,140,0.0,1
0.62,72.5,2.49,5,566.4,3,0,0.33,1275,0.833,5,e81eb76f30b0428b,0.649,5,1275,1.9,17.8,1.88,107.1,4,Active,23,129,213,0.261,3
0.385,107.5,0.81,3,7.6,5,0,0.9,1529,0.216,1,996bcc936168c1ea,0.339,1,1753,7.2,14.0,3.31,167.5,1,Stopped,90,332,865,0.089,2
0.55,35.5,3.17,5,107.8,3,0,0.18,1038,0.543,4,b4d3aa3cabaec4e9,0.529,3,1038,1.8,0.0,9.18,135.3,2,Active,5,258,504,0.6,4
0.569,22.4,0.48,2,11.8,4,1,0.38,1492,0.167,1,9c540c03f1451103,0.654,5,1492,1.3,0.0,2.74,132.5,2,Active,8,58,102,0.0,1
0.744,36.6,0.02,1,682.8,3,1,0.17,1073,0.682,5,aaa2ebe875c2260d,0.782,5,1073,4.0,0.0,24.67,113.6,3,Stopped,5,728,999,2.2,5
0.522,21.2,0.74,3,829.9,3,0,1.14,936,0.429,3,f44e1d447fcac989,0.619,4,1099,0.2,-29.3,7.72,114.5,3,Active,19,129,276,0.053,2
0.437,10.6,0.13,1,54.4,4,1,0.79,1408,0.293,2,d50d454bc27b79df,0.415,2,1408,2.4,0.0,8.71,164.3,1,Active,6,66,158,0.0,1
0.489,61.2,2.5,5,3181.7,2,0,1.66,1775,0.686,5,d07118206fb3a587,0.433,2,1848,34.8,26.3,6.66,109.9,4,Stopped,44,176,378,0.568,4
0.859,3.9,9.42,5,759.1,3,0,2.58,1440,0.731,5,89e7029ac881a416,0.785,5,1440,0.1,0.0,43.87,126.1,3,Active,10,170,198,1.2,5
0.45,55.0,0.02,1,1150.3,2,1,0.37,772,0.333,2,ab747794cdc9edf9,0.393,1,805,9.4,22.0,2.65,111.9,4,Stopped,17,121,278,0.471,4
0.546,67.6,0.44,2,1043.7,2,1,0.24,1433,0.514,4,afe69dad900909d7,0.552,4,1433,0.1,27.2,8.86,122.9,3,Active,16,583,1187,1.312,5
0.626,21.8,0.7,3,7469.3,1,0,0.99,1573,0.667,5,5569808b68c36916,0.578,4,1573,0.0,67.0,14.83,117.1,3,Active,17,255,409,0.0,1
0.354,5.2,4.86,5,5.7,5,0,3.04,1063,0.333,2,d259fa5c702c67e2,0.545,4,1063,2.6,18.0,11.01,132.3,2,Active,8,29,82,0.0,1
0.435,16.2,1.77,4,7921.1,1,0,0.59,962,0.417,3,9e60918f5fd4e1f2,0.453,2,974,4.3,0.0,9.32,123.1,3,Stopped,7,111,294,0.143,3
0.415,42.7,0.2,1,16.2,4,1,0.98,1990,0.408,3,cb263dff9f765486,0.485,3,1990,22.9,74.0,3.47,172.1,1,Stopped,19,67,171,0.316,3
0.519,155.6,0.46,2,29006.9,1,1,0.75,2225,0.489,3,d896760e2387533e,0.609,4,2423,6.8,4.5,16.84,148.1,1,Stopped,112,2505,5190,1.179,5
0.346,95.5,0.38,2,4934.6,1,1,2.03,1612,0.268,1,c765ea35eda63a03,0.348,1,1612,67.4,15.3,18.11,190.6,1,Stopped,57,509,1499,0.561,4
0.344,40.7,1.26,4,8.2,4,0,0.42,1612,0.444,3,7894771982462619,0.294,1,1612,1.2,14.5,1.44,175.9,1,Active,13,45,131,0.0,1
0.712,9.8,2.37,5,882.8,2,0,0.71,1281,0.714,5,440f5758c8513904,0.694,5,1335,0.0,0.0,25.4,160.6,1,Active,7,249,354,0.286,3
0.444,33.6,1.62,4,53.1,4,0,0.62,1759,0.385,2,b35b7287d24b1d68,0.486,3,1779,0.6,34.3,4.21,113.7,3,Active,20,136,322,0.3,3
0.45,20.1,0.05,1,3.1,5,1,1.06,876,0.0,1,81ff8a41c7a2c5b3,0.429,2,885,11.5,0.0,3.01,129.2,2,Stopped,6,17,40,0.0,1
0.343,53.5,0.16,1,18726.3,1,1,0.53,706,0.417,3,67c919483ef7e25e,0.439,2,1008,1.0,3.1,1.14,105.8,4,Active,27,58,178,0.259,3
0.621,8.8,1.55,4,3597.1,1,0,1.9,1023,0.625,5,0b66c0d2f1c5a45e,0.604,4,1046,0.8,18.0,16.71,109.3,4,Active,15,132,219,0.667,4
0.646,82.8,0.02,1,37380.4,1,1,0.17,800,1.0,5,6fc00b5d9d4e0d59,0.429,2,1050,2.2,-11.0,0.41,135.0,2,Active,13,31,48,0.077,2
0.624,41.4,3.74,5,90.6,4,0,1.34,1425,0.471,3,4f1db474cd144999,0.661,5,1586,24.3,21.9,3.98,151.5,1,Stopped,23,68,109,0.174,3
0.53,34.4,0.31,2,2054.7,2,1,1.61,1294,0.339,2,0482d00e77275031,0.561,4,1350,0.2,14.4,12.72,87.5,5,Active,48,379,732,0.333,3
0.649,50.5,0.75,3,670.3,3,0,0.2,773,0.719,5,9c09aeaa7f7dec6f,0.612,4,789,0.3,-19.0,3.82,127.6,2,Active,10,187,322,1.5,5
0.414,33.3,0.07,1,3009.8,2,1,1.82,1068,0.468,3,1934838d9fcb77da,0.431,2,1103,13.4,21.2,13.92,87.5,5,Stopped,35,267,654,0.714,4
0.393,53.7,2.38,5,10978.4,1,0,1.36,947,0.197,1,8f7bce3cd2cbee64,0.402,2,1032,0.0,1.2,5.49,85.5,5,Active,63,254,692,0.651,4
0.432,129.6,0.07,1,17045.9,1,1,0.16,1415,0.365,2,b2baefcb167ac445,0.382,1,1451,0.9,1.7,4.56,312.7,1,Active,20,587,1491,0.9,5
0.306,18.2,5.46,5,18772.7,1,0,1.89,886,0.091,1,d23b6bc92d3dfba8,0.324,1,918,0.2,13.6,3.77,95.5,4,Active,34,68,265,0.441,4
0.479,29.5,1.2,4,792.5,3,0,0.45,1177,0.316,2,243a0418dc90b64f,0.54,3,1177,0.5,43.0,7.6,116.8,3,Active,13,220,489,0.308,3
0.438,15.7,0.5,2,3090.3,2,0,0.6,954,0.364,2,ef58f4216ec7b793,0.406,2,954,0.8,19.0,14.38,116.2,3,Active,9,214,511,0.889,5
0.319,24.6,2.61,5,2236.5,2,0,1.37,974,0.223,1,0b6734b94f6b756a,0.325,1,1159,0.0,-5.8,10.22,106.0,4,Active,25,186,689,0.68,4
0.494,40.7,0.79,3,877.0,2,0,0.33,853,0.429,3,4a6ffc08cb8dc516,0.446,2,1145,1.3,-32.7,2.88,140.5,2,Active,13,112,235,0.231,3
0.761,8.2,0.64,3,1751.1,2,0,1.44,1242,0.438,3,f1a22abafff552a9,0.736,5,1242,0.0,36.7,26.25,146.2,1,Active,10,182,243,0.4,4
0.396,36.6,0.06,1,2304.8,2,1,2.03,1256,0.25,1,0b38520998edac36,0.37,1,1275,3.6,6.2,7.17,83.6,5,Stopped,67,237,670,0.821,5
0.692,27.5,0.7,3,301.9,3,0,1.1,1562,0.698,5,78769313a620bbe8,0.707,5,1562,0.0,45.3,45.94,96.7,4,Active,24,1006,1478,0.542,4
0.372,8.9,0.4,2,2993.7,2,1,1.44,897,0.5,3,914c5441b0404266,0.4,1,940,0.3,24.3,4.9,135.3,2,Active,12,41,113,0.25,3
0.481,36.6,0.05,1,50.0,4,1,0.33,1350,0.294,2,e0decb7f13c6dcb9,0.473,2,1350,4.7,62.5,3.68,149.4,1,Stopped,10,110,231,0.1,2
0.568,13.2,0.19,1,22.8,4,1,0.81,900,0.455,3,471ca3a6a23e0eb0,0.659,5,1141,0.2,-47.7,4.27,165.7,1,Active,10,53,95,0.5,4
0.464,42.1,0.56,2,908.5,2,0,1.24,1754,0.34,2,89c0055026d03d63,0.507,3,1754,0.1,33.9,11.51,88.3,5,Active,48,447,995,0.771,4
0.619,23.0,0.37,2,1527.4,2,1,1.47,1299,0.765,5,e3908669ecc11064,0.65,5,1299,0.3,0.1,11.81,119.3,3,Active,25,201,331,0.04,2
0.507,8.0,0.24,1,85.4,4,1,2.15,1307,0.582,4,cce8ba2f9eb20d18,0.479,3,1395,0.5,14.3,30.57,161.3,1,Active,16,228,477,0.188,3
0.525,32.9,4.74,5,24.7,4,0,1.39,1181,0.321,2,de359deec5c92cd4,0.593,4,1193,0.0,2.9,6.35,89.5,5,Active,45,206,396,0.244,3
0.36,149.8,0.11,1,3576.4,1,1,1.02,2250,0.298,2,c67a5ca3a6d9a208,0.39,1,2732,12.9,13.5,11.92,157.2,1,Stopped,139,1632,5226,1.633,5
0.393,10.5,0.56,2,65.3,4,0,2.56,909,0.0,1,7ccdb6eb91938892,0.222,1,1079,2.4,9.8,4.09,120.8,3,Active,15,24,61,0.133,2
0.59,12.9,2.61,5,140.3,3,0,1.44,1210,0.567,4,ac99e12d5998d99c,0.531,3,1247,1.1,15.5,8.32,125.5,3,Active,17,98,166,0.647,4
0.361,20.0,0.28,1,3970.0,1,1,0.59,650,0.4,3,8d5a32790bddef39,0.393,1,794,0.0,9.7,4.45,138.1,2,Active,10,75,219,0.2,3
0.566,8.2,0.14,1,232.3,3,1,0.95,871,0.0,1,808a9abba5a8d90d,0.628,4,871,1.0,24.0,7.27,141.8,2,Active,6,46,83,0.0,1
0.52,21.1,0.71,3,1903.9,2,0,0.9,1725,0.5,3,965d79655b036322,0.504,3,1725,0.1,26.0,36.59,124.8,3,Active,16,650,1271,1.0,5
0.325,30.9,2.33,5,3553.2,1,0,0.65,1219,0.389,2,b7a233c167be072b,0.328,1,1219,1.1,19.3,8.42,121.5,3,Active,13,168,526,0.0,1
0.611,28.7,1.24,4,229.2,3,0,5.1,1195,0.573,4,3cd65ad4f651f5e2,0.619,4,1426,0.1,1.3,31.02,62.6,5,Active,145,882,1572,0.579,4
0.405,9.4,6.24,5,978.4,2,0,1.71,1045,0.353,2,12542b3d89955404,0.429,2,1058,0.1,10.8,10.39,118.3,3,Active,14,85,210,0.143,3
0.467,21.2,2.75,5,12.9,4,0,1.8,962,0.2,1,aaa19c6a3bd56d28,0.45,2,962,1.9,0.0,4.2,138.8,2,Active,6,14,30,0.0,1
0.609,8.7,1.39,4,857.0,3,0,1.84,1350,0.789,5,53ec10be0a46fbb0,0.552,4,1412,0.0,-0.4,49.02,161.9,1,Active,16,426,704,0.0,1
0.498,29.6,4.61,5,710.6,3,0,1.0,1240,0.411,3,d4631d3974500e5b,0.479,3,1331,0.1,51.8,13.74,104.5,4,Active,22,301,623,0.091,2
0.567,17.7,0.64,3,2128.1,2,0,1.68,1252,0.529,4,971a7d5fcb661c6b,0.611,4,1414,0.0,11.0,18.22,99.3,4,Active,28,304,566,0.214,3
0.525,15.0,1.6,4,19241.3,1,0,0.34,892,0.4,3,03cfec76e293ee1d,0.551,4,893,0.0,0.0,6.77,148.1,1,Active,5,101,242,0.8,5
0.52,4.7,0.75,3,223.4,3,0,4.24,1200,0.0,1,46c61924ec855b2c,0.646,5,1208,0.4,47.0,18.02,134.1,2,Active,12,51,98,0.083,2
0.44,64.3,1.65,4,46602.1,1,0,1.42,1695,0.464,3,51df5ba28d2b13ab,0.459,2,1695,3.1,10.1,19.52,82.1,5,Stopped,87,1194,3101,1.977,5
0.478,16.6,4.35,5,7450.4,1,0,0.9,1307,0.182,1,3766d05d80c93d4a,0.571,4,1307,0.0,63.7,8.2,108.1,4,Active,15,136,289,0.067,2
0.42,45.6,0.37,2,200.1,3,1,0.84,1141,0.421,3,88f9c1840336e35f,0.48,3,1141,0.4,25.5,3.06,98.7,4,Active,29,106,276,0.138,3
0.354,35.6,2.6,5,5342.9,1,0,3.99,1472,0.255,1,ff901d7398d11036,0.36,1,1818,0.1,5.5,24.7,77.6,5,Active,142,878,2617,0.88,5
0.619,11.8,0.39,2,2.5,5,1,0.68,1083,0.265,1,337c8c67aa9e4676,0.539,3,1083,0.0,0.0,30.1,130.9,2,Active,8,356,612,0.125,2
0.503,31.9,0.04,1,2680.1,2,1,0.26,970,0.407,3,2f41d0a7fcbf2607,0.514,3,970,0.6,0.0,6.18,131.6,2,Active,8,193,398,0.25,3
0.498,10.8,1.22,4,111.4,3,0,1.36,1241,0.3,2,64e22aa9b583b52f,0.534,3,1241,0.5,28.3,10.38,125.2,3,Active,14,107,215,0.143,3
0.443,58.4,6.94,5,1704.6,2,0,0.29,1203,0.373,2,c118a6bda2347b33,0.433,2,1203,0.2,6.8,2.74,121.9,3,Active,17,158,397,0.647,4
0.364,21.7,0.62,2,445.2,3,0,1.19,1314,0.195,1,14c342f4b6786e50,0.329,1,1314,1.6,14.9,4.72,110.0,4,Active,24,95,283,0.333,3
0.521,67.7,0.47,2,117.9,3,1,0.64,1526,0.575,4,e8684f77c1cda58b,0.471,2,1687,0.3,2.7,2.36,100.8,4,Active,43,159,309,0.209,3
0.412,63.1,0.08,1,2663.0,2,1,2.71,1428,0.367,2,e588c5cd2e437938,0.408,2,1490,6.1,5.9,13.79,64.1,5,Stopped,154,783,1916,0.695,4
0.614,30.5,0.6,2,895.3,2,0,1.59,1648,0.538,4,b98015b4311a106c,0.634,4,1650,0.2,25.9,25.74,76.1,5,Active,48,779,1348,0.917,5
0.521,8.4,2.02,4,709.0,3,0,0.9,1131,0.0,1,10adb78a2216ed8a,0.543,4,1131,0.0,0.0,12.66,117.3,3,Active,6,84,169,0.0,1
0.371,12.2,0.41,2,1939.8,2,1,2.62,1168,0.231,1,38669e18bc793644,0.359,1,1168,0.0,18.5,14.86,107.7,4,Active,18,102,280,0.0,1
0.372,74.5,0.28,1,503.0,3,1,0.97,1974,0.29,1,bd91176556041627,0.395,1,2251,6.2,11.7,11.91,100.8,4,Stopped,66,807,2232,0.455,4
0.598,52.1,0.09,1,17473.2,1,1,0.33,764,0.517,4,7a4778a6dd394d0f,0.554,4,928,0.2,-32.2,10.4,115.8,3,Active,15,476,816,0.333,3
0.486,49.7,0.82,3,18.6,4,0,1.42,1100,0.533,4,b171f2c268ea03b6,0.483,3,1344,35.0,6.5,4.75,134.5,2,Stopped,21,70,146,0.238,3
0.512,40.0,0.26,1,4342.9,1,1,0.5,897,0.544,4,9223bbac281cb214,0.525,3,1149,0.4,-3.0,20.53,115.5,3,Active,19,782,1541,1.737,5
0.444,80.4,0.2,1,9.5,4,1,0.3,1292,0.526,4,a338d998452175c1,0.44,2,1514,0.1,-3.7,1.1,139.6,2,Active,20,72,162,0.05,2
0.405,32.1,0.33,2,3656.6,1,1,2.43,934,0.259,1,e9851641520edc17,0.383,1,968,1.9,0.8,12.82,75.2,5,Active,69,364,915,0.71,4
0.697,2.9,1.2,4,2.9,5,0,2.42,1781,0.429,3,85b419a94df24b52,0.562,4,1781,0.8,0.0,11.12,190.1,1,Active,5,23,33,0.0,1
0.45,70.1,0.86,3,32689.8,1,0,1.26,1530,0.389,2,0bce9f8045e45579,0.451,2,1605,0.0,13.4,7.65,88.5,5,Active,76,463,1056,0.526,4
0.586,9.2,0.46,2,1038.9,2,1,1.24,1231,0.364,2,4ccacf8117eb8d5b,0.588,4,1241,0.9,0.0,5.64,138.8,2,Active,9,41,70,0.667,4
0.456,52.8,1.59,4,49949.8,1,0,0.65,1969,0.401,3,94c041ee2bc76735,0.457,2,1969,0.9,37.6,7.07,127.6,2,Active,34,367,873,0.559,4
0.206,17.4,0.29,2,7.8,5,1,0.42,903,0.0,1,7cb368e661dd0987,0.25,1,903,0.5,49.0,0.71,131.9,2,Active,7,12,63,0.0,1
0.468,32.8,0.12,1,55069.8,1,1,0.24,828,0.0,1,eb923b7cbcccefac,0.571,4,828,1.7,0.0,0.78,128.2,2,Active,6,20,47,0.333,3
0.447,35.4,0.66,3,109.6,3,0,0.88,1783,0.421,3,2cba02f97a39f6d6,0.435,2,1992,0.4,8.9,11.98,141.8,2,Active,31,420,1060,1.065,5
0.507,18.5,1.38,4,1518.1,2,0,0.55,941,0.419,3,0d3524046c2f5f35,0.461,2,941,0.2,0.0,18.63,105.8,4,Active,6,202,422,0.667,4
0.429,32.5,3.04,5,2096.6,2,0,1.52,2249,0.408,3,1de874b528cdb5ea,0.442,2,2249,0.0,35.0,20.01,92.4,5,Active,49,644,1658,1.347,5
0.452,59.1,0.02,1,463.2,3,1,1.15,1355,0.37,2,b5f0ebf4de92ac9b,0.463,2,1355,28.5,24.5,24.13,90.2,5,Stopped,35,736,1825,2.486,5
0.5,34.4,1.34,4,434.9,3,0,2.39,1648,0.498,3,a08113988445e4ed,0.54,3,1816,2.6,21.9,39.04,85.4,5,Active,76,1240,2920,1.842,5
0.325,11.7,4.0,5,8.7,4,0,0.61,1082,0.0,1,9d73d9c78ed439aa,0.588,4,1082,0.4,0.0,1.32,142.6,2,Active,6,13,40,0.0,1
0.57,60.0,0.99,3,239.1,3,0,0.23,1408,0.317,2,1e12fdb4cf6ebec4,0.58,4,1469,0.5,-2.7,1.8,162.8,1,Active,13,103,193,0.615,4
0.49,78.2,0.55,2,450.8,3,0,1.52,1139,0.417,3,51a84efcc04cef68,0.506,3,1407,7.1,-0.9,5.8,73.3,5,Stopped,101,386,836,0.475,4
0.501,139.9,0.04,1,2184.6,2,1,1.02,1569,0.512,4,ded73125ffc1f294,0.476,2,1604,24.8,1.3,8.99,141.3,2,Stopped,108,955,1941,1.148,5
0.354,44.0,0.9,3,88.1,4,0,0.23,1153,0.308,2,06209b834f980f92,0.34,1,1153,0.1,0.0,4.99,111.1,4,Active,5,109,308,0.0,1
0.548,30.0,0.59,2,2744.4,2,0,2.9,991,0.553,4,25fbf5583e0de1aa,0.512,3,1132,0.2,3.8,28.84,68.4,5,Active,85,846,1664,0.824,5
0.49,21.5,0.08,1,207.2,3,1,0.54,972,0.333,2,03d22bf95cfbff4f,0.542,3,1012,2.7,8.0,3.96,127.9,2,Active,10,74,155,0.0,1
0.399,109.9,0.34,2,18927.4,1,1,0.78,1496,0.369,2,160beb9f94d3160c,0.388,1,1539,56.1,11.5,9.19,227.7,1,Stopped,40,474,1376,1.225,5
0.35,16.8,0.11,1,3.8,5,1,5.3,912,0.0,1,916f9b82f5dfc750,0.273,1,912,15.7,0.0,6.18,125.6,3,Stopped,6,7,20,0.0,1
0.375,23.2,0.7,3,10091.0,1,0,4.64,1467,0.358,2,8f46aadd5610c45c,0.415,2,1467,0.0,17.7,24.45,70.3,5,Active,106,559,1598,1.179,5
0.478,8.9,3.88,5,1941.8,2,0,1.18,1002,0.429,3,5f1329cb2ded54ee,0.466,2,1147,0.0,-29.0,16.82,146.3,1,Active,10,142,322,0.6,4
0.481,26.2,23.94,5,280.9,3,0,0.48,2185,0.395,2,5e82016c2eea0bf5,0.472,2,2329,3.0,10.5,8.31,264.6,1,Stopped,11,192,399,1.182,5
0.485,7.0,1.34,4,7.9,4,0,0.88,1502,0.267,1,7b7603d10178e444,0.521,3,1502,0.1,0.0,11.97,157.7,1,Active,6,82,171,0.0,1
0.365,21.7,0.42,2,1050.3,2,1,0.53,660,0.365,2,0a3b276ffb2e0c7d,0.214,1,750,4.5,-37.7,3.05,131.3,2,Stopped,9,52,148,0.111,2
0.556,44.8,0.1,1,1845.3,2,1,1.23,1212,0.676,5,f5cd7b417aa5d130,0.533,3,1372,5.8,15.8,20.81,83.4,5,Stopped,46,781,1564,0.957,5
0.45,13.7,9.54,5,818.8,3,0,0.61,1566,0.434,3,028f5d3a41d3e747,0.564,4,1566,0.0,0.0,17.89,124.4,3,Active,8,233,527,0.125,2
0.671,5.6,0.59,2,1.5,5,0,3.62,1850,0.458,3,117d8ae1166acbd6,0.608,4,1890,0.9,62.0,34.7,153.8,1,Active,17,163,243,0.0,1
0.442,25.1,0.65,3,4.7,5,0,0.81,998,0.1,1,2a02529010950f65,0.393,1,998,1.3,-7.6,1.19,120.0,3,Active,13,19,43,0.0,1
0.345,59.3,61.73,5,4825.7,1,0,2.54,1569,0.267,1,3ba084180c61cc53,0.358,1,1963,0.0,10.4,28.51,74.2,5,Active,141,1584,6963,3.539,5
0.386,106.1,0.07,1,3843.0,1,1,0.9,1600,0.367,2,686d6565a8b341e3,0.4,1,1786,18.2,4.7,14.74,165.0,1,Stopped,79,1289,3828,1.101,5
0.633,17.2,0.29,2,7945.8,1,1,0.38,1056,0.5,3,9544d08594803e1b,0.588,4,1064,0.2,0.0,2.19,161.9,1,Active,5,29,49,0.0,1
0.456,27.6,0.83,3,4233.2,1,0,1.79,1412,0.55,4,f00146df04c21f26,0.452,2,1412,4.2,4.4,11.98,88.0,5,Stopped,41,275,623,1.049,5
0.5,28.4,0.75,3,22.8,4,0,1.65,1313,0.667,5,444bd6fef4fa925e,0.5,3,1313,4.3,14.3,7.9,109.7,4,Stopped,22,105,212,0.0,1
0.167,6.5,1.04,4,319.3,3,0,1.49,899,0.0,1,ae39c7a73ea8c04e,0.263,1,899,0.4,0.0,4.78,115.9,3,Active,5,16,96,0.2,3
0.376,41.3,0.3,2,535.1,3,1,1.09,1883,0.4,3,4e20f62baea1ed96,0.518,3,2043,0.8,16.5,13.8,110.1,4,Active,44,557,1518,1.068,5
0.495,20.2,3.65,5,54.9,4,0,0.66,1729,0.486,3,8451973407c61242,0.479,3,1729,0.3,26.0,10.18,173.6,1,Active,12,185,400,0.333,3
0.481,21.0,1.03,3,1848.9,2,0,1.87,1239,0.5,3,3608e186d00da1c8,0.474,2,1239,0.0,-2.3,26.62,107.8,4,Active,25,355,750,0.84,5
0.659,7.7,1.1,4,2.8,5,0,0.96,974,0.444,3,52785283a75117f9,0.662,5,1006,0.1,0.0,13.69,152.5,1,Active,7,100,164,0.0,1
0.407,66.4,0.03,1,132.9,3,1,0.21,1305,0.462,3,69ed1aa9e0a9d6d7,0.487,3,1393,1.2,-6.3,1.58,157.5,1,Active,14,103,273,0.143,3
0.628,44.0,0.65,3,4780.1,1,0,0.99,1272,0.456,3,eaebe2e62a90e2f2,0.641,5,1385,2.6,14.4,22.54,92.0,5,Active,41,932,1499,0.61,4
0.47,6.2,0.73,3,1442.3,2,0,1.33,779,1.0,5,e2717897542e4405,0.433,2,885,0.1,-68.0,13.09,142.7,2,Active,7,69,149,0.0,1
0.425,13.2,3.9,5,105.9,3,0,1.32,1415,0.528,4,436d2a18506f6479,0.528,3,1445,0.2,9.2,16.72,124.9,3,Active,17,215,534,0.706,4
0.378,12.0,1.46,4,891.6,2,0,2.8,1341,0.288,1,743715e7ea2213e5,0.378,1,1520,0.6,-1.8,19.95,119.3,3,Active,32,228,637,2.094,5
0.443,66.0,0.09,1,946.4,2,1,0.73,1903,0.424,3,151ddbd1e77290d3,0.515,3,1903,0.8,8.0,25.78,111.5,4,Active,44,1564,3651,0.955,5
0.563,12.0,8.32,5,2457.1,2,0,0.42,930,0.111,1,07f5897127b0c427,0.5,3,930,0.0,0.0,11.41,122.1,3,Active,5,137,261,0.0,1
0.372,26.4,0.97,3,125.3,3,0,0.65,1267,0.228,1,e710c165ac752a1c,0.438,2,1267,0.2,65.3,6.99,99.6,4,Active,17,183,524,0.647,4
0.449,8.3,1.93,4,262.2,3,0,2.67,954,0.5,3,9607f613bdaee802,0.455,2,1165,0.0,1.6,8.24,119.5,3,Active,22,68,167,0.364,3
0.465,17.7,1.01,3,18686.2,1,0,0.81,854,0.364,2,0c9a9ec8a31ef4b2,0.428,2,971,0.1,1.2,16.25,137.6,2,Active,13,261,574,0.538,4
0.662,22.1,0.18,1,3342.2,2,1,0.59,1202,0.552,4,808fdf5f0ba0d1ba,0.68,5,1281,0.8,54.0,15.31,138.5,2,Active,10,261,414,1.0,5
0.422,11.9,4.01,5,103.4,3,0,0.93,1249,0.349,2,acadab8fe3ac7072,0.672,5,1249,0.0,14.0,12.28,134.2,2,Active,11,146,346,0.0,1
0.507,36.0,0.06,1,2697.4,2,1,0.65,1087,0.278,1,8074718d42addd14,0.504,3,1297,0.7,-0.6,3.99,111.6,4,Active,23,141,286,0.13,2
0.447,30.6,0.46,2,4252.0,1,1,2.48,1145,0.433,3,5ed6571a68f99c19,0.456,2,1407,0.0,16.8,22.0,79.1,5,Active,76,673,1613,0.553,4
0.327,3.7,0.46,2,467.3,3,1,4.23,931,0.111,1,0d07f84fa5ba1ae0,0.393,1,1024,0.1,-15.5,24.6,128.7,2,Active,11,64,199,0.364,3
0.464,61.3,0.72,3,42.3,4,0,0.87,1368,0.435,3,9f640aba1ba28400,0.443,2,1406,0.5,20.0,2.17,77.3,5,Active,53,132,291,0.189,3
0.495,28.0,1.15,4,3297.1,2,0,1.64,1731,0.43,3,75040c928053fa2b,0.512,3,1731,0.0,17.6,41.29,87.0,5,Active,46,1155,2386,2.043,5
0.569,51.2,0.3,2,4483.7,1,1,1.11,1064,0.63,5,ef7fdfbd9da6d886,0.547,4,1083,0.8,4.3,8.95,85.8,5,Active,56,451,838,1.054,5
0.5,7.2,0.49,2,9.5,4,1,1.51,1239,0.5,3,cfae58302dd5107c,0.667,5,1239,1.3,0.0,10.32,116.2,3,Active,6,41,82,0.0,1
0.374,13.2,0.97,3,2694.7,2,0,1.57,1036,0.425,3,7ca630a8fcf1e413,0.368,1,1274,1.1,54.0,31.15,137.5,2,Active,19,376,1169,0.737,4
0.626,14.1,0.57,2,389.6,3,0,3.0,969,0.471,3,5e71f5a7b07cce48,0.631,4,1110,9.4,-16.2,30.87,132.2,2,Stopped,14,144,243,0.643,4
0.33,89.7,0.04,1,45317.5,1,1,0.08,740,0.4,3,cfd6b3dfeb166f2b,0.295,1,1366,1.1,-108.6,2.44,514.6,1,Active,7,216,663,0.0,1
0.632,24.5,0.12,1,248.9,3,1,1.41,826,0.632,5,c7abc34750869c47,0.8,5,826,11.9,0.0,3.38,117.7,3,Stopped,5,12,19,0.4,4
0.484,29.9,0.98,3,1367.8,2,0,1.77,1159,0.455,3,93da682f35fd1f74,0.523,3,1203,0.4,13.5,8.46,81.8,5,Active,44,210,448,0.545,4
0.506,21.4,0.57,2,4303.5,1,0,0.61,1063,0.367,2,afabe731f161d7c3,0.456,2,1113,3.3,-21.7,12.9,136.3,2,Stopped,11,233,474,0.0,1
0.293,11.5,7.2,5,3.9,5,0,0.55,1020,0.5,3,cd9b6d8d4c9f19e8,0.231,1,1020,2.1,0.0,1.31,151.9,1,Active,5,12,41,0.0,1
0.468,10.6,1.16,4,3175.0,2,0,1.01,1003,0.378,2,38025dd48da49d65,0.449,2,1038,0.7,37.5,7.35,135.5,2,Active,10,73,173,0.1,2
0.613,2.9,0.78,3,3.1,5,0,4.93,1272,0.143,1,4697d4a793ed30c2,0.548,4,1272,0.0,42.0,36.99,110.9,4,Active,14,105,173,0.0,1
0.377,21.7,1.38,4,202.0,3,0,0.23,879,0.377,2,f48f8a465a362458,0.588,4,879,0.4,0.0,1.22,118.6,3,Active,5,26,69,0.0,1
0.666,16.6,0.41,2,170.3,3,1,1.87,1504,0.5,3,f37ccf3ff253a2ec,0.693,5,1504,0.4,11.3,14.95,110.8,4,Active,24,192,293,0.083,2
0.427,75.8,12.34,5,4531.2,1,0,1.83,1301,0.378,2,ae98862489e63bc1,0.427,2,1891,0.2,2.1,25.6,76.8,5,Active,127,1779,4202,0.512,4
0.344,46.0,0.32,2,1567.5,2,1,5.49,1241,0.311,2,8e727f0fc34222b5,0.376,1,1754,0.8,4.7,51.78,67.1,5,Active,248,2340,7938,1.367,5
0.4,20.1,0.56,2,28.3,4,0,1.38,766,0.4,3,a9a3b16315db6ff7,0.4,1,854,0.4,-8.2,2.51,123.7,3,Active,11,20,50,0.0,1
0.498,71.7,0.02,1,281.7,3,1,0.43,1357,0.318,2,5d11cf4ed2499f36,0.491,3,1493,0.2,-0.5,5.42,119.5,3,Active,31,386,827,0.871,5
0.782,40.5,0.78,3,1954.8,2,0,0.48,2097,0.788,5,b4b0661ff5cb9699,0.838,5,2097,1.2,190.5,31.96,158.9,1,Active,19,1256,1658,1.211,5
0.335,23.0,3.78,5,13189.0,1,0,0.3,763,0.324,2,424e5473faf02433,0.302,1,860,0.0,62.0,16.07,143.5,1,Active,7,369,1172,0.0,1
0.574,21.5,3.76,5,1373.8,2,0,2.16,1520,0.575,4,61a748a6e3366842,0.584,4,1520,0.2,1.9,38.78,86.0,5,Active,46,826,1520,0.609,4
0.469,21.4,1.52,4,1555.6,2,0,2.16,1119,0.406,3,16206b85ab5b0cb0,0.5,3,1168,0.5,14.7,12.51,96.8,4,Active,37,214,469,0.135,2
0.682,26.9,0.42,2,1668.5,2,1,1.49,1394,0.686,5,ef7217ebcb393f81,0.689,5,1467,0.0,-1.5,7.23,97.4,4,Active,40,194,327,0.8,5
0.75,18.4,2.2,5,0.1,5,0,0.81,937,1.0,5,88e2b81dfbbe578e,0.737,5,996,4.5,45.0,2.07,134.6,2,Stopped,9,23,32,0.0,1
0.452,32.7,2.0,4,792.0,3,0,0.38,1131,0.3,2,a8fb6d0069b6cb2e,0.438,2,1131,11.2,0.0,2.78,115.7,3,Stopped,8,59,135,0.0,1
0.392,8.6,0.36,2,401.8,3,1,2.97,877,0.367,2,1eb8e3874089e5ce,0.399,1,928,0.1,20.8,50.66,104.6,4,Active,25,427,1135,1.64,5
0.366,22.9,0.19,1,1492.7,2,1,1.64,1451,0.286,1,203b716462704d9d,0.382,1,1451,0.3,25.7,7.72,88.5,5,Active,37,174,492,0.351,3
0.438,12.1,0.6,2,1534.3,2,0,0.53,925,0.233,1,f23f285e72e59039,0.462,2,963,0.8,-25.0,9.45,151.4,1,Active,6,107,260,0.167,3
0.566,31.3,1.57,4,715.9,3,0,0.52,1548,0.571,4,0a33bed61342afd1,0.56,4,1548,0.4,105.0,6.5,105.9,4,Active,16,201,357,0.25,3
0.49,36.1,0.58,2,11.8,4,0,3.33,1956,0.379,2,e1c2e05cf4cefd40,0.53,3,1956,10.6,19.7,13.69,77.9,5,Stopped,85,349,716,0.188,3
0.544,8.3,0.94,3,873.5,2,0,1.07,800,0.5,3,e6aac2068dcf8151,0.583,4,800,0.1,0.0,26.51,127.3,3,Active,5,124,239,0.2,3
0.407,34.9,0.73,3,67.9,4,0,0.57,1830,0.347,2,30cd7b9099f5d24c,0.441,2,1902,1.3,63.5,7.72,131.1,2,Active,19,258,738,0.895,5
0.521,105.7,0.4,2,29034.5,1,1,0.08,1203,0.397,3,1d5160eb69bea289,0.5,3,1508,0.7,-41.4,1.25,515.0,1,Active,8,131,290,0.5,4
0.518,19.7,0.9,3,6212.0,1,0,1.8,1279,0.498,3,9039789a5b36fb31,0.526,3,1336,0.1,27.2,28.92,100.7,4,Active,32,513,1038,1.0,5
0.75,32.4,0.03,1,0.9,5,1,0.28,1348,0.333,2,453f8cbe468e678e,0.643,5,1348,3.6,0.0,1.6,82.3,5,Stopped,5,29,40,0.0,1
0.533,12.9,6.46,5,5556.7,1,0,0.85,990,0.484,3,5b23647f35be34bb,0.5,3,1036,1.2,-7.5,11.7,140.2,2,Active,10,137,261,0.6,4
0.57,7.2,1.55,4,3390.7,2,0,1.61,697,0.3,2,8d8273236359d81e,0.581,4,841,0.0,-24.6,19.71,137.3,2,Active,11,135,242,0.364,3
0.661,21.5,1.67,4,63.4,4,0,0.45,760,0.75,5,8675c0dc9c3852ad,0.534,3,809,5.4,0.0,7.57,136.6,2,Stopped,6,102,171,0.167,3
0.438,5.6,0.6,2,4.2,5,0,3.26,994,0.438,3,5a30f77143fcb7de,0.444,2,994,3.3,0.0,9.12,109.0,4,Stopped,5,14,32,0.0,1
0.639,34.5,8.74,5,6.2,5,0,0.36,1027,0.364,2,94b74196d954fe53,0.569,4,1027,2.3,11.3,6.29,149.0,1,Active,9,159,263,0.111,2
0.534,31.6,0.18,1,1869.1,2,1,2.71,1722,0.449,3,866c38db5b22efab,0.519,3,1722,6.4,10.3,18.75,74.9,5,Stopped,64,443,847,0.344,3
0.33,12.9,2.55,5,5277.1,1,0,1.17,851,0.259,1,9fabe111a8309217,0.341,1,1013,0.0,-3.8,14.55,136.0,2,Active,15,187,664,0.6,4
0.523,23.0,0.86,3,7964.9,1,0,1.1,1099,0.375,2,3ccf5a554da4565d,0.486,3,1171,1.2,9.5,8.4,97.7,4,Active,24,183,352,0.833,5
0.471,11.2,3.47,5,1405.2,2,0,2.86,969,0.267,1,f5d36500af9f8c9b,0.528,3,1092,0.4,25.2,12.64,95.6,4,Active,31,137,295,0.323,3
0.468,2.9,1.78,4,1551.7,2,0,4.09,1119,0.286,1,ac01b2fd209ac45a,0.493,3,1214,0.4,-44.5,25.78,162.4,1,Active,10,63,139,0.7,4
0.433,5.0,0.26,1,512.5,3,1,1.14,782,0.75,5,322dfeeac27d20ab,0.44,2,782,0.4,0.0,6.18,127.1,3,Active,5,27,67,1.0,5
0.401,24.3,2.86,5,7.9,4,0,0.8,1423,0.338,2,c97e96b04451446b,0.492,3,1455,0.5,74.8,5.96,141.5,2,Active,19,141,367,0.158,3
0.456,58.1,0.58,2,7529.6,1,0,3.25,1248,0.426,3,e3e2dc86f9a09c6b,0.445,2,1413,0.5,-0.2,28.4,66.6,5,Active,161,1409,5108,3.286,5
0.432,20.9,1.68,4,151.8,3,0,0.82,993,0.353,2,e3f7f107d042c4fe,0.381,1,1053,2.7,39.7,5.37,128.2,2,Active,15,98,241,0.0,1
0.442,30.3,0.28,1,2956.7,2,1,0.62,1315,0.515,4,563d01a8e8783b73,0.428,2,1315,0.5,73.8,8.77,116.1,3,Active,17,241,552,0.471,4
0.53,42.7,1.41,4,15.4,4,0,0.13,919,0.648,5,d2675f1cf6e9ca15,0.465,2,937,0.9,0.0,3.69,139.9,2,Active,5,140,313,0.4,4
0.39,14.7,0.95,3,1455.1,2,0,2.66,1306,0.404,3,29b0bba15a11f271,0.399,1,1340,0.4,9.9,22.33,118.2,3,Active,38,319,936,0.237,3
0.611,30.8,0.29,2,1275.9,2,1,1.01,1281,0.556,4,656e2ef11236dc1f,0.62,4,1300,1.6,14.0,12.96,95.4,5,Active,29,372,622,0.931,5
0.463,29.2,0.06,1,200.7,3,1,0.31,837,0.25,1,d474d0e5c54e5cab,0.433,2,991,0.2,-27.0,1.07,150.7,1,Active,9,31,67,0.889,5
0.579,74.4,0.47,2,4878.6,1,1,1.61,1934,0.511,4,e2586464e60f020f,0.592,4,1952,1.0,15.6,13.7,140.5,2,Active,118,1005,1846,1.407,5
0.611,49.2,1.21,4,795.2,3,0,2.96,1621,0.514,4,8b34743f1931751a,0.6,4,1852,14.7,12.5,33.29,79.3,5,Stopped,102,1148,2036,1.127,5
0.457,10.9,1.53,4,107.8,3,0,0.99,1397,0.351,2,c50807a21092581d,0.463,2,1407,1.1,12.0,5.59,162.9,1,Active,9,51,129,0.111,2
0.504,37.5,2.16,5,3.1,5,0,0.46,1689,0.379,2,0bb57ae49957b940,0.444,2,1846,0.2,-59.2,1.72,195.7,1,Active,17,64,139,0.0,1
0.455,49.6,0.02,1,2213.5,2,1,0.72,1201,0.296,2,0ab48b88a3bd5945,0.581,4,1326,4.4,5.8,7.63,104.3,4,Stopped,24,256,594,0.167,3
0.482,4.3,1.17,4,35.8,4,0,4.41,1200,0.308,2,2e63b9e3cec59e6b,0.589,4,1254,0.4,-3.3,16.86,107.7,4,Active,17,65,137,0.353,3
0.626,15.3,0.02,1,962.6,2,1,0.6,910,0.626,5,f768cb9a6c5d089e,0.558,4,910,3.1,0.0,10.87,114.4,3,Stopped,6,108,179,0.0,1
0.496,23.9,1.06,4,6955.5,1,0,1.44,791,0.531,4,33a98c9f0e79ef5d,0.488,3,939,2.2,-11.7,20.03,99.9,4,Active,29,404,855,0.759,4
0.5,15.8,0.73,3,40.8,4,0,0.49,1065,0.5,3,d07779f91bbaa77e,0.667,5,1148,1.1,-57.0,4.37,197.6,1,Active,7,63,156,0.143,3
0.498,35.7,1.1,4,2932.9,2,0,0.93,1470,0.492,3,d400f8a50308b6ca,0.53,3,1587,19.5,5.5,8.14,150.9,1,Stopped,15,132,285,0.667,4
0.464,104.2,1.03,3,5.4,5,0,0.21,2095,0.386,2,9b3c0b223006cf3f,0.414,2,2095,8.4,74.6,0.88,300.5,1,Stopped,20,84,183,0.15,3
0.529,17.5,0.35,2,2907.2,2,1,2.25,1530,0.539,4,3f8680850ea7b5ad,0.521,3,1546,0.6,29.0,63.26,108.9,4,Active,38,1069,2042,0.5,4
0.299,6.7,6.7,5,174.1,3,0,1.42,960,0.143,1,56aaa87c6a8b3d75,0.356,1,1045,0.4,54.0,3.63,136.3,2,Active,9,23,77,0.222,3
0.394,57.8,1.25,4,7556.7,1,0,1.65,1401,0.434,3,32ab9b7509f2faef,0.42,2,1411,20.8,20.8,27.96,79.9,5,Stopped,59,1001,2662,1.0,5
0.457,30.9,0.99,3,146.8,3,0,1.09,1515,0.393,2,0efa025f6a745440,0.471,2,1515,0.5,26.2,5.83,103.4,4,Active,25,134,304,0.56,4
0.481,29.6,0.37,2,4.3,5,1,2.28,1206,0.292,2,9973532ef7bb459d,0.51,3,1353,10.6,16.6,4.84,98.6,4,Stopped,41,87,181,0.0,1
0.627,27.4,1.88,4,73.6,4,0,1.15,1547,0.526,4,88fc46b273ef4b73,0.616,4,1565,1.8,47.0,7.89,140.5,2,Active,16,110,193,0.5,4
0.467,9.9,1.27,4,5.2,5,0,0.93,1168,1.0,5,e41da7d4dcb98764,0.727,5,1168,0.2,18.0,3.61,121.5,3,Active,9,35,75,0.0,1
0.397,35.7,0.12,1,16.0,4,1,0.44,2196,0.222,1,2ea1496f03f35aba,0.439,2,2196,12.7,122.0,2.18,215.4,1,Stopped,10,50,126,0.1,2
0.464,47.3,1.03,3,5.0,5,0,0.47,858,0.464,3,5fe95c23ecc5ab97,0.531,3,1053,0.4,-0.8,0.69,113.3,4,Active,22,32,69,0.0,1
0.512,11.1,0.73,3,1352.6,2,0,3.65,1366,0.539,4,81b84ea98f87a596,0.513,3,1441,0.0,-4.6,47.96,88.7,5,Active,40,526,1042,1.025,5
0.698,24.5,52.0,5,1414.1,2,0,0.78,1254,0.816,5,5c653313f4a8d898,0.617,4,1254,7.5,4.0,13.17,108.9,4,Stopped,13,220,318,2.462,5
0.496,24.3,1.21,4,11448.5,1,0,2.71,1640,0.414,3,32c62dea3819fc02,0.511,3,1640,0.0,30.0,28.7,70.9,5,Active,66,698,1451,0.333,3
0.659,4.3,1.64,4,272.9,3,0,3.84,1282,0.667,5,5fc2800ad138a0de,0.677,5,1282,0.0,34.0,20.65,102.4,4,Active,16,86,132,0.0,1
0.371,9.4,11.33,5,82.5,4,0,1.62,1467,0.255,1,fbdea6b12bad123d,0.412,2,1467,0.2,16.0,10.03,128.3,2,Active,15,93,259,0.133,2
0.421,67.2,0.18,1,862.6,2,1,0.14,2125,0.401,3,09ed7e2e93a26669,0.444,2,2141,4.5,0.0,5.6,222.3,1,Stopped,8,316,989,3.0,5
0.438,56.1,0.71,3,22.9,4,0,1.16,1667,0.321,2,197eb3b89a3cbe2f,0.444,2,2016,2.0,-18.7,4.43,119.5,3,Active,61,233,532,0.18,3
0.5,32.0,1.07,4,17.7,4,0,0.38,1009,0.0,1,2848da18609a12f0,0.452,2,1009,0.8,0.0,1.37,123.0,3,Active,8,29,58,0.0,1
0.686,60.6,0.35,2,240.4,3,1,0.12,836,0.0,1,b64742f3a7563022,0.676,5,948,0.0,-77.0,1.66,147.8,1,Active,7,100,153,0.143,3
0.483,31.9,0.08,1,970.1,2,1,0.94,1453,0.5,3,c8b065aeead6cea9,0.502,3,1453,10.8,24.7,12.13,114.1,3,Stopped,19,245,522,0.737,4
0.429,37.8,1.25,4,20.0,4,0,0.97,1124,0.259,1,ee85e529f019ccc6,0.519,3,1204,1.6,-16.4,3.01,104.1,4,Active,35,109,266,0.143,3
0.35,10.0,1.0,3,7.1,5,0,5.15,1122,0.0,1,25f09f3ee6236245,0.368,1,1122,2.0,0.0,12.02,129.5,2,Active,6,14,40,0.0,1
0.46,16.8,2.87,5,2505.6,2,0,0.67,1445,0.333,2,225a3c1524303da5,0.607,4,1560,0.5,68.5,4.83,156.4,1,Active,11,79,174,0.091,2
0.319,25.5,0.5,2,107.2,3,0,0.6,2079,0.204,1,0f35c2a6c00ce4f6,0.354,1,2079,0.4,-19.0,3.46,145.6,1,Active,15,87,276,0.067,2
0.515,22.6,0.94,3,578.6,3,0,2.32,1397,0.586,4,1887b673f762863c,0.557,4,1536,1.7,-3.8,11.38,76.9,5,Active,46,226,445,0.435,4
0.409,53.5,1.98,4,188.4,3,0,1.64,1294,0.165,1,2ea65ac8c22d5cbd,0.45,2,1317,6.9,16.5,5.6,83.9,5,Stopped,66,226,567,0.545,4
0.374,108.7,0.67,3,922.4,2,0,0.95,1726,0.326,2,2c98216b5f2c5c91,0.435,2,2117,58.4,4.8,4.87,229.8,1,Stopped,46,237,672,0.935,5
0.525,51.0,0.04,1,6401.0,1,1,0.33,744,0.4,3,4d23243193f3f141,0.489,3,904,2.6,7.5,5.27,116.0,3,Active,16,255,495,0.75,4
0.447,20.0,1.31,4,9088.3,1,0,2.59,1218,0.387,2,403513d8074d9141,0.427,2,1267,0.0,20.6,30.12,81.0,5,Active,46,536,1347,1.239,5
0.558,22.1,4.95,5,23.8,4,0,1.93,1076,0.535,4,2c44a2898e2d04c1,0.493,3,1333,0.3,4.3,12.83,91.8,5,Active,32,213,387,0.062,2
0.413,64.7,0.47,2,6770.2,1,1,1.45,1511,0.386,2,46546472ef671497,0.418,2,1528,6.2,4.6,22.28,73.6,5,Stopped,85,1303,3510,1.659,5
0.577,75.3,11.12,5,10.3,4,0,0.11,1398,0.467,3,ef5b74460e233348,0.63,4,1398,0.1,0.0,0.73,131.0,2,Active,8,55,97,0.0,1
0.483,19.7,0.95,3,587.4,3,0,0.65,1267,0.45,3,a6b40e400f8a0708,0.647,5,1267,1.1,21.0,5.72,123.3,3,Active,12,105,236,1.167,5
0.58,33.0,1.32,4,451.0,3,0,1.0,1088,0.66,5,cf27a21d47cdfbeb,0.614,4,1178,0.0,23.2,7.68,102.6,4,Active,33,253,452,1.0,5
0.488,30.8,0.28,1,3303.3,2,1,0.48,1378,0.492,3,0c86ab7c2a679767,0.596,4,1403,0.8,30.0,13.01,138.2,2,Active,14,376,815,0.286,3
0.604,20.2,1.02,3,1858.9,2,0,3.71,1146,0.64,5,0e80eb0afd91b405,0.636,4,1151,0.0,18.7,42.95,81.3,5,Active,47,544,914,0.809,5
0.544,177.9,2.56,5,9843.1,1,0,0.06,973,0.385,2,66e0b5519fe2beb0,0.471,2,1414,0.7,-41.6,0.47,403.4,1,Active,12,94,217,0.583,4
0.466,23.2,3.12,5,14000.0,1,0,0.23,1065,0.4,3,d696cb8b3eca9b39,0.533,3,1065,1.3,0.0,2.1,109.4,4,Active,5,46,103,0.2,3
0.313,85.5,0.54,2,2433.4,2,0,1.29,1731,0.252,1,188e6281e731a045,0.337,1,2142,2.8,-6.5,12.8,149.2,1,Active,106,1053,3483,0.217,3
0.493,14.7,1.31,4,7.3,5,0,0.85,1085,0.333,2,e6e6c9adb0385e51,0.571,4,1143,0.2,55.5,2.54,124.2,3,Active,11,33,67,0.0,1
0.464,11.1,1.38,4,1490.3,2,0,4.52,1275,0.496,3,301b07a4236f2cbc,0.448,2,1483,0.0,24.6,82.04,92.5,5,Active,50,908,2010,0.86,5
0.605,119.6,1.4,4,7869.9,1,0,0.54,2368,0.504,4,e977988cfb225200,0.655,5,2580,0.4,30.9,40.59,194.1,1,Active,64,4808,8269,0.828,5
0.265,10.6,0.51,2,15.8,4,0,1.39,1097,0.111,1,53d89eb570ceb87b,0.231,1,1097,0.4,0.0,3.38,115.2,3,Active,7,17,68,0.286,3
0.669,36.9,0.47,2,2620.9,2,1,1.14,1415,0.588,4,0905f4fdf2e02085,0.658,5,1415,0.0,8.8,15.08,112.7,4,Active,36,475,732,0.833,5
0.521,20.3,0.38,2,3194.8,2,1,1.37,1282,0.58,4,33b83ce084302661,0.498,3,1282,0.0,43.0,39.47,113.0,4,Active,15,431,873,0.4,4
0.586,37.0,3.13,5,1877.6,2,0,0.76,1640,0.588,4,9fb9ae6cc769abc4,0.564,4,1640,0.0,53.8,11.99,98.4,4,Active,28,440,835,0.786,4
0.555,19.8,1.01,3,2988.7,2,0,1.63,972,0.576,4,cf1bee138883daa5,0.575,4,1072,0.1,11.8,25.46,95.9,4,Active,29,452,853,0.448,4
0.498,11.6,0.61,2,37.0,4,0,4.91,1629,0.528,4,def0f8041c2af0cf,0.457,2,1629,0.4,13.4,23.68,118.5,3,Active,28,135,273,0.464,4
0.341,29.7,0.34,2,4306.8,1,1,1.8,1316,0.284,1,38114ddd7643919c,0.35,1,1404,1.3,17.1,13.63,83.1,5,Active,51,387,1286,0.941,5
0.457,15.5,1.59,4,842.3,3,0,0.69,952,0.412,3,b799b133871648b5,0.502,3,1054,0.1,113.0,31.24,171.7,1,Active,8,360,829,0.625,4
0.779,9.6,3.81,5,657.3,3,0,0.53,811,0.779,5,ddf3ccbbc15ad8a7,0.763,5,811,0.2,0.0,6.27,124.9,3,Active,5,59,77,0.8,5
0.514,93.7,0.57,2,397.6,3,0,0.36,2297,0.508,4,30c20b9dc000197c,0.537,3,2303,29.0,32.0,14.3,313.2,1,Stopped,23,926,1927,0.391,3
0.577,7.5,0.38,2,1293.0,2,1,3.79,1225,0.604,4,e70d2d9e3ca547f7,0.573,4,1363,0.2,19.6,44.59,113.0,4,Active,28,329,586,0.893,5
0.68,48.6,23.49,5,10062.6,1,0,0.97,1630,0.609,4,b03c1290ee2f6c66,0.701,5,1634,0.0,40.1,22.34,80.7,5,Active,46,1061,1714,1.261,5
0.523,38.2,0.26,1,504.4,3,1,3.01,1225,0.5,3,38ba907d5eb6e79c,0.542,3,1225,36.2,0.0,11.53,148.2,1,Stopped,6,23,44,0.5,4
0.535,5.4,0.32,2,570.0,3,1,2.24,1097,0.222,1,2df8e0c2acf56136,0.485,3,1292,1.0,-96.0,28.43,158.7,1,Active,10,127,275,0.0,1
0.55,8.0,3.54,5,7.7,5,0,2.66,1160,0.714,5,22bdbc2a487c3046,0.64,5,1166,0.0,0.0,17.74,140.3,2,Active,9,60,109,0.222,3
0.27,28.7,0.31,2,387.0,3,1,0.27,949,0.27,1,60d4186e92144825,0.333,1,956,0.5,0.0,0.77,127.9,2,Active,6,17,63,0.0,1
0.518,17.1,1.14,4,69.5,4,0,1.89,1615,0.494,3,510a27a60f4ce80d,0.554,4,1709,1.3,18.4,12.75,111.7,4,Active,30,202,396,0.233,3
0.473,33.8,1.08,4,442.7,3,0,0.82,870,0.5,3,e9176f1098b5a494,0.439,2,1009,0.2,26.3,3.38,126.1,3,Active,14,58,150,0.786,4
0.364,12.2,2.3,5,10.7,4,0,4.83,1228,0.5,3,56a0c156ce1def76,0.214,1,1228,4.8,0.0,11.59,123.2,3,Stopped,5,12,33,0.0,1
0.619,54.7,0.46,2,74.8,4,1,0.48,1623,0.545,4,fc9f4540ca3c85bb,0.608,4,1715,4.4,1.6,4.91,153.2,1,Stopped,24,247,431,0.5,4
0.56,10.3,0.5,2,6.3,5,0,2.42,787,0.154,1,83e2f62be072cffc,0.51,3,1156,0.4,-9.4,5.42,121.9,3,Active,21,47,84,0.048,2
0.606,37.9,0.73,3,4101.8,1,0,1.42,1859,0.507,4,944d2c2aae4a7ee3,0.645,5,1859,0.5,22.9,9.81,87.2,5,Active,53,367,635,0.415,4
0.371,15.2,1.61,4,132.4,3,0,0.9,1263,0.286,1,424c57826e271fc0,0.528,3,1263,0.8,-15.0,4.45,116.7,3,Active,13,64,175,0.154,3
0.498,45.4,4.54,5,55.6,4,0,1.39,1611,0.485,3,6ec205f9487eff53,0.511,3,1611,15.0,24.8,36.85,88.2,5,Stopped,40,1057,2415,2.25,5
0.478,197.6,8.79,5,1333.4,2,0,0.55,1603,0.371,2,c795f124915b6b0f,0.466,2,2011,0.5,1.8,4.3,171.2,1,Active,109,848,1851,0.963,5
0.477,33.3,5.84,5,79.5,4,0,0.24,1370,0.214,1,7aaf8e726beec22c,0.5,3,1418,0.4,0.0,1.85,148.9,1,Active,8,61,130,0.375,3
0.362,86.7,0.68,3,1859.7,2,0,0.6,962,0.43,3,176d32ed82e542c9,0.347,1,1434,0.4,-12.3,5.48,213.1,1,Active,52,473,1415,1.365,5
0.529,46.1,6.48,5,5014.9,1,0,0.77,1124,0.455,3,58ce6a2c6eb46e9c,0.518,3,1233,13.7,-8.8,3.06,132.8,2,Stopped,25,99,187,0.32,3
0.496,54.4,0.41,2,3551.0,1,1,1.45,941,0.567,4,097d98311e830a69,0.447,2,1198,26.7,13.2,6.61,87.5,5,Stopped,40,183,369,0.45,4
0.401,36.0,0.08,1,2584.3,2,1,0.66,644,0.401,3,bbd503189cd871f3,0.341,1,764,16.3,-6.3,3.11,118.6,3,Stopped,13,61,162,0.0,1
0.681,6.0,0.45,2,16.7,4,1,4.64,1540,0.417,3,8b282430a186bad8,0.602,4,1540,1.9,50.5,29.76,124.0,3,Active,19,122,185,0.263,3
0.532,33.7,0.09,1,48.5,4,1,0.6,540,0.532,4,3861effe045a3e1e,0.603,4,768,1.4,-18.6,3.95,130.4,2,Active,12,79,156,0.083,2
0.434,25.9,16.67,5,13.9,4,0,0.31,1122,0.167,1,36636e3255cb0fca,0.371,1,1153,0.4,0.0,0.9,124.7,3,Active,8,23,53,0.125,2
0.396,20.0,0.44,2,12.4,4,1,1.01,1100,0.5,3,0a18fdc744fd721f,0.368,1,1243,1.2,-0.8,3.6,156.5,1,Active,12,43,111,0.25,3
0.595,20.8,0.28,1,801.0,3,1,1.06,985,0.667,5,c2c4476e9b2eb018,0.583,4,1041,0.4,-4.8,8.15,118.5,3,Active,18,139,237,0.667,4
0.47,17.4,7.33,5,199.5,3,0,1.25,1374,0.5,3,ddbd76d71b0da4e9,0.633,4,1474,8.4,-12.0,6.55,169.7,1,Stopped,8,42,100,0.875,5
0.581,67.8,0.58,2,1924.5,2,0,0.92,1135,0.447,3,b1050d6413a552ca,0.55,4,1217,5.9,16.5,8.63,78.3,5,Stopped,57,533,1005,0.825,5
0.433,53.8,0.02,1,18.6,4,1,0.89,889,0.2,1,cd3fda89bc7ad4d6,0.485,3,957,34.1,1.8,4.06,135.8,2,Stopped,12,55,134,0.0,1
0.364,20.1,0.37,2,6677.1,1,1,1.95,997,0.488,3,f4960e5d7b03d463,0.38,1,1046,1.6,21.8,20.75,85.3,5,Active,36,383,1079,0.528,4
0.535,44.5,0.93,3,2887.5,2,0,1.83,2135,0.478,3,8a27c3897c873be8,0.548,4,2136,0.1,19.3,105.19,113.5,3,Active,71,4074,8242,1.93,5
0.42,54.0,0.01,1,791.4,3,1,0.91,1305,0.328,2,34b1141c7fc4d065,0.412,2,1408,0.4,22.6,6.85,82.9,5,Active,49,367,1116,1.347,5
0.428,63.4,0.26,1,12685.1,1,1,1.19,984,0.385,2,f5025f05f5a977cf,0.375,1,1006,10.7,-0.1,9.1,89.6,5,Stopped,59,450,1130,0.102,2
0.544,87.6,4.43,5,39.0,4,0,1.35,1730,0.459,3,b924787f34379407,0.615,4,2168,0.0,8.9,9.56,82.4,5,Active,118,837,1574,0.28,3
0.656,6.6,0.49,2,16.5,4,1,2.63,1113,0.0,1,0a7a1ce79a83a421,0.717,5,1140,0.4,31.0,13.47,143.0,2,Active,16,82,128,0.062,2
0.393,10.2,0.17,1,51.6,4,1,1.03,818,0.393,2,ed1b259b4eec0340,0.343,1,878,0.2,-28.5,4.53,134.5,2,Active,8,35,89,0.0,1
0.435,10.1,4.11,5,39.7,4,0,1.95,1212,0.357,2,c7907f16e1b3f1a6,0.453,2,1244,0.0,-1.8,14.93,116.9,3,Active,18,138,317,0.278,3
0.367,31.5,1.39,4,5407.7,1,0,2.51,1909,0.32,2,cfc4bc9d284d7cd7,0.382,1,1909,0.0,0.6,36.79,73.6,5,Active,79,1156,3495,1.646,5
0.5,1.2,1.33,4,0.3,5,0,5.0,1036,0.5,3,432ece0efd82350a,0.4,1,1036,0.5,0.0,7.0,109.5,4,Active,5,7,14,0.0,1
0.497,86.7,0.92,3,6878.7,1,0,2.16,1852,0.424,3,dfac73257fd51d5d,0.52,3,1937,1.3,17.6,22.79,128.2,2,Active,168,1770,3739,1.119,5
0.499,21.8,703.0,5,2074.8,2,0,1.62,1287,0.429,3,8b05c8ef74004251,0.517,3,1303,0.2,6.1,15.3,87.8,5,Active,35,331,704,0.657,4
0.389,20.3,19.8,5,14629.3,1,0,0.3,981,0.389,2,e946023e8dd226b3,0.437,2,981,0.0,0.0,3.95,117.2,3,Active,6,80,208,0.167,3
0.468,8.2,4.48,5,1943.4,2,0,1.12,907,0.0,1,f9405a70650fa414,0.439,2,979,0.2,-22.0,7.34,136.3,2,Active,9,59,126,0.222,3
0.67,103.6,2.28,5,14.3,4,0,0.21,1130,0.353,2,7d40360cf8191483,0.788,5,1429,14.7,-1.2,1.46,327.9,1,Stopped,19,130,200,0.421,4
0.449,7.0,0.86,3,982.7,2,0,3.47,1142,0.474,3,1a28a1c31b7c1096,0.441,2,1191,0.3,-2.8,19.62,116.1,3,Active,23,130,305,1.217,5
0.452,6.2,1.73,4,65.9,4,0,0.84,1150,0.366,2,55de8785409a79ec,0.494,3,1150,0.3,0.0,19.56,127.1,3,Active,5,116,303,0.0,1
0.465,18.5,0.13,1,2499.7,2,1,1.26,994,0.429,3,bb0ad327ee66828b,0.414,2,1102,1.1,-6.4,7.18,108.3,4,Active,22,125,282,0.273,3
0.546,10.1,0.94,3,11170.4,1,0,2.26,995,0.448,3,bf3b48f37e92ba15,0.519,3,1016,0.2,-2.1,17.64,108.2,4,Active,21,164,302,0.143,3
0.738,15.2,0.64,3,738.0,3,0,0.4,1568,0.77,5,bd5efab4ba76e59c,0.758,5,1568,0.0,0.0,36.46,149.7,1,Active,6,553,817,0.0,1
0.314,21.1,0.22,1,3232.0,2,1,1.68,759,0.5,3,56410a702131b1ee,0.331,1,890,2.8,-0.2,9.48,90.9,5,Active,30,169,548,0.2,3
0.726,148.5,3.01,5,6201.8,1,0,0.09,1363,0.627,5,c0fc5b3336fdae6a,0.824,5,1615,0.9,-11.9,1.15,444.4,1,Active,13,169,449,0.538,4
0.571,17.2,1.42,4,269.5,3,0,0.54,916,1.0,5,c079ce5b3e236000,0.6,4,972,0.5,-5.0,2.16,124.6,3,Active,9,36,63,0.0,1
0.349,34.9,0.03,1,116.6,3,1,0.64,1875,0.259,1,e22096cc433758c4,0.408,2,1875,13.4,96.0,8.53,167.5,1,Stopped,13,174,697,3.308,5
0.491,51.2,0.03,1,21.3,4,1,0.23,1136,0.432,3,bf5bf75c46a8a45e,0.465,2,1214,1.3,9.5,2.3,154.1,1,Active,10,102,212,0.2,3
0.617,20.2,0.63,3,38.8,4,0,1.5,1418,0.594,4,cbb4a024e0e18358,0.63,4,1420,0.8,12.3,16.0,95.9,4,Active,22,234,389,0.318,3
0.504,22.7,0.36,2,6353.6,1,1,0.27,2041,0.405,3,0a52b2dcad39a098,0.596,4,2041,0.5,0.0,2.53,216.0,1,Active,6,56,113,0.5,4
0.469,31.6,1.18,4,830.6,3,0,2.78,1728,0.341,2,bfa7b9d47b644dd8,0.462,2,1843,0.4,10.5,16.29,87.6,5,Active,69,404,861,0.304,3
0.359,10.0,5.88,5,1004.4,2,0,1.34,1226,0.444,3,ae33fe18f43a7186,0.444,2,1226,0.8,57.0,5.23,128.8,2,Active,10,39,117,0.5,4
0.399,27.2,0.3,2,549.4,3,1,0.88,910,0.375,2,b78fd172cae6f343,0.443,2,910,1.0,14.1,4.12,102.8,4,Active,23,108,298,0.565,4
0.359,51.3,0.18,1,1077.8,2,1,0.3,1055,0.36,2,78f6c1488facce18,0.298,1,1086,1.0,1.3,1.98,116.6,3,Active,15,99,315,0.8,5
0.708,15.6,0.87,3,1316.2,2,0,1.52,877,1.0,5,9db4e90d64cbaf99,0.681,5,1004,1.5,-27.8,15.54,119.8,3,Active,18,184,380,0.222,3
0.388,12.2,0.55,2,18.6,4,0,0.73,1119,0.2,1,86e78b1b6dc359ea,0.469,2,1238,0.5,0.0,3.03,150.1,1,Active,8,33,85,0.0,1
0.61,2.4,1.83,4,532.5,3,0,3.64,1255,0.8,5,ba5a315ffeb1cd78,0.595,4,1255,0.2,0.0,21.37,107.5,4,Active,8,47,82,0.0,1
0.436,20.3,1.48,4,2895.9,2,0,1.76,1141,0.447,3,68e7396feb3f1d09,0.464,2,1198,0.3,6.2,24.64,88.9,5,Active,31,434,1006,0.645,4
0.671,20.3,2.29,5,4378.0,1,0,0.85,1372,0.75,5,c1b9e27c71007546,0.657,5,1375,0.2,23.6,25.09,129.9,2,Active,17,501,846,0.588,4
0.536,48.2,0.34,2,28079.5,1,1,0.63,1411,0.57,4,2f8d4376641d5f41,0.546,4,1411,3.6,22.5,7.95,89.8,5,Stopped,28,354,674,0.536,4
0.514,39.1,1.07,4,2670.0,2,0,0.98,776,0.5,3,5df8d77051e55073,0.526,3,975,0.5,0.5,25.37,98.8,4,Active,36,936,2336,1.833,5
0.514,8.6,0.81,3,2410.9,2,0,5.08,1119,0.448,3,270bcbe949467477,0.494,3,1373,0.0,13.6,76.21,83.6,5,Active,42,630,1495,0.762,4
0.272,34.1,0.98,3,3.9,5,0,0.35,979,0.0,1,f2bc0d3d5aa2d469,0.241,1,979,0.4,118.0,1.21,134.3,2,Active,8,28,103,0.0,1
0.562,33.9,1.59,4,16719.4,1,0,0.36,780,0.333,2,ef55647a6955de50,0.586,4,930,0.3,3.5,2.54,134.8,2,Active,12,85,153,0.0,1
0.458,46.6,0.0,1,3861.4,1,1,0.31,942,0.333,2,06d5ac907cd0e762,0.451,2,1022,3.9,36.0,6.73,124.3,3,Stopped,13,283,697,2.0,5
0.4,105.3,0.48,2,82.2,4,1,0.2,1429,0.278,1,1fa6cb250e34c9fd,0.494,3,1479,46.2,2.8,2.0,382.9,1,Stopped,12,118,310,0.333,3
0.557,36.3,0.07,1,147.9,3,1,1.07,921,0.467,3,20d5ae277b8c9f1f,0.5,3,1102,11.8,-7.4,9.2,102.4,4,Stopped,26,223,409,0.885,5
0.353,12.8,1.74,4,101.4,3,0,0.63,1289,0.312,2,1721b365013fe337,0.327,1,1289,0.1,0.0,2.21,111.5,4,Active,8,28,85,0.125,2
0.605,18.8,2.06,4,53.8,4,0,1.31,1327,0.525,4,eab4450a523258b7,0.548,4,1366,1.3,-13.9,11.01,122.6,3,Active,23,193,324,0.261,3
0.692,39.0,0.55,2,1444.9,2,0,2.07,1146,0.647,5,1bcd7a4bacc1fbc7,0.674,5,1216,1.3,-1.0,21.22,65.6,5,Active,77,788,1154,0.844,5
0.685,20.7,0.88,3,263.7,3,0,1.51,1534,0.533,4,3b8f3b03ce4dfe68,0.672,5,1572,0.2,34.7,11.93,89.6,5,Active,31,245,359,0.0,1
0.522,22.9,1.87,4,70.1,4,0,0.41,901,0.5,3,8c34eb3b8286f2c8,0.476,2,969,0.8,36.5,6.77,131.4,2,Active,9,149,301,0.222,3
0.456,20.5,0.43,2,2137.7,2,1,3.41,1464,0.452,3,9c1a3b6efe90936b,0.466,2,1464,0.5,22.0,48.22,76.5,5,Active,68,961,2163,1.132,5
0.696,22.9,1.17,4,1903.1,2,0,0.65,1264,0.771,5,06176c5987771e33,0.732,5,1264,6.0,81.0,15.98,138.2,2,Stopped,11,270,395,0.364,3
0.412,51.4,0.01,1,11403.8,1,1,0.95,1179,0.493,3,f5b6c36600995101,0.359,1,1299,0.7,9.1,6.86,77.9,5,Active,48,348,898,0.667,4
0.452,28.9,0.03,1,509.9,3,1,0.28,929,0.5,3,a30ad457bd56073e,0.556,4,952,0.5,0.0,3.56,138.5,2,Active,8,101,230,0.125,2
0.311,53.1,0.09,1,8239.9,1,1,0.36,837,0.19,1,73bbf2deb51e9613,0.378,1,853,5.2,-7.1,2.37,117.8,3,Stopped,15,100,357,0.133,2
0.533,8.3,0.61,2,286.6,3,0,1.85,935,0.581,4,10c1ab58b1b1117c,0.53,3,1007,0.8,24.7,29.54,123.2,3,Active,13,208,424,1.308,5
0.282,54.6,5.2,5,117374.5,1,0,0.14,1130,0.273,1,ffbbefd5328d7a09,0.253,1,1263,3.0,-16.0,0.64,225.0,1,Stopped,7,33,124,0.0,1
0.557,34.2,1.59,4,68.5,4,0,0.44,1271,0.167,1,edea7b9d97b1d32c,0.656,5,1356,0.2,-4.6,1.14,144.7,1,Active,15,39,70,0.2,3
0.43,106.3,0.33,2,5848.2,1,1,1.18,1516,0.296,2,49f15182e08329ea,0.408,2,1848,12.3,1.1,8.72,153.2,1,Stopped,110,811,1894,0.118,2
0.624,5.1,4.47,5,1081.5,2,0,3.11,951,0.624,5,8ee99d4b72010a1a,0.605,4,983,2.9,0.0,24.03,132.7,2,Active,7,54,93,0.0,1
0.428,49.7,0.01,1,307.0,3,1,1.34,1707,0.365,2,c8f029cde678ce93,0.43,2,1707,1.1,7.6,8.68,96.4,4,Active,65,422,1106,1.123,5
0.554,20.4,1.1,4,1299.8,2,0,2.11,1302,0.629,5,38fda70a151369c6,0.511,3,1369,0.2,15.5,30.22,81.8,5,Active,38,545,1213,0.474,4
0.53,96.2,11.27,5,37.3,4,0,0.43,1797,0.317,2,aedb9052258590db,0.5,3,1797,2.1,-2.6,2.42,264.4,1,Active,34,193,368,0.324,3
0.705,95.5,0.13,1,0.9,5,1,0.09,2199,0.714,5,912c681c60cc53e1,0.741,5,2306,2.0,68.0,0.45,604.7,1,Active,8,42,61,0.0,1
0.435,10.2,0.1,1,5.7,5,1,2.96,868,0.435,3,85e4c7be8d3ca19a,0.5,3,891,7.5,32.5,3.7,144.3,1,Stopped,8,10,23,0.0,1
0.619,39.3,2.98,5,2884.4,2,0,0.32,1475,0.421,3,c13fe8d5964b2256,0.634,4,1537,0.1,100.5,3.68,137.4,2,Active,11,126,231,0.182,3
0.538,16.1,0.25,1,975.0,2,1,0.45,1478,0.526,4,dca1007c51a625c1,0.549,4,1500,0.4,0.0,16.8,188.4,1,Active,7,264,626,0.0,1
0.489,9.2,1.14,4,11.8,4,0,1.81,1384,0.25,1,d709775f130d1d7d,0.52,3,1384,1.6,0.0,6.95,151.6,1,Active,6,23,47,0.0,1
0.403,17.8,0.63,3,120.0,3,0,1.24,1123,0.294,2,83a959c82d0ed20a,0.431,2,1180,0.0,21.6,10.04,107.6,4,Active,22,178,442,0.0,1
0.479,35.5,0.37,2,54.4,4,1,1.02,660,0.5,3,9293d295efd5fe47,0.543,4,819,24.7,-34.3,2.98,130.0,2,Stopped,11,32,71,0.182,3
0.695,18.0,0.32,2,2.2,5,1,0.45,1201,0.667,5,700a1fbf3a960b42,0.676,5,1201,3.8,0.0,4.81,121.1,3,Stopped,6,64,95,0.0,1
0.253,22.4,0.02,1,52.7,4,1,0.41,877,0.36,2,9bb0fade29592169,0.276,1,932,0.4,75.0,1.97,133.7,2,Active,9,43,186,0.111,2
0.435,36.1,0.1,1,2741.6,2,1,0.89,1459,0.405,3,023e126936b09530,0.464,2,1459,1.3,29.3,10.04,84.9,5,Active,31,349,851,1.129,5
0.574,17.2,0.78,3,5245.9,1,0,2.29,1425,0.598,4,bd843a267cd3024c,0.567,4,1485,0.4,33.5,27.15,98.2,4,Active,36,426,742,0.972,5
0.576,46.6,0.7,3,3974.7,1,0,2.04,1505,0.54,4,87c722388d7136b3,0.584,4,1618,4.8,22.0,12.33,76.4,5,Stopped,85,514,900,0.682,4
0.612,7.6,0.15,1,26.0,4,1,2.22,1685,0.648,5,e314c61aa07d1939,0.525,3,1685,0.8,44.3,32.21,148.7,1,Active,15,218,358,0.4,4
0.698,18.1,0.65,3,6572.8,1,0,1.98,878,1.0,5,063b92c3e6b4e65a,0.542,3,917,11.2,-10.5,14.68,127.4,2,Stopped,12,89,129,0.083,2
0.499,17.5,0.45,2,3247.2,2,1,1.4,1300,0.396,3,e85f6bc4945311cd,0.478,3,1300,0.4,-1.5,17.93,102.9,4,Active,24,307,615,0.083,2
0.412,44.2,11.14,5,10.1,4,0,0.41,806,0.0,1,33875073f7c049c8,0.34,1,833,24.6,12.0,1.74,134.2,2,Stopped,8,34,85,0.0,1
0.46,30.7,1.0,3,11034.4,1,0,0.47,963,0.5,3,6040f9a53f37c39b,0.455,2,1034,3.0,-16.2,14.06,124.9,3,Active,13,390,870,0.385,3
0.508,13.5,0.42,2,5.9,5,1,1.44,790,0.508,4,c38d24104a546279,0.615,4,832,2.7,0.6,3.43,126.7,3,Active,13,31,61,0.0,1
0.423,4.7,0.69,3,1979.0,2,0,1.88,919,0.0,1,2cd7d3ec46db1898,0.393,1,919,0.0,35.0,15.56,133.9,2,Active,7,58,137,0.0,1
0.378,31.9,0.62,2,10.7,4,0,1.03,1268,0.75,5,c644962415425660,0.593,4,1337,0.5,11.5,4.53,147.9,1,Active,12,53,143,0.25,3
0.498,13.0,0.77,3,4889.1,1,0,2.1,1483,0.506,4,250037cd0d8d76c9,0.512,3,1517,0.1,21.8,33.38,105.1,4,Active,26,414,857,0.423,4
0.549,13.7,2.31,5,2338.4,2,0,1.45,1027,0.613,5,b5163a6a15a4f3aa,0.532,3,1027,0.3,47.8,26.33,104.1,4,Active,19,346,708,1.105,5
0.575,22.1,2.48,5,4.5,5,0,2.04,1117,0.348,2,5e47305446f8ac40,0.6,4,1259,1.8,3.8,6.23,92.5,5,Active,41,125,226,0.049,2
0.569,54.6,0.85,3,17.9,4,0,0.71,1267,0.375,2,e1de33149f3a4c7d,0.562,4,1495,0.2,34.0,2.3,95.3,5,Active,36,117,211,0.0,1
0.556,23.2,0.03,1,25.0,4,1,1.16,1390,0.375,2,d293f4c0ec541d6d,0.628,4,1491,0.5,4.1,4.56,110.8,4,Active,25,98,180,0.2,3
0.437,26.8,0.35,2,1922.2,2,1,1.1,1078,0.286,1,962611bdefe08f94,0.437,2,1212,14.5,-15.5,13.02,155.5,1,Stopped,9,107,245,0.0,1
0.397,31.6,0.04,1,14007.4,1,1,0.97,1252,0.3,2,aea6745429ff86ea,0.362,1,1252,0.7,29.3,11.88,95.0,5,Active,30,367,926,0.6,4
0.513,10.2,0.3,2,102.1,3,1,0.62,982,0.4,3,d1320f663dbc09ca,0.522,3,1010,0.5,0.0,1.85,142.9,2,Active,6,18,39,0.5,4
0.495,16.9,0.6,2,10267.6,1,0,0.37,967,0.455,3,559d95a46192a785,0.5,3,998,0.4,0.0,5.32,156.8,1,Active,6,87,192,0.833,5
0.537,17.7,4.59,5,41.7,4,0,0.51,1408,0.425,3,fe5b27c012000829,0.495,3,1491,0.5,0.0,7.58,141.4,2,Active,8,118,229,1.375,5
0.511,96.1,0.48,2,11076.7,1,1,0.26,1915,0.498,3,9730ab105cac6b15,0.589,4,1915,2.8,27.5,14.29,277.3,1,Active,24,1334,3334,2.667,5
0.584,17.7,0.29,2,13.6,4,1,1.21,1222,0.625,5,ca854fcb736b2f42,0.625,4,1387,5.2,-22.2,3.94,141.7,2,Stopped,15,49,89,0.4,4
0.494,23.1,0.75,3,420.5,3,0,2.58,1642,0.557,4,58d58fb0eba420ad,0.483,3,1642,5.9,21.9,35.44,106.7,4,Stopped,44,605,1279,1.0,5
0.389,6.4,0.2,1,498.8,3,1,1.55,955,0.233,1,d6fbdb80cc1acb1a,0.333,1,955,1.1,0.0,8.27,114.3,3,Active,6,32,95,1.5,5
0.42,27.1,0.23,1,4057.2,1,1,1.49,1304,0.305,2,c71980d16517a768,0.409,2,1304,1.0,14.9,18.66,89.1,5,Active,39,488,1187,0.667,4
0.761,10.8,3.47,5,2.6,5,0,1.47,1960,0.727,5,3fa55bdbab5c7990,0.758,5,1960,0.2,0.0,5.75,127.5,2,Active,13,51,67,0.0,1
0.546,65.8,0.24,1,6627.5,1,1,2.68,1583,0.462,3,4c81b6b3db158985,0.577,4,2002,0.2,8.6,16.14,73.5,5,Active,174,1049,2001,1.0,5
0.486,22.2,5.06,5,5680.4,1,0,0.3,989,0.5,3,8e0af9031f0c3278,0.469,2,989,2.1,0.0,4.62,133.9,2,Active,6,93,212,0.833,5
0.566,20.8,0.12,1,5748.7,1,1,0.79,677,0.333,2,6b1bb63439489058,0.49,3,988,0.2,-29.6,9.91,121.7,3,Active,16,202,399,0.188,3
0.481,21.1,1.49,4,3185.6,2,0,2.89,1613,0.424,3,01c389c92bdb93ec,0.508,3,1613,0.0,23.9,67.22,78.6,5,Active,55,1281,2753,0.727,4
0.59,11.8,1.02,3,869.6,2,0,0.95,1839,0.625,5,b6753eb953c3bd48,0.671,5,1839,1.3,150.0,23.24,159.2,1,Active,10,244,541,3.0,5
0.547,20.9,0.71,3,2518.8,2,0,0.53,1683,0.6,4,44bcbcefbc6d94f1,0.569,4,1683,0.2,0.0,24.8,108.1,4,Active,11,510,946,0.909,5
0.521,28.6,0.29,2,1368.3,2,1,0.38,1000,0.429,3,65586f3bae07ddbc,0.511,3,1038,6.4,0.0,12.09,132.0,2,Stopped,7,220,449,1.0,5
0.448,7.1,0.91,3,72.2,4,0,1.33,1407,0.485,3,54ad35fa91eb11e9,0.468,2,1571,0.4,0.0,13.35,170.1,1,Active,9,90,252,0.333,3
0.553,22.1,0.88,3,567.8,3,0,0.51,1411,0.465,3,4ca60aecd0683413,0.512,3,1411,0.1,10.5,25.78,152.3,1,Active,10,501,940,1.5,5
0.514,21.8,2.02,4,24.1,4,0,0.99,1357,0.545,4,f2a7d214c184df56,0.522,3,1422,1.3,25.0,6.55,127.9,2,Active,20,132,278,0.0,1
0.366,41.6,0.27,1,2071.4,2,1,0.59,1216,0.227,1,6be049cd9c812544,0.357,1,1219,0.6,-13.6,5.93,100.9,4,Active,24,243,752,1.417,5
0.451,24.4,2.18,5,5260.3,1,0,2.62,1491,0.47,3,820f1ed17591c371,0.491,3,1673,0.0,30.4,29.74,76.9,5,Active,63,716,2157,3.016,5
0.659,17.6,0.15,1,1932.5,2,1,0.9,1292,0.545,4,99ec7a3bb3c24dd6,0.713,5,1494,2.0,-24.2,10.64,137.2,2,Active,14,166,255,0.143,3
0.396,24.2,0.25,1,3472.7,1,1,1.58,1663,0.252,1,08818cb8f988108c,0.428,2,1737,0.2,17.9,13.96,117.8,3,Active,38,336,922,0.553,4
0.458,32.7,0.66,3,1490.3,2,0,2.09,1365,0.367,2,c71f1fbdca8eef14,0.475,2,1439,0.7,21.5,27.3,85.7,5,Active,67,874,2260,2.104,5
0.433,32.6,0.58,2,10727.4,1,0,4.94,1426,0.409,3,6df414b7cf77644f,0.429,2,1530,0.0,10.1,43.24,69.2,5,Active,149,1304,3358,1.336,5
0.543,24.2,1.01,3,1308.7,2,0,1.16,1716,0.49,3,bc3f01365c2b5be2,0.559,4,1820,0.0,31.9,21.22,123.8,3,Active,28,514,974,0.25,3
0.432,11.2,0.57,2,8.0,4,0,0.79,1162,0.0,1,84c00190e574ceb2,0.714,5,1174,1.1,101.0,1.88,152.1,1,Active,8,19,44,0.0,1
0.412,65.0,28.75,5,5.9,5,0,0.44,1203,0.333,2,eaededc3bb2760c2,0.512,3,1238,6.7,29.0,1.36,119.0,3,Stopped,16,49,119,0.0,1
0.473,17.4,3.01,5,15.0,4,0,1.96,1303,0.528,4,406712f6045445f1,0.542,3,1449,0.0,6.9,16.4,88.9,5,Active,34,285,621,0.176,3
0.633,16.8,0.76,3,539.2,3,0,3.46,1045,0.833,5,422044174f7fda88,0.732,5,1176,7.6,-0.3,31.96,133.8,2,Stopped,12,111,180,0.75,4
0.3,134.3,0.1,1,314.6,3,1,0.24,1499,0.196,1,58e9fb1de59389b7,0.383,1,1663,0.0,27.2,2.04,262.6,1,Active,32,274,949,1.219,5
0.654,8.1,2.78,5,413.6,3,0,1.88,1456,0.588,4,a99e45309c5f12e4,0.592,4,1514,0.6,7.3,48.37,146.5,1,Active,14,361,586,1.643,5
0.593,18.5,0.27,1,139.2,3,1,0.71,657,0.75,5,43175e2e4b9f6b4d,0.568,4,834,1.5,-15.4,4.84,134.0,2,Active,12,82,140,0.25,3
0.528,4.5,2.56,5,4751.8,1,0,1.46,1012,1.0,5,2e88ea01add53b33,0.595,4,1012,0.2,0.0,11.22,118.8,3,Active,6,46,89,0.5,4
0.446,15.4,0.29,2,1971.7,2,1,3.53,1200,0.75,5,78fecea2ea4675ac,0.345,1,1257,0.9,44.0,15.9,148.0,1,Active,12,54,121,0.333,3
0.355,39.2,0.33,2,1379.3,2,1,0.77,1294,0.271,1,bef870e943f7a8d9,0.384,1,1318,1.6,16.2,15.3,110.5,4,Active,24,477,1371,1.042,5
0.343,6.9,1.58,4,646.7,3,0,1.88,1027,0.36,2,3e06591bd8345cdb,0.414,2,1027,1.1,88.0,7.54,133.5,2,Active,11,44,134,0.545,4
0.608,26.1,0.63,3,2.5,5,0,0.72,2133,0.507,4,70c26a1b07eab72c,0.632,4,2202,1.0,77.8,4.23,227.9,1,Active,18,106,181,0.222,3
0.418,50.4,0.81,3,3082.0,2,0,0.66,1127,0.34,2,22f7b3dbc8202892,0.4,1,1304,0.1,-10.2,3.36,106.0,4,Active,33,167,402,0.273,3
0.493,32.0,0.48,2,2239.7,2,1,0.65,1446,0.492,3,43fe4f8d608e0963,0.507,3,1446,1.1,38.2,21.02,111.2,4,Active,20,650,1506,1.8,5
0.456,14.5,11.67,5,11.0,4,0,1.15,1468,0.25,1,1228d5451a94577d,0.5,3,1484,1.3,134.7,4.27,165.5,1,Active,14,52,114,0.0,1
0.368,6.9,24.33,5,10.3,4,0,1.06,1271,0.222,1,2e5783f7757353cb,0.448,2,1280,0.3,0.0,4.22,128.5,2,Active,7,28,76,0.0,1
0.42,33.7,1.67,4,10.5,4,0,0.15,1081,0.531,4,a6211cfbee74060b,0.345,1,1081,0.8,0.0,2.16,163.3,1,Active,5,71,176,0.0,1
0.36,18.8,4.78,5,1762.9,2,0,0.77,1207,0.51,4,879d357eb9a2ad29,0.343,1,1207,0.0,23.0,8.09,111.7,4,Active,14,147,428,0.0,1
0.426,25.8,0.56,2,1385.2,2,0,2.52,1045,0.33,2,5345a4f31e82b886,0.392,1,1227,0.4,-2.1,12.97,86.5,5,Active,64,330,799,0.594,4
0.453,10.2,3.78,5,9.9,4,0,1.7,989,0.333,2,1917e2800db2c19c,0.724,5,1013,0.4,25.5,4.19,116.7,3,Active,15,37,86,0.0,1
0.468,35.0,0.32,2,5958.8,1,1,0.66,635,0.291,1,435bdc2c1946dcb0,0.478,3,956,7.6,-20.1,8.89,125.7,3,Stopped,18,241,539,0.333,3
0.507,20.4,1.03,3,469.9,3,0,0.8,1456,0.473,3,847700ee1b30d8bb,0.568,4,1506,0.3,-1.8,12.9,136.9,2,Active,16,259,627,1.375,5
0.454,13.7,0.26,1,185.8,3,1,1.46,1112,0.5,3,e33bdc5338f0a708,0.435,2,1112,2.7,12.0,14.91,115.4,3,Active,16,163,370,0.188,3
0.553,23.3,0.81,3,2365.0,2,0,2.76,1455,0.548,4,36606c9c3bd0f9f0,0.59,4,1460,0.4,-2.7,39.69,79.1,5,Active,62,893,1671,1.629,5
0.363,68.3,0.18,1,12923.6,1,1,1.93,1328,0.294,2,6ab5d9db63a66285,0.394,1,1438,3.4,2.9,10.8,69.0,5,Stopped,120,672,2021,0.4,4
0.537,46.5,4.41,5,7907.2,1,0,1.5,1338,0.549,4,4468e9092ecb2cf7,0.537,3,1388,0.3,16.6,30.1,67.6,5,Active,69,1382,2641,1.391,5
0.48,23.5,0.61,2,687.5,3,0,0.67,1064,0.222,1,0c5bef3031db213b,0.497,3,1071,0.8,12.3,11.84,114.6,3,Active,13,230,519,0.615,4
0.477,34.0,0.06,1,227.2,3,1,1.14,1254,0.328,2,03e55b0d0b39ae70,0.472,2,1362,1.1,14.2,4.97,117.9,3,Active,37,161,346,0.622,4
0.574,12.2,2.13,4,4.1,5,0,1.58,1149,0.0,1,544b2b6cdc97b3f3,0.667,5,1207,0.2,0.0,5.33,120.4,3,Active,8,27,47,0.125,2
0.53,53.4,1.09,4,2.4,5,0,1.08,828,0.5,3,8f75d7806679ccb1,0.518,3,1073,0.5,6.3,1.17,90.1,5,Active,57,62,117,0.0,1
0.473,30.7,1.09,4,5.2,5,0,0.46,795,1.0,5,86c8f51404f5b1b6,0.444,2,797,8.8,0.0,8.85,129.6,2,Stopped,5,97,207,0.0,1
0.52,11.3,2.14,4,1138.1,2,0,1.25,1072,0.522,4,a1504d605ce79312,0.514,3,1072,0.1,13.3,18.6,115.3,3,Active,14,208,402,0.429,4
0.676,33.2,0.29,2,1036.2,2,1,0.83,1701,0.745,5,5fc0cea1e35f803b,0.683,5,1701,0.1,30.1,11.14,108.3,4,Active,27,361,552,0.333,3
0.333,5.9,3.0,5,29754.7,1,0,1.05,904,0.125,1,942ab80e226083ea,0.364,1,950,0.2,-39.0,1.4,142.7,2,Active,6,8,24,0.0,1
0.529,44.0,1.49,4,2003.7,2,0,1.86,1267,0.465,3,1aaf6340dce02eab,0.552,4,1370,5.1,6.1,6.16,78.4,5,Stopped,67,222,433,0.448,4
0.406,27.7,1.61,4,224.0,3,0,1.31,1468,0.184,1,ba386e5038244505,0.468,2,1468,0.5,-2.3,6.73,85.4,5,Active,29,149,421,0.345,3
0.464,25.5,1.52,4,6402.3,1,0,0.79,1015,0.33,2,2e8b05afe81648e4,0.531,3,1037,0.1,16.4,20.0,118.7,3,Active,20,508,1111,0.65,4
0.519,31.9,0.13,1,1749.0,2,1,1.09,1352,0.45,3,0bf20b9461690e48,0.55,4,1417,1.0,9.2,18.34,100.2,4,Active,33,554,1125,1.545,5
0.516,17.4,1.8,4,642.2,3,0,0.49,1019,0.65,5,74465033f63bb796,0.635,4,1069,0.7,-12.0,7.65,148.8,1,Active,8,125,258,0.5,4
0.479,81.4,0.02,1,5295.9,1,1,1.47,1408,0.393,2,02fcb95072700a90,0.461,2,1704,0.8,-3.4,7.77,139.0,2,Active,118,625,1310,0.661,4
0.486,56.8,0.06,1,72.8,4,1,0.16,1610,0.404,3,c0c46c72b140db29,0.51,3,1610,0.9,0.0,1.38,135.6,2,Active,9,77,173,0.889,5
0.548,11.0,0.15,1,1.0,5,1,0.88,993,1.0,5,e2d98ebe90f34b28,0.6,4,1078,0.6,198.0,1.67,147.5,1,Active,9,17,31,0.0,1
0.531,54.8,2.26,5,472.3,3,0,0.85,1063,0.412,3,959fa1c6a724ca39,0.524,3,1116,6.1,24.0,2.61,88.5,5,Stopped,38,117,228,0.447,4
0.553,25.6,0.48,2,3268.8,2,1,0.47,1302,0.429,3,06d0156627b559bd,0.529,3,1315,0.1,93.0,7.33,136.0,2,Active,12,187,356,0.083,2
0.358,42.4,8.04,5,3251.1,2,0,0.5,1703,0.296,2,ca7125aca31b2659,0.661,5,1703,2.1,73.0,4.72,104.3,4,Active,19,179,506,0.053,2
0.562,3.8,0.33,2,5.4,5,1,2.55,1398,0.6,4,68596a09e070fe45,0.615,4,1441,0.8,0.0,17.84,190.6,1,Active,7,49,89,0.0,1
0.544,149.7,0.34,2,1238.0,2,1,0.18,1763,0.564,4,a14a1a18fcd644f6,0.596,4,1903,0.1,50.8,5.19,276.7,1,Active,27,776,1579,1.741,5
0.825,8.3,0.62,2,42.3,4,0,1.47,1425,0.875,5,ae2ae59b77472dcf,0.836,5,1454,0.2,33.5,12.17,139.7,2,Active,12,99,120,0.0,1
0.387,64.3,2.38,5,8862.8,1,0,3.05,1610,0.366,2,a829f14d90502c95,0.373,1,2148,0.5,5.4,26.63,73.5,5,Active,194,1696,6181,0.845,5
0.402,51.4,0.49,2,52.7,4,1,0.16,1684,0.375,2,7e68c8c3c4d6d401,0.434,2,1684,0.0,0.0,9.44,198.5,1,Active,5,291,819,0.0,1
0.461,8.9,1.24,4,1615.2,2,0,4.61,1236,0.392,2,f34685533674361e,0.486,3,1236,0.0,19.3,83.45,101.1,4,Active,27,489,1155,0.63,4
0.323,11.7,2.88,5,1995.4,2,0,3.75,991,0.333,2,95f1a0e2131a3175,0.342,1,1040,0.0,4.1,14.01,100.1,4,Active,26,97,310,0.654,4
0.343,24.8,26.89,5,147.3,3,0,0.29,963,0.438,3,b43fbe2652c687d6,0.5,3,973,0.2,0.0,2.89,118.6,3,Active,7,71,251,0.0,1
0.656,70.1,0.1,1,37.7,4,1,0.26,1007,0.364,2,f425f05a91e138ac,0.674,5,1130,39.3,-43.0,1.46,159.9,1,Stopped,8,45,90,1.375,5
0.417,42.5,1.24,4,6561.9,1,0,1.22,1614,0.383,2,c75c7428186ed02e,0.425,2,1628,0.7,33.4,13.43,109.2,4,Active,51,561,1351,0.765,4
0.479,22.6,3.87,5,861.8,2,0,1.88,1364,0.341,2,436c6b8419c1aa0f,0.423,2,1388,0.5,-5.2,25.57,103.0,4,Active,38,516,1091,0.342,3
0.432,23.5,3.4,5,3406.9,2,0,1.7,1354,0.488,3,cd669e1738dfc5c9,0.471,2,1354,0.4,22.7,16.35,89.5,5,Active,34,327,774,0.324,3
0.505,21.6,3.83,5,35.6,4,0,1.3,1347,0.451,3,09a32798de0cc6ea,0.5,3,1457,0.2,6.7,19.38,119.9,3,Active,26,388,971,1.346,5
0.632,24.9,0.58,2,2015.1,2,0,1.7,1313,0.543,4,af5b411d313675bd,0.629,4,1313,0.2,11.0,12.88,82.3,5,Active,42,319,522,0.976,5
0.484,11.1,0.25,1,20.8,4,1,0.77,985,0.75,5,4f22f0238fdec387,0.521,3,995,2.8,0.0,4.64,125.8,3,Active,6,36,91,1.0,5
0.659,22.7,12.05,5,2784.3,2,0,0.31,1178,0.706,5,afca92685267613a,0.635,4,1178,3.6,0.0,9.85,129.5,2,Stopped,6,188,287,1.0,5
0.451,102.6,0.35,2,21805.8,1,1,0.33,1231,0.272,1,6cdb0fb87c8e4043,0.444,2,1383,0.8,-17.9,3.49,241.7,1,Active,34,355,814,0.235,3
0.571,28.0,0.03,1,7.5,5,1,0.9,1278,0.333,2,be5d1df0efe6d024,0.571,4,1278,5.5,62.4,2.4,125.8,3,Stopped,15,40,70,0.0,1
0.602,5.3,1.93,4,40.7,4,0,2.93,700,0.5,3,830269fd5833818c,0.611,4,923,0.8,-18.5,28.17,128.0,2,Active,13,125,211,0.0,1
0.651,12.5,3.54,5,1103.1,2,0,0.49,933,0.2,1,06b49574f91709bb,0.645,5,933,0.0,0.0,10.82,115.6,3,Active,6,133,218,0.0,1
0.456,23.0,0.37,2,151.8,3,1,0.74,1182,0.5,3,814cfbdd5c3130c7,0.5,3,1182,14.6,0.0,5.32,108.3,4,Stopped,6,43,103,0.333,3
0.471,28.8,0.2,1,73.8,4,1,0.42,950,0.25,1,099b90357d89c077,0.453,2,1012,2.2,0.0,4.34,125.3,3,Active,8,83,189,0.75,4
0.612,23.0,0.52,2,642.8,3,0,0.4,1308,0.286,1,2d251c892ab43105,0.583,4,1325,0.5,0.0,1.84,115.3,3,Active,9,41,67,0.0,1
0.682,6.7,0.08,1,44.8,4,1,1.58,1074,0.4,3,431fa2636579533f,0.679,5,1074,0.4,41.0,16.64,126.8,3,Active,10,105,154,0.2,3
0.406,13.3,0.25,1,1098.9,2,1,3.42,1252,0.31,2,7f07aa7a58d9eb70,0.449,2,1252,0.2,8.8,28.63,80.4,5,Active,45,377,929,0.044,2
0.481,41.8,0.02,1,427.9,3,1,0.34,1565,0.435,3,14371d882b2f9826,0.547,4,1652,0.1,60.0,1.48,148.3,1,Active,14,61,131,0.357,3
0.419,77.5,0.06,1,16137.6,1,1,0.42,1535,0.337,2,9ebb206fa35e926a,0.425,2,1628,2.0,-2.5,6.01,245.2,1,Active,32,454,1097,0.469,4
0.444,8.6,2.0,4,277.7,3,0,2.1,1007,1.0,5,7745d1bfb38bec26,0.6,4,1009,1.2,0.0,4.79,135.7,2,Active,7,16,36,0.571,4
0.574,11.8,0.35,2,4395.4,1,1,2.23,1465,0.581,4,4685f86df2ce612a,0.569,4,1531,0.1,-0.4,36.69,127.3,3,Active,26,427,986,0.462,4
0.383,49.2,0.01,1,3937.7,1,1,0.38,775,0.077,1,04acc2fd303a0f30,0.279,1,848,11.8,0.3,0.94,116.2,3,Stopped,14,35,94,0.5,4
0.533,27.3,0.62,2,365.7,3,0,1.11,1254,0.421,3,5b4400c25c20ab37,0.533,3,1254,0.3,14.8,6.01,95.8,4,Active,30,162,323,0.367,3
0.316,21.2,3.34,5,50.1,4,0,0.53,1522,0.294,2,8f8d49e2c5a4b501,0.343,1,1566,2.5,0.0,7.25,138.9,2,Active,10,136,456,0.3,3
0.478,30.5,1.83,4,1062.8,2,0,1.82,1047,0.48,3,d4f74fc0e82a0c14,0.457,2,1250,1.0,4.7,13.82,94.8,5,Active,47,356,778,0.277,3
0.405,53.3,3.9,5,48.8,4,0,0.52,1182,0.4,3,718efc6893d62746,0.405,2,1182,38.8,0.0,9.31,134.4,2,Stopped,5,89,284,0.8,5
0.444,53.0,0.07,1,59.2,4,1,0.75,943,0.211,1,8991758e32d48a68,0.434,2,1106,1.2,7.9,1.49,101.0,4,Active,39,77,178,0.128,2
0.449,136.3,0.03,1,4584.3,1,1,1.08,2024,0.363,2,23227a8279e29382,0.487,3,2078,6.3,10.0,8.41,133.0,2,Stopped,140,1093,2980,1.143,5
0.478,47.9,6.13,5,3094.1,2,0,0.59,1434,0.491,3,14536400348e647f,0.531,3,1434,0.0,46.0,8.46,99.2,4,Active,19,273,613,0.263,3
0.463,21.1,1.08,4,1742.2,2,0,4.94,1591,0.486,3,11e8432722483f92,0.48,3,1743,0.2,9.0,40.87,77.8,5,Active,103,852,2409,2.165,5
0.725,12.9,3.86,5,1.2,5,0,1.28,1275,0.25,1,adc4e435bb183377,0.771,5,1302,0.0,34.0,6.14,125.9,3,Active,15,72,102,0.067,2
0.366,121.0,4.73,5,5596.0,1,0,0.48,2128,0.348,2,f7243c1b181f3e19,0.439,2,2128,0.2,-18.2,6.26,204.5,1,Active,57,744,2131,0.596,4
0.389,2.8,0.5,2,6.8,5,0,2.31,1553,0.333,2,21fa8a2fb0e0b6f2,0.8,5,1553,0.2,0.0,8.07,150.0,1,Active,6,21,54,0.0,1
0.471,21.0,2.62,5,31.8,4,0,1.03,1037,0.349,2,c0c78ca3bc7d1e56,0.5,3,1063,0.2,9.8,7.61,99.2,4,Active,21,155,329,0.19,3
0.424,130.2,1.0,3,25967.8,1,0,1.88,2185,0.341,2,500ad4ab9efdd558,0.477,2,2546,1.0,9.3,27.55,111.2,4,Active,242,3547,8635,0.653,4
0.469,7.4,0.09,1,329.7,3,1,1.05,1135,0.4,3,a55406da699d7803,0.5,3,1135,2.7,0.0,4.82,150.6,1,Active,5,23,49,0.0,1
0.349,28.8,0.33,2,31.4,4,1,0.62,1327,0.286,1,ac2cc5225967a772,0.382,1,1384,0.8,3.3,2.23,139.7,2,Active,17,61,195,0.0,1
0.6,30.1,2.42,5,9975.0,1,0,0.73,1117,0.483,3,c834b814d2b2f8f9,0.648,5,1207,0.1,18.6,4.87,102.5,4,Active,22,146,250,0.091,2
0.499,34.8,0.23,1,316.9,3,1,0.77,1606,0.523,4,7c0eba9dfca6a003,0.538,3,1606,0.1,68.8,40.52,118.4,3,Active,23,1215,2968,2.13,5
0.57,33.2,3.4,5,1857.3,2,0,1.56,1213,0.634,5,93a4b2da783694e2,0.565,4,1310,0.0,-4.6,22.39,79.6,5,Active,51,732,1334,0.706,4
0.556,80.7,0.14,1,49.1,4,1,2.52,1532,0.552,4,ba80a319f5d054bc,0.568,4,1594,61.7,5.6,34.44,216.0,1,Stopped,42,574,1068,0.833,5
0.354,42.9,0.18,1,85.3,4,1,1.28,1090,0.417,3,18d7263f9eda63aa,0.55,4,1090,18.7,42.0,3.68,139.4,2,Stopped,8,23,79,0.75,4
0.601,39.8,0.52,2,820.3,3,0,2.85,1611,0.529,4,0bb57b83edfcc8c1,0.621,4,1760,7.9,18.1,18.05,77.1,5,Stopped,91,576,967,0.473,4
0.5,20.6,3.15,5,28.6,4,0,0.88,967,1.0,5,edfbf27935581db0,0.429,2,967,0.4,0.0,4.38,137.2,2,Active,5,25,54,0.0,1
0.509,19.8,3.58,5,3.7,5,0,0.79,998,0.5,3,1c7f65567f9c8426,0.438,2,998,7.2,12.0,2.22,123.1,3,Stopped,10,28,55,0.0,1
0.428,33.9,1.18,4,7922.1,1,0,0.49,1045,0.288,1,cf5b0bb5bf73d9ea,0.456,2,1045,0.0,25.8,5.61,123.8,3,Active,15,172,418,0.933,5
0.486,15.2,0.82,3,276.2,3,0,0.92,868,0.571,4,3231e869ff018cf3,0.466,2,975,0.5,-63.0,11.19,149.1,1,Active,7,85,177,0.143,3
0.632,8.0,0.9,3,1393.2,2,0,0.88,963,0.659,5,3059dc416d15a66d,0.618,4,963,0.0,0.0,39.19,122.4,3,Active,5,223,353,1.0,5
0.612,44.7,0.78,3,1657.9,2,0,2.88,1824,0.614,5,ab065a7d624ac739,0.597,4,1980,0.5,14.5,34.13,74.7,5,Active,109,1290,2273,1.505,5
0.471,11.9,1.81,4,5160.4,1,0,0.46,908,0.667,5,d72459ea58e004bb,0.474,2,908,1.1,0.0,15.49,113.5,3,Active,5,167,363,0.2,3
0.421,73.4,0.2,1,8551.6,1,1,2.75,1769,0.391,2,3e041433d39246fc,0.427,2,2118,0.2,5.7,26.5,69.9,5,Active,201,1938,5288,1.189,5
0.476,63.2,15.83,5,19436.4,1,0,1.29,1796,0.392,2,53a6bcd0f2442a4a,0.501,3,1913,2.0,3.1,14.9,79.6,5,Active,79,912,2154,1.342,5
0.512,34.3,0.61,2,711.7,3,0,4.98,1513,0.416,3,e3800e9c07bf87ca,0.515,3,1823,0.5,11.3,26.66,63.4,5,Active,168,900,1778,0.393,4
0.433,15.6,1.9,4,27.8,4,0,1.35,2104,0.25,1,04ebb5f890d29f67,0.33,1,2104,4.5,7.0,6.9,202.5,1,Stopped,15,77,180,0.2,3
0.454,17.1,1.25,4,113.7,3,0,1.52,1198,0.286,1,92fccbe8c405af0e,0.432,2,1200,4.3,46.0,12.51,103.4,4,Stopped,19,156,355,0.053,2
0.469,14.5,0.88,3,357.5,3,0,1.18,1224,0.473,3,74d9c87fc646d42b,0.481,3,1380,0.0,-8.8,9.99,131.3,2,Active,17,144,320,0.176,3
0.347,10.9,0.07,1,2.7,5,1,0.98,1341,0.286,1,41c6a1d97011367e,0.36,1,1349,0.9,0.0,3.34,209.0,1,Active,5,17,49,0.0,1
0.484,47.0,0.35,2,2267.3,2,1,1.51,1905,0.416,3,8ca3028767846cad,0.458,2,1905,0.5,7.7,7.38,88.0,5,Active,70,343,715,0.171,3
0.519,17.3,1.41,4,2.6,5,0,0.63,984,0.083,1,c58c6a33bcbff635,0.533,3,1122,2.1,83.0,3.72,160.3,1,Active,9,53,106,0.0,1
0.541,10.3,1.35,4,108.6,3,0,1.21,1202,0.417,3,580e9335fddec682,0.655,5,1202,2.8,0.0,10.71,134.0,2,Active,9,80,148,0.111,2
0.574,7.9,0.42,2,19.0,4,1,2.47,1050,0.333,2,9ad1636e638d9051,0.586,4,1144,1.9,-1.4,5.76,121.4,3,Active,15,35,61,0.133,2
0.625,21.9,0.14,1,0.0,5,1,0.31,835,0.625,5,19edba4b7f6a9144,0.5,3,835,0.8,0.0,0.31,134.2,2,Active,5,5,8,0.0,1
0.543,94.4,3.6,5,11.9,4,0,0.14,1587,0.632,5,a5ea38e2e9bcd597,0.717,5,1587,0.1,22.2,1.33,392.8,1,Active,13,125,230,0.692,4
0.466,21.1,0.75,3,2243.9,2,0,2.24,1474,0.507,4,adfc48cf68aba3c7,0.476,2,1494,0.5,20.7,20.42,102.4,4,Active,42,383,841,0.214,3
0.584,2.1,0.71,3,143.3,3,0,5.34,1274,0.375,2,cf9071c1d83ed820,0.593,4,1274,0.0,4.0,50.02,136.9,2,Active,11,103,185,0.273,3
0.59,19.7,1.0,3,725.9,3,0,1.57,1653,0.56,4,99d203302b737f0c,0.646,5,1653,0.7,31.7,32.92,114.6,3,Active,28,587,1040,0.893,5
0.675,8.3,0.38,2,84.2,4,1,1.58,1293,0.8,5,0185d8d743251d18,0.619,4,1293,0.0,35.3,20.73,119.5,3,Active,13,171,255,0.0,1
0.649,23.6,0.44,2,1837.3,2,1,1.21,1289,0.45,3,2e5b6270bfb8ddd2,0.655,5,1373,2.2,-1.4,9.15,106.0,4,Active,26,196,302,0.154,3
0.538,14.4,0.55,2,34.3,4,0,1.21,1512,0.6,4,1df9a41378652d5c,0.521,3,1570,0.1,33.0,18.23,131.6,2,Active,17,257,483,0.588,4
0.5,130.2,0.06,1,349.5,3,1,0.15,2042,0.393,2,dde97715f23cb71d,0.545,4,2042,32.1,44.2,0.58,359.1,1,Stopped,15,57,114,0.067,2
0.392,8.7,2.56,5,4727.1,1,0,1.75,719,0.266,1,f74d1b6d3a294eec,0.308,1,878,0.2,4.0,15.62,118.6,3,Active,13,116,352,0.308,3
0.474,17.0,0.29,2,2.2,5,1,1.56,673,0.0,1,2a0ef392246bb30b,0.481,3,917,5.6,-3.0,3.22,137.4,2,Stopped,17,35,76,0.0,1
0.524,20.9,0.3,2,3.4,5,1,1.64,1259,0.4,3,d9e1a160823eb379,0.571,4,1374,3.9,-9.6,6.92,159.5,1,Stopped,13,55,105,0.0,1
0.308,29.4,3.39,5,3702.2,1,0,0.38,1458,0.206,1,9bf053dc0c3dffe5,0.404,2,1644,0.2,-0.5,4.94,186.9,1,Active,11,144,474,1.273,5
0.619,41.9,1.44,4,26490.6,1,0,0.24,1109,0.778,5,0f58279cf43fc1f5,0.647,5,1263,2.9,-102.0,7.23,131.7,2,Active,9,270,446,0.222,3
0.463,4.7,0.05,1,10.5,4,1,2.61,1630,0.32,2,785da789a1fdb95a,0.75,5,1630,2.2,0.0,14.8,183.5,1,Active,6,34,82,0.667,4
0.379,8.0,0.79,3,126.8,3,0,1.16,1443,0.288,1,fcdbb07b5ba7ec4b,0.477,2,1443,0.2,37.0,7.46,204.6,1,Active,9,58,161,0.0,1
0.338,31.9,0.04,1,3540.4,1,1,0.41,788,0.5,3,6c99f636c36d8c76,0.438,2,788,19.3,0.0,2.05,126.4,3,Stopped,5,25,80,0.2,3
0.556,12.4,0.96,3,72.4,4,0,0.56,1878,0.538,4,ee2f13bec7a934a6,0.471,2,1878,1.7,0.0,4.55,171.1,1,Active,6,49,90,0.5,4
0.4,3.0,0.6,2,636.8,3,0,3.52,908,0.143,1,630f006f19ddf3bd,0.375,1,972,0.0,-5.0,26.37,128.6,2,Active,10,75,190,0.4,4
0.452,52.7,0.6,2,3443.0,1,0,2.7,1256,0.376,2,2155fe42e7598a3f,0.449,2,1539,0.2,6.4,19.06,67.8,5,Active,142,1001,2288,0.655,4
0.521,11.6,0.28,1,340.4,3,1,0.46,867,0.286,1,2ecdee4e907a69dd,0.488,3,867,0.8,0.0,18.74,148.1,1,Active,5,202,438,0.0,1
0.607,46.7,0.07,1,751.9,3,1,1.64,1129,0.547,4,e716e4eb8f5493e5,0.62,4,1156,7.1,5.3,17.39,73.6,5,Stopped,64,679,1148,0.484,4
0.444,22.2,1.44,4,3573.3,1,0,0.5,894,0.371,2,8709bcc3a5af66ed,0.429,2,996,0.0,6.0,38.41,130.8,2,Active,11,853,2148,0.364,3
0.575,31.6,0.55,2,4168.9,1,0,1.65,1445,0.561,4,4804bbf15b0bdae9,0.595,4,1482,0.1,20.6,11.71,79.4,5,Active,52,369,687,0.481,4
0.566,7.3,0.22,1,2520.1,2,1,2.34,1515,0.636,5,b62288d3eae53d14,0.551,4,1536,0.8,25.7,12.3,144.7,1,Active,15,79,143,0.0,1
0.233,8.4,0.43,2,801.4,3,1,5.0,875,0.233,1,4acb2612d6668901,0.231,1,875,5.4,0.0,7.0,120.9,3,Stopped,5,7,30,0.6,4
0.483,22.7,2.36,5,10741.6,1,0,3.44,1435,0.551,4,e74b4e1b05f6cfe5,0.471,2,1504,0.0,2.2,37.27,75.4,5,Active,78,845,1918,1.051,5
0.564,62.2,0.39,2,1216.4,2,1,1.17,2175,0.45,3,c2e83cd824169f07,0.63,4,2418,0.2,15.3,13.72,149.0,1,Active,66,777,1455,0.667,4
0.442,55.5,2.45,5,436.3,3,0,0.75,1636,0.278,1,3cf00fb16a68ed61,0.452,2,1636,3.1,24.4,6.31,103.5,4,Stopped,39,330,783,1.692,5
0.418,20.6,0.38,2,872.3,2,1,1.48,530,0.5,3,24ddf3dea3ab9e0e,0.428,2,767,3.7,-11.3,10.88,97.8,4,Stopped,25,184,495,0.4,4
0.568,10.7,3.11,5,7.2,5,0,0.52,1710,0.5,3,ab9f39e53e511917,0.7,5,1710,1.0,0.0,2.18,170.3,1,Active,5,21,37,0.0,1
0.539,69.1,0.5,2,993.2,2,0,1.09,1249,0.323,2,d2f03859f8374fbf,0.492,3,1363,3.1,7.0,5.36,76.8,5,Stopped,72,354,805,0.361,3
0.508,40.6,0.79,3,8902.7,1,0,0.17,867,0.56,4,b78cbf7c36ba36f8,0.518,3,889,4.8,0.0,4.05,130.0,2,Stopped,6,145,301,0.0,1
0.917,8.4,0.33,2,0.0,5,1,0.64,1014,1.0,5,23138833471a083c,1.0,5,1014,0.2,0.0,1.42,179.7,1,Active,5,11,12,0.0,1
0.519,18.0,0.06,1,82.0,4,1,0.49,1010,0.333,2,db757e36fa249639,0.415,2,1010,7.6,0.0,5.92,110.8,4,Stopped,5,60,129,0.0,1
0.268,8.1,1.25,4,12886.5,1,0,0.76,907,0.071,1,ab62cfab9070bdca,0.4,1,907,0.1,0.0,4.58,124.1,3,Active,6,36,142,0.333,3
0.586,81.0,1.33,4,66.2,4,0,0.08,1721,0.585,4,b5e0e73a9b2b6712,0.531,3,1767,3.9,3.0,2.31,575.1,1,Stopped,6,177,336,0.167,3
0.38,5.8,5.08,5,176.1,3,0,1.99,935,0.222,1,c04ec0d925fff75e,0.4,1,976,1.0,-7.0,6.4,131.5,2,Active,9,29,79,0.444,4
0.386,43.2,0.07,1,1541.3,2,1,0.56,1409,0.377,2,47e56412b3b51466,0.365,1,1474,0.7,12.1,6.73,126.3,3,Active,24,286,867,1.292,5
0.528,103.3,0.11,1,4.8,5,1,0.29,1777,0.41,3,d0620d103ce92617,0.581,4,1925,0.1,22.5,1.41,182.3,1,Active,21,103,195,0.048,2
0.484,8.8,1.51,4,6.7,5,0,1.52,1050,0.0,1,c6e4f5db413ba57c,0.481,3,1139,0.0,25.7,5.7,127.3,3,Active,12,45,93,0.083,2
0.523,23.6,2.47,5,9362.5,1,0,3.41,1357,0.436,3,a01abee8ee667e2c,0.539,3,1438,0.0,8.5,28.03,90.2,5,Active,43,353,677,0.535,4
0.619,5.2,8.0,5,127.4,3,0,1.36,801,0.619,5,a570ab5910f90fce,0.593,4,846,0.1,0.0,7.59,127.8,2,Active,7,39,63,0.429,4
0.441,64.4,83.74,5,6994.7,1,0,1.42,1202,0.564,4,d771e6134b6ab44b,0.464,2,1202,0.7,-11.2,19.21,80.4,5,Active,71,958,2627,1.859,5
0.775,4.6,1.37,4,53.2,4,0,1.55,1433,1.0,5,c627414f620688fe,0.914,5,1433,0.0,0.0,12.15,109.9,4,Active,7,55,71,0.0,1
0.338,95.4,0.06,1,908.7,2,1,0.7,1517,0.308,2,6a37144417cb40b6,0.365,1,1517,1.4,0.6,3.44,180.9,1,Active,64,313,953,0.297,3
0.499,52.0,1.49,4,1029.3,2,0,4.45,1839,0.445,3,ca3d4c3a655da219,0.535,3,1929,35.8,6.4,45.88,75.6,5,Stopped,70,722,1671,2.543,5
0.476,48.1,1.44,4,5372.7,1,0,1.71,1582,0.5,3,26486f16a76fe997,0.55,4,1650,1.2,15.2,12.76,73.3,5,Active,80,598,1331,0.713,4
0.338,44.6,1.7,4,9967.8,1,0,1.1,1590,0.261,1,36a0d540c2054a93,0.318,1,1712,0.1,14.5,15.03,77.7,5,Active,48,657,2086,0.271,3
0.325,45.9,2.68,5,66.8,4,0,0.24,1150,0.167,1,83606f45fbc32419,0.471,2,1245,0.4,54.0,0.81,139.9,2,Active,11,37,114,0.273,3
0.465,27.7,0.92,3,1840.9,2,0,0.58,1692,0.4,3,273978343a18d75e,0.419,2,1692,0.2,-10.7,3.34,113.6,3,Active,16,92,202,0.0,1
0.371,23.2,2.4,5,1637.0,2,0,0.6,1652,0.341,2,d7bbc67a915e6fc9,0.33,1,1652,0.0,47.0,20.33,135.6,2,Active,14,471,1511,0.429,4
0.373,17.2,6.02,5,2194.7,2,0,0.66,1100,0.409,3,ce7aebbe0589e701,0.358,1,1138,0.5,0.0,6.42,127.9,2,Active,11,107,295,0.0,1
0.484,17.6,0.22,1,395.8,3,1,2.04,1157,0.531,4,4380f74cb3e47070,0.522,3,1157,1.9,-8.6,24.88,96.0,4,Active,30,366,765,0.2,3
0.558,20.8,7.98,5,4083.3,1,0,0.63,1206,0.538,4,cbdabb557ff5c976,0.572,4,1206,0.0,94.0,28.38,111.7,4,Active,13,583,1105,0.692,4
0.489,46.7,130.0,5,201.7,3,0,0.82,1012,0.333,2,062cff655bce98a1,0.438,2,1161,24.7,1.8,2.82,123.8,3,Stopped,18,62,131,1.056,5
0.356,66.7,0.22,1,11.0,4,1,0.38,1036,0.083,1,d1489d0d088f060c,0.368,1,1187,1.5,13.0,1.48,111.1,4,Active,25,96,275,0.04,2
0.703,9.3,1.51,4,22.1,4,0,2.96,851,1.0,5,2ee0606f947c0431,0.636,4,862,0.1,0.0,41.92,143.3,2,Active,6,85,128,0.0,1
0.423,30.5,0.7,3,301.3,3,0,4.48,1317,0.387,2,9238becdf4c0a4c5,0.455,2,1376,0.2,5.1,27.14,64.0,5,Active,135,817,2033,1.422,5
0.497,32.6,0.76,3,48.3,4,0,1.1,1694,0.451,3,236a7d232a70e9e1,0.508,3,1694,0.8,35.9,9.56,96.7,4,Active,35,303,634,0.457,4
0.18,9.1,2.1,4,447.6,3,0,1.91,1127,0.111,1,acc50ec0accefe66,0.183,1,1220,0.2,3.3,9.81,154.5,1,Active,16,82,477,0.062,2
0.4,9.7,4.0,5,280.0,3,0,1.83,956,0.0,1,0df0a01e379ad4d2,0.545,4,956,0.2,17.2,2.16,117.5,3,Active,17,20,50,0.118,2
0.552,30.6,0.29,2,13848.6,1,1,2.42,1490,0.447,3,bb8349fab5824638,0.53,3,1490,9.9,24.1,12.19,74.0,5,Stopped,50,252,464,0.84,5
0.474,9.6,0.53,2,690.2,3,0,4.64,1419,0.517,4,7a508d33950030d7,0.449,2,1609,0.1,-16.1,38.25,133.6,2,Active,44,363,812,0.364,3
0.579,16.0,0.75,3,83.2,4,0,3.16,1123,0.409,3,8e52f305f3ff0ade,0.575,4,1269,0.2,6.8,38.91,109.5,4,Active,27,332,598,0.444,4
0.514,13.9,0.23,1,401.2,3,1,1.68,1032,0.5,3,3f1efa3dc087f6f3,0.473,2,1069,0.2,-0.3,20.04,97.1,4,Active,23,274,535,0.522,4
0.512,10.6,1.93,4,4.5,5,0,1.14,977,0.333,2,73356a4d127a71cd,0.448,2,1052,0.5,8.7,2.17,128.8,2,Active,11,21,41,0.0,1
0.567,61.4,0.51,2,406.0,3,0,0.38,2128,0.477,3,9bbdd55539469956,0.569,4,2219,0.0,37.7,61.21,202.4,1,Active,23,3728,6756,0.957,5
0.41,76.9,0.06,1,6.2,5,1,0.25,1475,0.285,1,fe30fa802e9baa78,0.425,2,1479,0.1,34.4,2.29,328.0,1,Active,19,176,429,0.105,2
0.383,10.4,2.8,5,734.3,3,0,3.78,1300,0.391,2,41e83325158d17c9,0.358,1,1419,2.2,13.6,33.13,103.4,4,Active,31,272,710,0.258,3
0.519,31.1,1.01,3,559.4,3,0,2.94,1446,0.516,4,8bc2fe30f5609e04,0.527,3,1523,0.1,10.5,12.77,79.2,5,Active,91,396,778,0.275,3
0.407,80.4,0.03,1,6971.0,1,1,0.92,1190,0.367,2,1cd3bb12416f1a03,0.371,1,1471,0.2,12.0,8.07,81.8,5,Active,72,634,1643,1.347,5
0.518,21.5,0.19,1,2570.9,2,1,0.73,1210,0.402,3,a40c40ef21d99734,0.514,3,1245,2.4,37.7,20.88,121.8,3,Active,14,398,792,0.286,3
0.483,23.2,2.82,5,66.8,4,0,1.55,1789,0.384,2,e98bae0d12c28d69,0.442,2,2054,1.9,2.6,9.44,159.2,1,Active,33,201,474,1.152,5
0.469,57.9,0.78,3,2050.7,2,0,2.94,1910,0.443,3,18b00d37c2ae1dae,0.526,3,1959,1.8,14.2,32.53,68.2,5,Active,165,1824,3985,0.873,5
0.589,156.7,2.8,5,1177.0,2,0,0.91,1600,0.556,4,3894f34c297134ef,0.72,5,2259,0.8,6.9,7.94,140.9,2,Active,142,1238,2156,0.289,3
0.435,7.2,0.85,3,2413.5,2,0,1.67,1027,0.413,3,ef680825818cc1bf,0.483,3,1104,0.0,1.0,45.49,144.2,1,Active,12,326,764,0.583,4
0.459,32.7,0.22,1,800.8,3,1,1.42,1374,0.422,3,ebbf6841942b1b63,0.462,2,1385,0.3,24.3,15.94,87.6,5,Active,46,517,1158,0.565,4
0.541,22.3,5.8,5,2456.4,2,0,1.27,1915,0.518,4,b2eafa82b0d5ec7a,0.596,4,1915,0.1,28.5,14.64,118.8,3,Active,28,324,632,0.679,4
0.495,2.5,0.64,3,346.9,3,0,5.49,1045,0.462,3,b58393a1eff6670b,0.486,3,1098,0.1,18.5,65.06,132.7,2,Active,13,154,325,0.615,4
0.573,23.5,0.45,2,51.1,4,1,1.16,1265,0.5,3,5a14bf423d996190,0.528,3,1353,1.0,18.4,10.69,128.2,2,Active,26,240,431,0.577,4
0.455,161.8,1.8,4,13495.4,1,0,0.59,1284,0.31,2,2590fed44967c10d,0.493,3,1750,20.5,6.4,3.19,184.6,1,Stopped,84,451,1188,1.19,5
0.327,18.5,1.19,4,5537.1,1,0,1.25,1069,0.226,1,a0c5ac397b0ac126,0.358,1,1069,0.0,5.6,15.97,109.7,4,Active,23,295,935,0.609,4
0.67,7.0,11.12,5,2.1,5,0,0.91,884,0.67,5,538218b0935bce47,0.717,5,884,0.0,0.0,11.45,135.4,2,Active,5,63,97,0.0,1
0.517,17.0,1.47,4,3663.1,1,0,1.66,1211,0.574,4,302f53bb311085b1,0.516,3,1290,0.5,6.0,18.21,112.4,4,Active,21,230,460,0.333,3
0.493,13.6,1.02,3,926.9,2,0,0.89,850,0.417,3,e480a1b961d7fed0,0.458,2,1003,0.1,-15.0,15.84,129.9,2,Active,12,214,446,0.833,5
0.598,31.1,1.19,4,73.4,4,0,0.95,1201,0.667,5,601815fccb065a8c,0.583,4,1300,4.7,40.8,3.19,121.4,3,Stopped,16,54,92,0.312,3
0.583,55.1,2.36,5,1377.5,2,0,0.12,887,0.286,1,1e82c189884c1712,0.4,1,890,0.4,0.0,0.87,124.3,3,Active,6,45,84,0.5,4
0.473,30.0,1.93,4,5483.8,1,0,0.39,1329,0.408,3,c3bdbfc4117d39a9,0.469,2,1329,0.2,20.0,4.75,123.5,3,Active,10,123,264,0.5,4
0.413,15.7,4.09,5,4350.8,1,0,3.62,1351,0.365,2,9633dc33359f2b5d,0.415,2,1463,0.0,2.6,47.4,82.8,5,Active,57,746,1890,0.772,4
0.574,19.8,3.41,5,894.5,2,0,0.97,986,0.6,4,bf465c928ab61e66,0.545,4,993,0.8,31.8,4.85,109.0,4,Active,16,80,141,0.125,2
0.423,28.0,0.5,2,36120.9,1,0,0.57,1467,0.438,3,123c05333ba9c26e,0.419,2,1467,0.1,64.0,3.09,110.2,4,Active,15,82,196,0.267,3
0.433,64.5,2.03,4,15.0,4,0,1.4,1488,0.269,1,cc41258a35f87c38,0.567,4,1753,0.9,3.4,5.8,75.6,5,Active,89,369,871,0.18,3
0.5,6.0,0.76,3,394.8,3,0,2.15,799,0.5,3,d538be2eb7950682,0.5,3,839,0.7,0.0,36.88,138.3,2,Active,6,103,206,0.167,3
0.732,15.2,1.46,4,1675.3,2,0,0.41,1211,0.917,5,a2b219955f277d3d,0.564,4,1249,0.6,0.0,5.9,166.2,1,Active,6,86,123,0.333,3
0.5,31.0,0.71,3,33055.1,1,0,0.22,1043,0.0,1,f78f86f13a4e6afd,0.63,4,1043,6.3,0.0,1.02,120.2,3,Stopped,5,23,48,0.0,1
0.441,8.5,2.82,5,32.9,4,0,1.59,1005,0.667,5,14b8d4fcf06eda00,0.491,3,1005,0.1,0.0,26.46,135.6,2,Active,6,100,229,0.167,3
0.738,19.7,0.42,2,1035.9,2,1,0.47,887,0.562,4,be9b56c33ec9e456,0.765,5,887,6.2,0.0,16.64,128.4,2,Stopped,6,212,317,1.667,5
0.598,20.4,0.16,1,20.4,4,1,0.42,1004,0.467,3,bc8ce1944f0e42c3,0.621,4,1152,0.8,-36.0,3.26,161.8,1,Active,8,62,117,0.375,3
0.419,10.2,0.61,2,1871.8,2,0,4.72,1575,0.521,4,be99d0f7653e1387,0.431,2,1656,0.2,38.3,51.49,85.6,5,Active,47,513,1282,1.0,5
0.461,56.4,0.25,1,13.5,4,1,1.28,1279,0.385,2,2b1752fabebbc3fd,0.551,4,1654,1.8,0.3,4.99,96.0,4,Active,70,272,590,0.057,2
0.52,94.4,0.12,1,5457.9,1,1,0.12,1591,0.6,4,daf8ac1718fcfeee,0.557,4,1706,2.0,-17.0,1.0,410.3,1,Active,11,89,171,0.364,3
0.447,45.5,0.62,2,6925.7,1,0,1.29,1100,0.403,3,2d30154a48457cff,0.447,2,1399,2.5,3.5,9.9,85.0,5,Active,55,421,1012,0.945,5
0.419,6.5,0.02,1,129.5,3,1,0.97,819,0.375,2,770276889dcd5a38,0.538,3,853,0.4,0.0,2.91,132.3,2,Active,6,18,43,0.5,4
0.334,8.7,0.73,3,1136.1,2,0,7.21,1359,0.233,1,0b4ba91dde4de1cc,0.376,1,1359,6.9,82.0,52.72,119.3,3,Stopped,13,95,317,1.231,5
0.402,10.7,0.08,1,106.8,3,1,0.67,1161,0.429,3,331a7257c73331d3,0.382,1,1164,1.3,0.0,6.06,138.6,2,Active,6,54,164,0.833,5
0.426,69.0,0.58,2,55.2,4,0,0.88,1774,0.38,2,d14e1bc3a2cb6837,0.52,3,1872,14.4,31.0,9.28,102.9,4,Stopped,45,474,1331,1.489,5
0.289,8.9,1.3,4,2294.2,2,0,1.38,1419,0.25,1,673daaa666984c67,0.333,1,1419,0.2,39.0,9.23,127.7,2,Active,12,80,280,0.25,3
0.569,22.0,2.14,4,38.3,4,0,2.99,991,0.583,4,186b35eb61e9692d,0.56,4,1098,2.6,7.9,6.94,77.0,5,Active,56,130,232,0.125,2
0.632,10.8,0.81,3,419.6,3,0,1.15,1132,0.667,5,8881617c08cc2ccc,0.622,4,1174,0.0,50.5,24.25,136.1,2,Active,10,211,340,0.0,1
0.782,63.7,47.25,5,4764.3,1,0,0.42,865,0.75,5,72b6c6f10c15c80b,0.779,5,964,0.2,7.7,2.31,100.0,4,Active,27,147,193,0.148,3
0.321,11.4,27.0,5,5.4,5,0,1.05,970,0.0,1,5ffbbda256a55e48,0.5,3,970,5.2,11.0,1.58,146.8,1,Stopped,6,9,28,0.0,1
0.52,8.6,0.02,1,1233.0,2,1,2.04,837,0.125,1,5afc9cf3fa42a3e9,0.509,3,1047,0.8,15.0,17.0,123.1,3,Active,16,133,256,0.125,2
0.374,115.2,0.17,1,15250.8,1,1,0.2,1474,0.299,2,be212563fe42e078,0.392,1,1703,0.1,16.7,3.24,288.7,1,Active,23,367,1032,0.087,2
0.436,33.5,2.98,5,22.9,4,0,0.33,965,0.241,1,bff4c2f7b60b6822,0.333,1,965,15.2,0.0,4.65,137.8,2,Stopped,6,85,195,0.0,1
0.619,199.3,2.31,5,46817.6,1,0,2.02,1588,0.525,4,1e62560afaf76043,0.661,5,2070,0.3,3.9,14.78,95.7,4,Active,401,2935,5150,1.145,5
0.466,28.2,0.5,2,404.7,3,0,2.51,1959,0.426,3,3085f90b8062b1af,0.463,2,1959,0.5,2.4,14.29,89.4,5,Active,68,387,879,0.5,4
0.339,35.5,4.26,5,133.4,3,0,2.05,1464,0.302,2,1144a9407bcf92f4,0.357,1,1492,8.1,-6.0,20.53,85.3,5,Stopped,56,562,1732,0.857,5
0.385,37.3,4.12,5,4567.7,1,0,2.1,1376,0.325,2,3e8881a05d70183b,0.433,2,1430,6.2,7.3,11.85,74.5,5,Stopped,65,367,972,0.615,4
0.515,34.9,1.53,4,21240.2,1,0,1.35,2016,0.499,3,457089351e7fe64b,0.57,4,2415,0.1,0.7,50.18,110.1,4,Active,47,1745,3444,1.17,5
0.394,11.4,1.06,4,3.9,5,0,0.58,984,0.0,1,20fe49c8e6b981e5,0.667,5,984,0.8,0.0,1.27,127.7,2,Active,6,13,33,0.167,3
0.456,66.2,0.37,2,20669.7,1,1,0.69,1614,0.394,2,0187ce16c6d07c43,0.459,2,1753,0.5,46.6,15.65,103.3,4,Active,45,1027,2267,0.333,3
0.362,20.5,1.07,4,37.3,4,0,0.62,1241,0.345,2,0dff56927e103ffc,0.444,2,1391,1.1,-24.0,11.04,151.9,1,Active,12,214,732,1.833,5
0.387,16.5,1.48,4,19.7,4,0,0.88,1218,0.333,2,da08839ad7cd7644,0.343,1,1218,4.1,0.0,2.65,114.6,3,Stopped,8,24,62,0.25,3
0.33,15.6,0.5,2,6977.9,1,0,0.66,616,0.222,1,a97a40690a2b8d9f,0.37,1,789,0.1,-41.8,8.64,140.7,2,Active,9,117,376,0.889,5
0.154,32.4,1.88,4,784.8,3,0,2.8,1098,0.113,1,39b882ce2a388d61,0.134,1,1325,15.3,7.9,16.6,88.9,5,Stopped,48,285,1876,0.333,3
0.716,23.6,0.11,1,404.9,3,1,0.55,1057,0.536,4,68043aa3b5da9c80,0.712,5,1057,4.1,11.0,18.84,135.6,2,Stopped,9,306,443,0.111,2
0.727,18.7,0.64,3,504.5,3,0,3.82,1864,0.586,4,ff578ac5e422af1e,0.729,5,1978,1.0,12.6,24.16,102.0,4,Active,46,291,403,1.174,5
0.378,25.8,0.54,2,3.0,5,0,0.28,928,0.556,4,afba94a8385f71db,0.333,1,928,3.5,0.0,1.58,111.9,4,Stopped,5,28,74,0.0,1
0.504,8.1,0.18,1,16.9,4,1,2.42,1575,0.25,1,797d18361ca778a3,0.487,3,1703,1.0,42.4,9.09,152.9,1,Active,17,64,127,0.059,2
0.334,14.9,1.52,4,72.3,4,0,1.96,1421,0.205,1,466b61424c26e77e,0.323,1,1550,0.2,33.6,10.29,122.0,3,Active,29,152,461,0.621,4
0.45,42.5,0.63,3,12797.3,1,0,0.27,888,0.388,2,6ef8a90fe7a0fb9d,0.544,4,977,5.3,27.5,2.82,134.8,2,Stopped,10,105,278,0.0,1
0.247,11.0,0.55,2,5956.5,1,0,1.39,752,0.125,1,149d610739b03cf8,0.295,1,959,0.2,-41.0,6.21,139.2,2,Active,13,58,259,0.231,3
0.385,23.3,1.53,4,14977.0,1,0,1.2,1860,0.38,2,c0efa9a4cdda8191,0.383,1,1860,0.0,30.0,14.54,104.7,4,Active,28,338,889,0.714,4
0.642,41.6,4.12,5,1203.1,2,0,0.57,1439,0.591,4,b8f0d8a239dddc97,0.632,4,1806,1.3,13.6,13.97,130.9,2,Active,23,560,881,0.217,3
0.417,37.0,0.07,1,145.1,3,1,0.43,1102,0.308,2,0473f615c54e4f17,0.415,2,1202,0.2,10.2,3.89,137.8,2,Active,16,143,362,1.25,5
0.526,22.9,0.8,3,5.4,5,0,1.25,1402,0.636,5,68494a6200a95ec8,0.486,3,1458,0.5,10.0,3.13,96.6,4,Active,28,70,133,0.0,1
0.569,13.2,3.88,5,103.9,3,0,0.92,1414,0.574,4,db2cd317c928f3a9,0.551,4,1577,0.0,-24.5,17.96,167.9,1,Active,12,234,429,0.0,1
0.439,6.7,0.58,2,4723.3,1,0,0.81,1024,0.167,1,8e8090767393f384,0.406,2,1024,0.5,0.0,4.05,129.1,2,Active,5,25,57,0.4,4
0.814,8.9,2.07,4,746.9,3,0,1.31,1053,0.333,2,98e0af877e78b788,0.796,5,1053,0.0,82.0,33.93,127.5,2,Active,11,284,350,0.091,2
0.584,18.5,1.53,4,3301.9,2,0,0.72,990,0.273,1,76c6927cc5634b08,0.63,4,990,1.8,16.0,6.58,122.7,3,Active,12,110,197,0.333,3
0.48,41.9,0.35,2,5522.8,1,1,0.64,1643,0.162,1,192eef947ee842f0,0.557,4,1643,2.4,14.2,3.44,118.2,3,Active,20,108,227,0.0,1
0.529,95.7,0.49,2,3010.5,2,1,3.26,1336,0.439,3,00d36459ef4b760d,0.51,3,1476,25.1,2.9,26.42,103.4,4,Stopped,230,1864,3677,0.935,5
0.384,58.1,3.27,5,49212.2,1,0,0.2,1243,0.125,1,37ab8cc389f933cf,0.369,1,1378,0.3,110.0,5.1,133.6,2,Active,11,274,888,0.182,3
0.624,10.6,0.76,3,188.2,3,0,2.34,1577,0.661,5,ae39f19baad24459,0.636,4,1577,0.4,35.1,44.32,100.5,4,Active,24,455,753,1.125,5
0.597,25.0,3.67,5,3738.3,1,0,1.37,972,0.556,4,f5aa1f578f42454f,0.679,5,986,2.7,11.6,6.92,100.9,4,Active,23,116,201,0.217,3
0.558,9.2,2.58,5,1603.7,2,0,2.49,1506,0.5,3,47e64329641bbfbe,0.644,5,1518,1.9,8.0,17.57,138.7,2,Active,15,106,197,0.6,4
0.473,52.7,0.75,3,441.7,3,0,2.35,1381,0.483,3,0576bbf7317eef33,0.548,4,1441,39.7,21.0,7.39,105.4,4,Stopped,28,88,205,0.929,5
0.358,19.8,2.52,5,12.3,4,0,0.65,1282,0.286,1,31d1b782b70b68b7,0.5,3,1362,10.7,0.0,3.05,192.3,1,Stopped,6,28,81,0.0,1
0.415,26.8,0.83,3,28.4,4,0,1.58,1408,0.333,2,799f750048eea97b,0.46,2,1408,14.8,48.2,8.06,113.7,3,Stopped,19,97,241,0.105,2
0.438,21.8,3.36,5,0.4,5,0,0.62,981,0.4,3,b72e19d23cad2d59,0.615,4,1243,3.6,20.0,1.23,161.3,1,Stopped,10,20,48,0.0,1
0.487,21.8,1.81,4,53.2,4,0,0.94,1183,0.547,4,43ddbdacc4879d65,0.487,3,1291,0.3,-17.6,13.56,125.9,3,Active,18,259,534,0.056,2
0.364,12.7,0.65,3,11.9,4,0,0.82,974,0.25,1,e5618bb1eccfc6c3,0.353,1,1048,0.5,0.0,4.12,142.8,2,Active,7,35,99,0.0,1
0.504,34.5,0.22,1,4.8,5,1,0.73,1708,0.5,3,1fbf970f8370495e,0.667,5,1708,8.6,36.5,2.35,103.7,4,Stopped,19,61,121,0.053,2
0.485,42.6,1.14,4,3115.3,2,0,1.84,1711,0.44,3,316f76ee9623a85b,0.475,2,1790,7.3,15.8,17.0,86.8,5,Stopped,65,599,1266,0.431,4
0.521,15.8,1.09,4,492.5,3,0,2.41,1573,0.454,3,69f945403877a3c1,0.529,3,1786,0.3,2.6,37.22,128.9,2,Active,37,572,1202,0.919,5
0.308,20.8,0.18,1,2.7,5,1,0.42,784,0.0,1,54d0c7acd107d8bd,0.25,1,843,1.1,27.0,0.21,137.2,2,Active,8,4,13,0.0,1
0.409,91.4,0.03,1,32.9,4,1,0.55,1357,0.333,2,1a0d5aa0570761b1,0.433,2,1595,7.3,9.4,1.5,213.8,1,Stopped,43,117,286,0.093,2
0.356,24.8,0.21,1,4.9,5,1,1.06,1491,0.233,1,23994552a08f3e6a,0.345,1,1491,0.1,4.8,2.92,175.6,1,Active,26,72,208,0.115,2
0.488,33.5,0.48,2,8789.2,1,1,2.14,1481,0.349,2,37b55f34f03a6426,0.507,3,1624,0.9,17.0,12.61,80.6,5,Active,70,412,873,0.329,3
0.472,24.4,1.69,4,17569.4,1,0,0.7,981,0.333,2,86e04b0774f32382,0.471,2,1028,3.0,1.0,4.54,132.3,2,Stopped,15,97,229,0.267,3
0.327,19.0,0.42,2,19.4,4,1,1.07,846,0.154,1,bc2b56ed91d2891f,0.321,1,925,5.2,-25.0,4.28,156.6,1,Stopped,8,32,98,0.375,3
0.472,70.0,0.54,2,14856.1,1,0,1.8,1743,0.433,3,3d5d6bd353c35ffc,0.469,2,1743,8.9,1.6,28.11,78.4,5,Stopped,109,1698,3786,0.881,5
0.546,5.3,0.99,3,1200.6,2,0,3.5,1358,0.58,4,dbebc562369201da,0.609,4,1358,0.2,28.8,73.34,134.6,2,Active,18,377,694,0.667,4
0.506,33.0,0.53,2,35373.5,1,0,3.51,1445,0.389,2,b0f91a8f7dd6cfe6,0.531,3,1585,0.6,4.0,24.91,65.5,5,Active,114,808,1606,0.675,4
0.611,10.1,1.69,4,60.7,4,0,1.54,1693,0.579,4,37f020bcc3c1390a,0.594,4,1699,0.3,37.0,62.43,154.3,1,Active,15,609,1159,1.8,5
0.377,99.1,0.66,3,4594.8,1,0,0.94,1691,0.329,2,f19db73eb6491af3,0.453,2,1954,22.2,-0.5,13.33,186.9,1,Stopped,72,1020,2840,0.375,3
0.445,31.8,1.18,4,1675.5,2,0,1.01,1229,0.438,3,ca425adc0975078d,0.46,2,1229,0.0,11.6,8.0,101.2,4,Active,26,206,479,0.269,3
0.684,14.7,0.27,1,5.0,5,1,0.51,984,0.684,5,cc376389dfc233e7,0.667,5,1062,0.9,0.0,0.94,155.5,1,Active,7,13,19,0.0,1
0.4,47.9,0.18,1,8897.6,1,1,1.68,1259,0.379,2,b7d713b090d4c807,0.399,1,1287,2.8,13.5,7.61,75.0,5,Active,75,340,884,0.52,4
0.575,30.6,0.15,1,136.3,3,1,0.36,864,0.765,5,421a01e7096ad60a,0.477,2,1073,0.0,-49.5,2.81,167.8,1,Active,9,70,127,0.333,3
0.449,71.6,49.86,5,869.7,2,0,0.3,1308,0.478,3,f3fed8cfce43d328,0.419,2,1308,2.9,31.2,1.96,103.8,4,Active,20,133,356,0.65,4
0.518,43.9,1.99,4,1393.5,2,0,3.92,1082,0.561,4,8871af2ef40a5b04,0.541,3,1201,0.0,5.8,34.22,68.7,5,Active,76,664,1511,1.513,5
0.632,15.2,0.22,1,179.0,3,1,1.25,920,0.467,3,be415449f30d51a8,0.61,4,996,0.7,0.0,30.26,139.6,2,Active,7,169,272,0.0,1
0.417,59.9,0.01,1,20997.6,1,1,0.37,833,0.5,3,9264df59ded79507,0.358,1,933,0.3,6.5,2.37,111.2,4,Active,22,141,355,0.136,2
0.542,34.7,20.0,5,13823.4,1,0,0.36,913,0.6,4,e25efc573aef1dfe,0.603,4,968,5.0,4.7,3.21,126.3,3,Stopped,9,81,168,0.444,4
0.567,10.7,2.75,5,2.4,5,0,5.3,930,0.0,1,e1d070fd991fa206,0.538,3,1038,3.9,-26.0,10.0,148.5,1,Stopped,9,17,30,0.0,1
0.633,35.1,5.67,5,5.5,5,0,1.55,1461,0.429,3,72a0c7a520be53dd,0.742,5,1461,11.1,56.5,5.88,135.7,2,Stopped,10,38,60,0.0,1
0.613,8.2,0.51,2,3.2,5,0,1.1,1111,0.25,1,dc20147dc7ba20f9,0.6,4,1156,1.2,0.0,11.47,150.4,1,Active,7,73,119,0.0,1
0.385,76.5,0.12,1,21.5,4,1,0.19,1934,0.281,1,e666e594a419e12d,0.531,3,1934,23.4,20.0,1.6,443.1,1,Stopped,10,85,257,1.0,5
0.133,45.8,0.07,1,545.4,3,1,0.36,431,0.0,1,194204b763bc0343,0.105,1,737,4.8,-61.0,0.39,138.2,2,Stopped,10,11,105,0.1,2
0.141,8.9,0.56,2,207.5,3,0,2.02,739,0.0,1,4559ee8dd322d3c0,0.155,1,927,0.3,-20.3,4.04,142.6,2,Active,13,26,184,0.308,3
0.46,9.5,3.4,5,905.2,2,0,2.94,1204,0.397,3,3a809ac9d3c8eb9d,0.548,4,1377,0.3,15.5,26.75,116.6,3,Active,27,246,554,0.852,5
0.32,9.2,1.82,4,4286.7,1,0,3.92,1156,0.3,2,c4733fe7c243b732,0.354,1,1156,0.0,-13.8,61.22,106.1,4,Active,24,375,1249,0.417,4
0.504,19.6,4.33,5,7603.0,1,0,1.76,1270,0.518,4,044982849aa86505,0.507,3,1270,1.4,3.3,20.07,97.5,4,Active,32,365,736,0.281,3
0.581,24.4,0.31,2,1103.0,2,1,0.21,920,0.625,5,5d8451fff1ec4899,0.571,4,920,0.6,0.0,7.63,102.0,4,Active,5,181,315,0.4,4
0.473,74.5,0.13,1,3374.0,2,1,0.61,977,0.475,3,da61e56549de3758,0.465,2,1289,16.8,8.6,13.24,120.8,3,Stopped,35,763,1801,1.486,5
0.367,93.7,0.02,1,167.8,3,1,0.19,1806,0.319,2,e04642f05f3a372e,0.421,2,1806,1.4,32.8,0.97,319.8,1,Active,18,90,281,1.722,5
0.449,54.6,1.86,4,50162.9,1,0,0.15,872,0.4,3,0b026a8280886289,0.407,2,889,0.0,52.5,3.3,141.4,2,Active,8,180,423,0.125,2
0.456,34.9,0.3,2,975.9,2,1,1.28,1727,0.425,3,4192edd7862923ef,0.482,3,1779,0.5,16.4,18.12,99.5,4,Active,44,622,1464,0.705,4
0.648,29.1,0.33,2,14.5,4,1,2.32,1264,0.556,4,a0518bac00460776,0.642,5,1298,14.9,20.2,13.53,89.6,5,Stopped,33,192,304,0.121,2
0.255,6.7,0.38,2,105.0,3,1,2.11,929,0.083,1,cde7e17b619d749b,0.448,2,973,0.5,28.8,5.85,118.7,3,Active,13,36,145,0.154,3
0.648,43.6,1.18,4,5645.7,1,0,1.85,1289,0.656,5,bc04cdbb3e370013,0.637,5,1299,0.0,17.6,35.52,76.6,5,Active,60,1153,2167,1.133,5
0.507,73.8,0.17,1,81.5,4,1,0.39,1137,0.5,3,7b4646d552162fb0,0.509,3,1327,0.3,11.0,2.48,124.6,3,Active,29,182,367,0.517,4
0.417,64.4,4.42,5,23.4,4,0,0.31,1027,0.154,1,f9d83b26715669e6,0.514,3,1239,0.5,-19.0,0.67,133.1,2,Active,20,43,103,0.1,2
0.349,47.1,0.81,3,1508.1,2,0,0.29,2080,0.288,1,3a64be543b9b29d5,0.37,1,2094,0.9,134.0,13.15,152.7,1,Active,13,594,2252,0.846,5
0.268,22.3,0.21,1,2.4,5,1,0.57,729,0.268,1,4a24726fc2d7bbbf,0.321,1,807,0.4,-66.0,0.81,136.8,2,Active,7,10,41,0.0,1
0.565,72.5,0.48,2,28.5,4,1,1.78,1093,0.462,3,5a57b3d8cf08695a,0.602,4,1214,56.1,0.1,10.06,101.2,4,Stopped,28,158,283,0.643,4
0.484,33.3,0.25,1,496.0,3,1,1.08,1269,0.538,4,feb86b58c11eb232,0.486,3,1269,0.2,17.5,8.69,96.4,4,Active,31,250,570,0.742,4
0.655,3.4,1.06,4,439.2,3,0,2.7,1168,0.655,5,bd5efcf678025f13,0.689,5,1171,0.1,70.0,96.92,165.5,1,Active,9,323,510,0.0,1
0.588,17.4,2.13,4,3977.8,1,0,2.65,1187,0.576,4,e1cefd2291d7b88c,0.579,4,1270,0.0,0.8,22.83,91.3,5,Active,28,241,413,0.536,4
0.457,27.4,0.8,3,1278.3,2,0,6.37,1170,0.504,4,465e143875e37cde,0.482,3,1310,0.0,7.1,43.8,58.3,5,Active,157,1079,2761,2.229,5
0.196,18.4,0.15,1,984.1,2,1,0.49,805,0.0,1,c65b5c890f9cead8,0.16,1,861,6.3,-53.0,1.81,153.4,1,Stopped,6,22,112,0.167,3
0.498,19.3,1.9,4,238.2,3,0,1.42,1516,0.553,4,f0b4f133e6dc0351,0.478,3,1520,1.6,-2.2,17.01,103.6,4,Active,24,287,627,0.917,5
0.668,71.1,2.31,5,4804.9,1,0,0.13,1338,0.608,4,f2071ccc18c4417a,0.667,5,1344,1.3,0.0,10.31,140.7,2,Active,9,693,1143,1.889,5
0.596,20.8,0.97,3,393.7,3,0,3.56,1447,0.57,4,beeb52290bc9a95d,0.629,4,1447,0.2,23.3,37.26,77.3,5,Active,69,722,1268,1.565,5
0.341,68.0,0.27,1,1036.2,2,1,0.97,1256,0.276,1,793824c5c89b217e,0.33,1,1278,0.3,10.3,10.2,78.5,5,Active,66,691,2229,1.47,5
0.245,20.3,0.11,1,18.9,4,1,0.36,1207,0.033,1,c4e6a026b635008e,0.172,1,1207,0.8,99.0,2.08,124.0,3,Active,7,40,163,0.0,1
0.416,13.7,0.13,1,127.1,3,1,0.98,1450,0.379,2,add3bb43d16b8c02,0.432,2,1489,0.5,74.2,16.59,164.6,1,Active,13,219,543,0.538,4
0.568,18.0,3.84,5,3453.7,1,0,1.4,1274,0.544,4,a72b661b1929b6b6,0.567,4,1388,0.0,5.7,12.17,107.1,4,Active,25,218,387,0.56,4
0.47,25.7,0.84,3,851.6,3,0,2.5,1588,0.437,3,bd5dc0b4bb7ab046,0.541,3,1654,0.9,9.5,25.16,89.9,5,Active,62,623,1413,1.242,5
0.471,44.7,1.48,4,308.5,3,0,2.74,1423,0.331,2,1dfc2b23dc817756,0.477,2,1625,17.0,10.3,22.52,85.1,5,Stopped,76,624,1385,0.461,4
0.443,22.3,1.95,4,12.1,4,0,2.46,1016,0.222,1,97d902a51f83623c,0.451,2,1016,19.8,0.0,28.24,121.0,3,Stopped,6,69,183,0.0,1
0.43,15.6,4.45,5,3510.9,1,0,0.94,1186,0.539,4,b08a4ea357816be3,0.415,2,1208,0.8,84.0,28.07,120.4,3,Active,14,416,970,0.286,3
0.569,48.5,6.14,5,3247.5,2,0,1.76,1797,0.428,3,eaec0852cace4991,0.556,4,1797,1.5,-2.3,11.73,78.9,5,Active,75,501,893,0.627,4
0.394,6.7,0.48,2,87.3,4,1,2.08,1189,0.263,1,cc7d8bfdbc6a001a,0.345,1,1200,3.3,0.0,11.61,154.6,1,Stopped,7,39,99,1.0,5
0.762,10.3,0.91,3,0.6,5,0,1.13,1024,0.5,3,46b0871b5bfd6457,0.8,5,1024,0.5,26.7,6.48,123.9,3,Active,11,63,84,0.182,3
0.387,13.5,0.68,3,3.2,5,0,1.78,964,0.0,1,498e8a2a3ac1bbce,0.38,1,1018,6.1,60.0,7.64,128.7,2,Stopped,10,43,111,0.0,1
0.5,32.6,0.54,2,45.5,4,0,0.33,1477,0.378,2,ceda591d9f1ee064,0.66,5,1477,0.2,0.0,3.59,140.4,2,Active,10,110,274,0.1,2
0.42,98.8,2.97,5,27.4,4,0,1.22,2192,0.36,2,33f8fbb797f77917,0.454,2,2457,1.0,12.7,11.07,148.0,1,Active,119,1082,2671,0.261,3
0.522,31.1,0.62,2,2846.1,2,0,3.08,1635,0.53,4,2831ec578e294c0c,0.56,4,1770,0.4,11.1,38.66,84.7,5,Active,87,1093,2232,1.529,5
0.514,15.6,4.83,5,42.6,4,0,0.34,1547,0.6,4,b9f7935763f58402,0.4,1,1547,0.8,0.0,1.24,139.0,2,Active,5,18,35,0.0,1
0.325,139.1,0.1,1,213.2,3,1,0.25,1980,0.2,1,32e6be1ec3b3cba9,0.323,1,1980,1.4,16.7,1.54,260.5,1,Active,35,212,661,0.257,3
0.621,14.7,0.12,1,126.7,3,1,1.12,1462,0.722,5,94beffd2587d14f7,0.548,4,1473,1.3,52.7,4.17,140.9,2,Active,15,56,95,0.267,3
0.463,9.8,2.4,5,1028.9,2,0,2.58,1041,0.442,3,fda1cacd606e58bf,0.5,3,1041,0.0,14.9,27.85,95.5,4,Active,25,270,598,0.88,5
0.576,51.9,0.83,3,2234.9,2,0,0.74,1021,0.273,1,9d1d8ae0b42eeec4,0.602,4,1378,4.3,-14.7,3.29,93.6,5,Stopped,35,156,271,0.257,3
0.637,15.4,0.47,2,2.6,5,1,0.38,1622,0.655,5,c9551e72c7743968,0.85,5,1629,0.1,0.0,4.43,190.8,1,Active,5,58,91,0.6,4
0.345,108.5,0.01,1,1585.8,2,1,0.31,1483,0.325,2,69561135577309e7,0.348,1,1539,0.9,2.5,2.13,244.8,1,Active,33,226,802,1.667,5
0.452,6.4,0.14,1,25.6,4,1,1.27,1647,0.333,2,fd3bdaae9daea5be,0.447,2,1713,0.1,-42.0,11.12,183.6,1,Active,8,70,166,0.75,4
0.366,4.5,0.49,2,21.8,4,1,2.04,2029,0.327,2,d0203a19db1d68ba,0.304,1,2029,1.6,0.0,16.64,234.0,1,Active,6,49,134,0.167,3
0.509,9.2,1.0,3,1.8,5,0,1.71,2336,0.235,1,55eb475a987bad2a,0.437,2,2361,1.6,84.0,7.51,212.9,1,Active,13,57,112,0.154,3
0.412,40.4,1.78,4,2660.1,2,0,2.79,1981,0.391,2,a12fb5b6e5750898,0.398,1,2001,0.8,17.3,22.87,90.1,5,Active,96,788,1982,0.167,3
0.389,7.9,0.21,1,415.9,3,1,1.03,971,0.2,1,5f94833fd3f5f0ec,0.403,2,971,0.7,0.0,12.73,114.3,3,Active,5,62,167,1.0,5
0.471,29.2,2.89,5,19.9,4,0,0.45,847,0.5,3,a12ecb3e9bdb4fc7,0.466,2,1010,0.4,14.3,2.24,123.1,3,Active,13,64,140,0.0,1
0.651,21.2,3.87,5,8999.7,1,0,1.18,1245,0.641,5,af2c690a97832cfe,0.633,4,1353,0.1,7.8,80.54,88.5,5,Active,25,1704,2624,0.44,4
0.475,20.1,1.11,4,71.6,4,0,0.44,767,0.475,3,9102ba9e3676e2a2,0.5,3,815,1.6,0.0,1.38,136.1,2,Active,6,19,40,0.333,3
0.425,74.2,0.25,1,4418.7,1,1,0.25,1292,0.211,1,a63ac6baf6d7e64f,0.388,1,1349,1.0,8.8,6.3,132.2,2,Active,18,454,1182,1.0,5
0.532,107.6,0.24,1,35.9,4,1,0.12,1715,0.429,3,beb98983e39a481e,0.588,4,1715,27.9,59.0,0.55,542.9,1,Stopped,7,31,62,0.429,4
0.353,21.2,1.12,4,6537.1,1,0,0.5,1252,0.25,1,4b4cc74c44168e0a,0.34,1,1252,0.5,0.0,2.9,159.7,1,Active,6,35,102,0.0,1
0.472,84.9,0.45,2,22494.9,1,1,0.49,2174,0.372,2,1498d88c0136da19,0.46,2,2174,9.3,69.6,14.11,239.2,1,Stopped,34,978,2195,1.147,5
0.452,16.1,0.33,2,1478.0,2,1,0.6,2327,0.333,2,576eeb5fdb3e4e05,0.503,3,2327,1.0,0.0,12.14,219.2,1,Active,9,183,427,0.333,3
0.37,78.8,0.47,2,3584.9,1,1,1.99,1797,0.315,2,2bb7738dc9776763,0.428,2,1976,32.2,11.5,26.98,164.6,1,Stopped,91,1236,3793,1.077,5
0.5,6.0,0.12,1,4.1,5,1,0.86,1150,1.0,5,d63d8f745cf14ad3,0.75,5,1150,0.2,0.0,3.11,135.1,2,Active,5,18,36,0.0,1
0.174,17.7,0.37,2,88.0,4,1,1.26,867,0.0,1,62c2a209795e63f6,0.257,1,1111,0.4,-45.7,2.2,123.5,3,Active,16,28,178,0.062,2
0.402,72.1,1.45,4,42.5,4,0,1.44,2364,0.326,2,3915d5623d60dd75,0.462,2,2399,0.0,12.5,33.44,97.3,4,Active,104,2409,6260,1.308,5
0.288,9.6,0.69,3,293.6,3,0,3.86,1048,0.136,1,335e2b8c90d4ea5f,0.38,1,1086,0.0,16.8,28.83,108.8,4,Active,19,142,496,0.158,3
0.284,39.9,2.66,5,4993.8,1,0,0.57,1906,0.304,2,b3410361f20eaf7c,0.26,1,1906,1.4,30.8,5.3,124.2,3,Active,22,204,816,0.455,4
0.341,78.1,0.06,1,191.6,3,1,1.26,1006,0.24,1,e2e32269111c8b6d,0.299,1,1368,46.5,-25.4,3.82,228.4,1,Stopped,40,121,378,0.775,4
0.543,24.5,0.04,1,28.9,4,1,1.78,1418,0.406,3,f64e6bc6a4a51722,0.594,4,1461,17.2,38.5,14.94,144.3,1,Stopped,13,109,219,0.846,5
0.764,19.4,1.62,4,994.4,2,0,4.6,1770,0.798,5,c93b7fcf20b89c3c,0.776,5,1821,0.1,7.6,33.74,67.9,5,Active,89,653,1031,0.236,3
0.471,37.9,0.73,3,64956.7,1,0,0.32,1008,0.2,1,51dd79a123f3bab6,0.471,2,1049,0.3,15.2,1.3,134.9,2,Active,12,49,104,0.083,2
0.551,4.3,18.43,5,17.6,4,0,2.04,958,0.6,4,e0d91eb9068980ca,0.458,2,995,0.8,0.0,18.95,142.7,2,Active,7,65,136,0.0,1
0.648,49.2,0.01,1,74.2,4,1,0.16,1336,0.618,5,a6edd31570129a40,0.64,5,1336,0.5,106.0,2.73,136.2,2,Active,8,133,219,0.5,4
0.693,7.0,0.96,3,1.8,5,0,1.24,2140,0.586,4,fd5280c901e99849,0.76,5,2140,0.4,0.0,12.61,192.2,1,Active,6,61,88,0.0,1
0.756,20.7,1.73,4,3208.4,2,0,2.3,1455,0.781,5,24ba30c8eae44164,0.781,5,1455,0.0,25.4,35.5,80.2,5,Active,41,632,938,0.415,4
0.541,20.4,1.33,4,264.2,3,0,1.84,1638,0.535,4,30367d709e7ff2f4,0.527,3,1638,0.2,26.6,36.12,82.8,5,Active,37,727,1375,0.946,5
0.465,15.3,1.97,4,6.8,5,0,1.28,1416,0.667,5,c4f020589d8d8736,0.432,2,1416,6.6,29.0,4.66,126.2,3,Stopped,11,40,86,0.0,1
0.332,38.9,2.41,5,11408.9,1,0,0.28,1250,0.164,1,282ced42169e2b0f,0.353,1,1250,0.2,-13.5,2.63,133.2,2,Active,11,102,307,0.364,3
0.221,20.5,0.17,1,46.5,4,1,0.53,541,0.2,1,fc3f738ef1756745,0.321,1,855,0.2,-87.0,0.95,155.4,1,Active,9,16,77,0.333,3
0.582,1.7,1.97,4,20.0,4,0,3.73,1227,0.743,5,d5b7f565094dfd31,0.57,4,1227,0.0,0.0,64.73,123.8,3,Active,6,104,184,0.333,3
0.253,81.3,0.44,2,4401.8,1,1,1.21,1825,0.241,1,ed831ff72d6aa02b,0.287,1,1855,29.2,11.5,7.65,192.7,1,Stopped,62,391,1639,0.371,3
0.519,29.3,0.57,2,2229.3,2,0,0.24,923,0.556,4,3863c3f0f2cf3e9b,0.508,3,969,0.2,-30.0,2.34,145.1,1,Active,7,68,135,0.0,1
0.371,32.0,22.2,5,8.7,4,0,0.25,1293,0.133,1,0ac1f93948a831c8,0.455,2,1297,4.2,0.0,1.82,154.0,1,Stopped,6,43,116,0.333,3
0.5,22.8,0.5,2,2431.2,2,0,1.86,1419,0.602,4,96e862d82755ad07,0.604,4,1419,3.5,21.4,36.24,82.3,5,Stopped,31,604,1350,0.806,5
0.572,54.0,1.45,4,1851.1,2,0,1.28,1318,0.547,4,8f8f77080b434a1c,0.581,4,1328,0.0,13.5,16.4,88.0,5,Active,63,808,1495,1.476,5
0.351,8.7,2.36,5,75.0,4,0,0.82,790,0.351,2,af87e1931715ffb8,0.368,1,845,0.2,0.0,1.29,131.1,2,Active,7,11,37,0.0,1
0.432,78.9,1.91,4,4306.0,1,0,0.48,1292,0.409,3,8b68d20314a1e2f8,0.424,2,1464,26.5,-19.7,7.69,286.5,1,Stopped,25,401,982,1.36,5
0.674,5.2,0.78,3,4018.8,1,0,1.44,949,0.667,5,ad696c1f51d7bf6a,0.72,5,1001,0.1,0.0,19.37,144.5,1,Active,7,94,141,0.0,1
0.476,23.5,0.4,2,16.1,4,1,0.48,856,0.0,1,c3b57905be107698,0.579,4,902,4.9,-7.5,1.08,126.0,3,Stopped,9,20,42,0.111,2
0.381,119.1,0.63,3,605.4,3,0,0.16,2183,0.369,2,eeb7427fd8ab40d8,0.473,2,2183,5.8,53.3,3.99,324.1,1,Stopped,18,452,1325,0.222,3
0.487,36.4,2.37,5,5614.9,1,0,0.35,992,0.449,3,849b0b97b167ff2a,0.496,3,1074,1.5,14.0,8.73,131.4,2,Active,10,252,708,0.3,3
0.569,20.4,2.53,5,2055.3,2,0,3.11,1090,0.625,5,83a68152a18a9f4d,0.605,4,1171,0.0,6.6,29.32,90.6,5,Active,28,264,547,0.286,3
0.443,7.7,1.14,4,463.7,3,0,1.22,1169,0.571,4,90e3177702debe13,0.44,2,1169,1.0,0.0,21.71,128.8,2,Active,6,107,244,0.0,1
0.564,29.8,0.63,3,2.5,5,0,1.44,1898,0.5,3,4bc68eaaf81ae120,0.586,4,2136,16.6,-3.0,5.91,205.8,1,Stopped,19,78,140,0.0,1
0.224,14.5,0.36,2,3.9,5,1,2.3,922,0.0,1,f0742c0df4732326,0.273,1,998,10.1,-17.5,3.16,134.1,2,Stopped,8,11,49,0.0,1
0.378,63.9,0.41,2,870.4,2,1,0.55,1606,0.248,1,cfbdfbd2aa2a49cb,0.39,1,1606,0.2,25.1,14.77,107.1,4,Active,33,890,2485,0.606,4
0.414,60.4,4.64,5,45795.6,1,0,0.36,849,0.326,2,98b13b7eed1c56b6,0.389,1,960,0.0,-16.1,4.91,105.7,4,Active,22,296,835,0.455,4
0.408,14.0,0.07,1,1791.5,2,1,1.03,1102,0.6,4,cc15f4a232cd014f,0.356,1,1102,2.7,0.0,9.19,118.5,3,Active,9,80,211,0.889,5
0.613,35.3,0.37,2,2527.1,2,1,1.3,1105,0.633,5,da55dd47f2879707,0.614,4,1238,8.9,6.1,10.83,90.2,5,Stopped,34,283,476,1.676,5
0.47,39.3,2.0,4,101.6,3,0,0.42,1720,0.414,3,3d46414fcdfafbb3,0.51,3,1838,1.4,95.3,5.49,184.5,1,Active,16,208,474,0.25,3
0.34,20.5,0.04,1,1968.4,2,1,0.4,893,0.0,1,c2e4f290a4b9c148,0.276,1,924,0.6,-4.0,5.19,118.6,3,Active,8,103,318,0.375,3
0.379,93.9,0.64,3,26620.2,1,0,0.13,999,0.2,1,62c6ac3303c04803,0.439,2,1423,25.6,-72.4,2.52,467.9,1,Stopped,9,172,459,0.222,3
0.661,4.9,0.18,1,177.0,3,1,2.65,808,1.0,5,b47f6726954f4537,0.641,5,943,0.4,-31.0,18.58,123.0,3,Active,12,84,127,0.417,4
0.358,40.3,5.37,5,109.7,3,0,2.61,1435,0.279,1,58ce3f7eafc0be60,0.36,1,1606,0.1,4.3,8.99,73.9,5,Active,105,361,1044,0.238,3
0.573,21.6,2.16,5,1234.6,2,0,1.74,1408,0.526,4,dd655c4aae4597cd,0.609,4,1454,0.4,37.7,13.13,83.8,5,Active,35,264,461,0.143,3
0.41,118.4,0.84,3,9314.4,1,0,4.02,1537,0.329,2,078d77bdb55c4538,0.445,2,2009,28.1,12.9,24.88,99.8,4,Stopped,361,2232,5781,0.975,5
0.43,15.4,0.16,1,2233.2,2,1,1.8,1287,0.714,5,8b27c1794fe78395,0.43,2,1287,0.1,14.3,7.01,101.8,4,Active,27,105,249,0.037,2
0.453,11.8,3.82,5,433.0,3,0,1.11,938,0.453,3,7671d1070a949093,0.55,4,987,2.6,0.0,2.96,124.0,3,Active,9,24,53,0.0,1
0.625,26.2,0.23,1,17.9,4,1,0.36,1256,1.0,5,d195321d723570b3,0.625,4,1256,4.3,0.0,1.82,141.2,2,Stopped,8,40,64,0.0,1
0.56,48.6,1.49,4,2034.7,2,0,0.73,1193,0.58,4,009074ab5cb54acf,0.571,4,1283,0.0,12.3,24.52,110.8,4,Active,29,979,1838,3.586,5
0.355,23.0,1.36,4,2104.3,2,0,3.3,1664,0.346,2,8dc31450e85e8b6f,0.383,1,1664,2.5,13.0,32.86,78.1,5,Active,67,668,2163,1.433,5
0.445,23.3,4.71,5,47.7,4,0,2.33,1912,0.357,2,0f42b1d763c19c5d,0.47,2,1912,0.1,15.8,21.26,99.3,4,Active,54,493,1148,0.407,4
0.569,26.6,0.38,2,14.8,4,1,1.19,1378,0.462,3,1d9bc6feff4da967,0.661,5,1378,5.2,39.2,3.73,105.8,4,Stopped,21,66,116,0.0,1
0.321,21.1,1.29,4,569.4,3,0,4.2,1194,0.236,1,7513c20f866b4ef5,0.31,1,1556,0.2,2.4,20.15,75.7,5,Active,88,422,1375,0.42,4
0.412,23.8,1.08,4,24.1,4,0,1.95,1848,0.279,1,a95f37de6bb63af6,0.493,3,1879,0.2,26.5,9.55,109.1,4,Active,46,225,548,0.109,2
0.085,18.2,1.22,4,1340.9,2,0,0.62,933,0.0,1,93d1e9740e774777,0.091,1,1090,0.4,25.2,0.67,162.3,1,Active,11,12,142,0.091,2
0.333,15.6,2.35,5,12.6,4,0,0.63,978,0.75,5,be63fcb4f470fe7f,0.45,2,978,0.8,0.0,2.4,120.6,3,Active,5,19,57,0.0,1
0.489,85.1,0.2,1,5349.0,1,1,0.17,1037,0.35,2,2ef9b0a7606e01c7,0.416,2,1374,6.7,-34.6,1.53,380.6,1,Stopped,13,119,268,0.462,4
0.318,21.9,0.06,1,974.1,2,1,0.59,1062,0.2,1,daa6bc78c78792e7,0.366,1,1062,0.1,6.7,6.52,136.6,2,Active,12,132,421,0.333,3
0.435,70.6,0.2,1,3000.1,2,1,1.65,1327,0.361,2,06c5480835879eb6,0.454,2,1525,4.1,8.9,9.18,75.5,5,Stopped,109,605,1549,1.0,5
0.348,44.4,65.0,5,1150.0,2,0,0.42,696,1.0,5,9d05c7d6d2272b7c,0.4,1,970,3.6,-11.1,1.54,123.5,3,Stopped,17,63,198,0.941,5
0.577,8.4,2.61,5,25.5,4,0,1.03,1038,0.857,5,aea4185919f479d8,0.719,5,1038,0.0,0.0,19.78,121.8,3,Active,8,154,274,0.625,4
0.352,5.7,1.35,4,262.3,3,0,5.3,1158,0.143,1,c7923d5e1236b2ef,0.361,1,1232,0.2,20.7,14.28,120.7,3,Active,23,62,193,0.435,4
0.572,25.4,0.82,3,3.5,5,0,2.2,1699,0.387,2,bcf1dc4092150456,0.488,3,1699,0.2,27.7,16.33,99.2,4,Active,33,245,442,0.0,1
0.341,57.1,2.67,5,3.5,5,0,0.3,989,0.341,2,9dfd87a320377c36,0.269,1,1063,23.2,-23.5,0.45,140.1,2,Stopped,10,15,44,0.0,1
0.486,29.2,0.08,1,581.4,3,1,0.54,1357,0.469,3,8300db5fc3368259,0.466,2,1357,0.0,62.3,10.51,107.7,4,Active,14,271,574,0.429,4
0.495,8.2,1.81,4,2904.0,2,0,2.48,855,0.4,3,34ea4a76cd63e646,0.455,2,966,0.1,24.9,30.64,116.9,3,Active,20,247,503,0.2,3
0.539,38.0,0.06,1,6.6,5,1,0.59,1140,0.5,3,a739d461ee05749a,0.567,4,1140,2.2,0.0,4.71,137.3,2,Active,5,40,76,0.2,3
0.5,50.9,0.04,1,5725.9,1,1,0.59,968,0.354,2,d58334b76fa6a5a0,0.532,3,1035,0.3,22.3,9.24,112.6,4,Active,21,330,668,0.381,3
0.547,80.3,0.25,1,3410.9,2,1,1.1,1413,0.433,3,570c36048fc28a34,0.577,4,1841,1.0,-0.9,6.83,170.3,1,Active,87,541,1021,0.575,4
0.404,19.9,0.66,3,20.1,4,0,1.23,832,0.222,1,056cf61e745aed2d,0.429,2,969,2.8,38.8,3.41,121.3,3,Active,21,58,146,0.048,2
0.555,7.7,0.75,3,4714.1,1,0,1.01,943,0.429,3,05a50282dfb04bcd,0.576,4,954,0.1,0.0,26.82,119.7,3,Active,6,160,299,0.667,4
0.627,36.5,0.07,1,4042.7,1,1,0.84,552,0.824,5,6cb02c2f0a509ba4,0.581,4,1015,0.1,17.6,11.71,110.6,4,Active,30,416,786,1.167,5
0.487,50.1,1.19,4,4.1,5,0,0.42,1322,0.375,2,8781dbe9a72b5757,0.444,2,1548,0.5,-35.5,1.56,107.2,4,Active,21,77,158,0.095,2
0.258,3.5,0.5,2,1172.8,2,0,3.17,1377,0.282,1,9a4c92982052e203,0.252,1,1389,0.0,61.5,21.06,158.3,1,Active,11,73,291,0.364,3
0.4,131.0,1.46,4,548.2,3,0,3.46,1187,0.244,1,eb749f37a6a8466f,0.412,2,1509,0.8,5.5,8.64,85.3,5,Active,450,1124,2834,0.138,3
0.5,53.1,1.51,4,5857.5,1,0,1.51,1465,0.449,3,436da60fc279bd5a,0.508,3,1647,0.1,23.9,41.83,73.6,5,Active,72,1992,4352,1.472,5
0.53,49.7,0.97,3,4065.8,1,0,4.77,1207,0.483,3,7a436a7d1d6683b6,0.547,4,1500,0.1,6.1,31.21,58.5,5,Active,236,1544,3041,1.449,5
0.477,6.6,0.71,3,7.4,5,0,5.57,2143,0.353,2,03f2505ffef33ff5,0.486,3,2143,5.6,0.0,28.75,197.9,1,Stopped,6,31,65,0.0,1
0.449,71.7,0.81,3,1788.7,2,0,1.48,1445,0.436,3,85d336fe01d5a962,0.468,2,1581,7.4,7.4,16.38,83.7,5,Stopped,95,1053,2666,1.168,5
0.586,4.9,3.83,5,42.7,4,0,2.11,1044,0.6,4,8b10158be0e305f5,0.8,5,1044,2.4,0.0,7.17,104.3,4,Active,5,17,29,0.0,1
0.564,29.4,1.39,4,9975.7,1,0,0.77,1015,0.8,5,ca67285e891eb028,0.547,4,1114,0.9,11.1,6.7,102.7,4,Active,22,191,349,0.182,3
0.606,27.6,0.21,1,785.6,3,1,2.59,1381,0.477,3,6a88f1965d3388e5,0.613,4,1406,0.5,8.3,27.43,87.6,5,Active,70,740,1309,0.614,4
0.424,21.6,11.16,5,516.7,3,0,1.72,1399,0.407,3,5f10dd5fec7e3922,0.443,2,1442,0.0,24.9,22.63,102.3,4,Active,37,488,1180,1.243,5
0.541,18.1,2.67,5,265.6,3,0,0.65,1517,0.667,5,6a98457bd60a1328,0.57,4,1517,0.5,132.0,6.61,91.2,5,Active,11,111,209,0.273,3
0.444,19.5,2.55,5,542.2,3,0,0.51,1200,0.6,4,7e197a182039b729,0.463,2,1200,1.0,50.0,2.91,147.2,1,Active,9,51,117,0.0,1
0.455,29.3,0.96,3,23.8,4,0,1.35,1574,0.368,2,1b315c34259298b3,0.473,2,1695,0.1,33.9,11.54,90.6,5,Active,39,333,736,0.462,4
0.737,10.2,1.53,4,1711.8,2,0,1.97,1123,0.731,5,4c5534c002e7a3cf,0.725,5,1123,0.0,-0.3,37.31,111.5,4,Active,20,379,579,0.55,4
0.492,71.1,0.07,1,17.8,4,1,1.04,2141,0.307,2,7e4b05eca655623a,0.487,3,2141,1.1,23.1,5.27,118.6,3,Active,73,369,766,0.096,2
0.475,23.9,0.96,3,24.6,4,0,0.63,1630,0.519,4,1cec6622314d3893,0.47,2,1630,0.1,95.0,36.14,171.4,1,Active,7,400,855,0.0,1
0.595,21.8,0.82,3,606.0,3,0,2.61,1416,0.579,4,2fc77de73f2c5f0e,0.61,4,1416,0.2,18.6,28.64,84.4,5,Active,50,548,1031,2.24,5
0.608,33.7,1.0,3,2270.3,2,0,0.86,1715,0.5,3,aecbb10e378015a7,0.559,4,1715,1.0,30.8,5.11,92.0,5,Active,28,167,288,0.571,4
0.655,3.4,0.04,1,3.3,5,1,1.8,1476,1.0,5,cc273779e5bb947e,0.643,5,1476,0.1,0.0,6.86,160.7,1,Active,5,19,29,0.0,1
0.489,29.2,0.46,2,7499.3,1,1,1.83,1325,0.333,2,517f43c531192e91,0.61,4,1325,2.1,15.4,4.91,88.4,5,Active,32,86,178,0.094,2
0.438,54.4,0.5,2,3330.0,2,0,3.9,1597,0.345,2,714f7efca75eef30,0.433,2,1998,0.8,7.9,28.71,63.7,5,Active,209,1539,3561,0.282,3
0.691,66.7,2.09,4,55.9,4,0,0.15,1069,0.262,1,f501aee22513294a,0.68,5,1193,0.1,15.0,5.68,156.3,1,Active,10,375,550,0.8,5
0.586,66.8,1.02,3,2678.4,2,0,0.22,1443,0.452,3,eec59af78f3dd7f6,0.616,4,1443,8.2,76.0,26.72,162.8,1,Stopped,8,982,1758,1.75,5
0.45,21.1,0.71,3,4300.7,1,0,5.14,1632,0.367,2,67e05558ea993c48,0.446,2,1733,0.6,16.4,39.33,72.3,5,Active,103,788,1787,1.097,5
0.482,9.3,1.44,4,84.2,4,0,3.26,1061,0.44,3,c5a0391947f3bcac,0.504,3,1207,1.8,0.9,34.4,107.6,4,Active,24,253,541,0.042,2
0.595,12.5,1.18,4,4248.9,1,0,1.77,938,0.667,5,ff9f623b17d08221,0.614,4,1020,0.1,-1.2,54.04,108.5,4,Active,22,672,1159,0.273,3
0.355,25.2,0.03,1,248.9,3,1,0.21,897,0.355,2,7179dfd63a82893d,0.419,2,897,1.0,0.0,0.91,122.6,3,Active,5,22,62,0.4,4
0.576,23.0,0.83,3,0.1,5,0,0.25,862,0.0,1,5d1a4fc39ec9d203,0.706,5,862,2.6,0.0,1.88,118.8,3,Active,5,38,66,0.0,1
0.524,55.1,0.53,2,3643.4,1,0,1.27,2255,0.416,3,290ef9c46809648c,0.533,3,2255,0.2,23.5,4.97,111.8,4,Active,70,273,525,0.243,3
0.454,24.1,1.85,4,1756.7,2,0,4.03,1926,0.458,3,0755078f99a2c291,0.468,2,2005,0.0,31.6,58.71,85.8,5,Active,90,1311,3027,1.078,5
0.466,24.2,4.02,5,3241.9,2,0,0.71,858,0.333,2,507ff3263d4f5b85,0.473,2,912,0.4,-52.0,14.46,157.8,1,Active,6,122,266,0.167,3
0.375,41.4,0.81,3,1286.2,2,0,1.41,1093,0.277,1,774d2698bd78b8c3,0.352,1,1093,1.7,5.1,6.6,78.7,5,Active,54,253,872,0.87,5
0.609,10.2,16.33,5,1765.2,2,0,0.69,1256,0.5,3,7700d7dbb8a79037,0.588,4,1256,0.0,0.0,9.15,119.1,3,Active,7,93,156,0.0,1
0.324,50.7,1.48,4,60.5,4,0,2.22,1160,0.188,1,2b219061f14d3058,0.347,1,1244,0.5,16.5,8.14,121.9,3,Active,15,55,176,0.267,3
0.419,49.4,1.13,4,260.2,3,0,0.57,1315,0.329,2,b13f72720ae25d54,0.432,2,1389,1.0,18.6,3.21,100.0,4,Active,27,151,384,0.37,3
0.607,34.3,74.0,5,58.7,4,0,0.24,921,0.263,1,ed5eee90c5f0ba2a,0.647,5,932,0.0,-2.5,2.63,136.7,2,Active,8,88,150,0.5,4
0.457,16.8,58.8,5,518.0,3,0,0.86,905,0.833,5,8dd30d377c44e2ed,0.534,3,978,0.2,32.0,13.85,124.1,3,Active,14,226,598,0.857,5
0.463,25.3,0.16,1,471.0,3,1,0.96,1435,0.333,2,d3a35f78486ebdd3,0.538,3,1463,1.9,7.0,9.24,115.3,3,Active,19,182,404,0.263,3
0.543,75.1,0.71,3,29.2,4,0,0.15,947,0.5,3,1f8fca63e5830145,0.417,2,1154,1.2,-50.5,0.56,160.1,1,Active,10,37,70,0.6,4
0.483,40.6,1.33,4,6125.7,1,0,1.22,1227,0.444,3,b5bf5e4e296a16e8,0.522,3,1227,1.4,7.9,18.31,81.9,5,Active,48,718,1667,1.354,5
0.411,33.3,1.31,4,8200.6,1,0,3.65,1480,0.381,2,a8e5fef56a25a10d,0.427,2,1538,3.8,15.2,27.53,78.0,5,Stopped,102,770,1914,1.255,5
0.735,45.1,0.06,1,1646.8,2,1,0.45,930,0.9,5,e42e08835fd756a4,0.6,4,1116,12.0,-3.8,4.41,130.2,2,Stopped,15,146,200,0.333,3
0.465,10.7,6.11,5,2470.6,2,0,3.18,1459,0.571,4,b403b6752541229c,0.448,2,1472,0.1,45.3,30.53,103.0,4,Active,32,307,675,1.094,5
0.511,29.1,0.34,2,56.9,4,1,0.75,1327,0.485,3,01d8ee14f9fd0535,0.5,3,1353,0.2,23.3,5.09,143.1,2,Active,16,109,223,0.75,4
0.401,40.1,0.54,2,2418.6,2,0,3.07,2127,0.368,2,54ae7efbd4be3173,0.438,2,2189,4.6,24.4,61.05,84.5,5,Stopped,106,2110,5614,2.009,5
0.33,14.8,0.21,1,6.4,5,1,0.7,1084,0.25,1,5ae9586ce0cc6ac5,0.364,1,1206,0.4,-3.0,1.95,154.3,1,Active,10,28,88,0.0,1
0.413,6.9,5.3,5,47.3,4,0,1.03,1339,0.4,3,9ebd9309bd13fcda,0.581,4,1389,0.1,0.0,7.66,166.8,1,Active,7,52,126,0.286,3
0.482,19.0,1.92,4,248.1,3,0,0.49,1000,0.583,4,7d5e0f778f4b7f7c,0.627,4,1000,0.1,33.0,14.36,131.8,2,Active,8,236,490,0.5,4
0.601,8.0,1.14,4,3455.4,1,0,1.24,959,0.353,2,b7de8cd2744229f0,0.613,4,959,0.1,27.0,13.97,130.0,2,Active,8,90,163,0.75,4
0.345,13.6,2.56,5,231.6,3,0,1.24,977,0.444,3,75938dc35abf5bd1,0.299,1,990,0.1,-3.4,6.19,115.4,3,Active,16,80,235,0.25,3
0.438,54.1,1.58,4,97.3,4,0,0.26,1057,0.293,2,e1404da7710591a2,0.378,1,1144,0.3,44.3,3.01,121.9,3,Active,14,162,377,0.429,4
0.575,19.1,0.64,3,238.0,3,0,0.7,1222,0.5,3,5d9d3705fd6945b3,0.659,5,1282,0.5,18.3,5.1,137.2,2,Active,13,95,193,2.0,5
0.267,10.2,0.74,3,30.5,4,0,2.62,874,0.083,1,b1c0fd3e8a8c956a,0.333,1,1050,0.4,-15.3,6.5,109.8,4,Active,25,62,232,0.04,2
0.342,141.5,2.69,5,28.6,4,0,0.09,1858,0.179,1,0fa6070c1ad445ea,0.336,1,1938,0.5,19.0,1.06,429.2,1,Active,12,149,447,0.167,3
0.562,17.9,0.59,2,1680.0,2,0,3.43,1541,0.548,4,489463bb850f8582,0.58,4,1677,0.3,18.1,34.33,93.9,5,Active,54,540,1065,1.296,5
0.501,76.7,2.66,5,12976.1,1,0,1.08,1686,0.407,3,816a4849a8775644,0.58,4,1884,0.0,15.5,10.21,78.7,5,Active,83,782,1795,0.542,4
0.439,30.0,1.09,4,70.0,4,0,1.49,869,0.5,3,b0a98841372e6857,0.507,3,992,2.4,2.9,9.98,108.9,4,Active,23,154,353,0.348,3
0.525,48.7,59.5,5,4725.0,1,0,0.53,908,0.48,3,036d2327be30df12,0.477,2,1016,3.9,4.2,6.98,111.2,4,Stopped,18,239,484,0.056,2
0.493,15.4,4.97,5,5378.2,1,0,2.19,1262,0.417,3,1622e678dae6a29d,0.491,3,1262,0.0,5.4,25.99,93.8,5,Active,26,309,633,0.154,3
0.604,50.4,0.03,1,1569.7,2,1,0.72,926,0.593,4,e11f78d6455ff0c6,0.521,3,1210,0.7,-3.9,2.38,96.2,4,Active,29,96,164,1.207,5
0.155,8.9,2.09,4,16.2,4,0,1.37,828,0.125,1,e4d34c560e4198c9,0.139,1,906,3.4,0.0,1.96,134.4,2,Stopped,7,10,71,0.0,1
0.535,76.5,0.77,3,45.7,4,0,1.69,1907,0.502,4,d5219481e5ebf381,0.573,4,2073,7.7,11.7,20.42,158.3,1,Stopped,116,1404,3026,1.431,5
0.526,16.1,0.65,3,4.1,5,0,0.61,951,0.571,4,2f5181015882f0d4,0.5,3,951,0.2,0.0,2.21,99.6,4,Active,5,18,38,0.2,3
0.643,4.8,0.93,3,7.9,4,0,3.43,1663,0.375,2,6cd25228df1b6afa,0.682,5,1663,0.8,0.0,15.42,154.5,1,Active,8,36,56,0.0,1
0.338,10.0,0.63,3,3399.0,2,0,0.61,1193,0.396,3,985091cabd0adb03,0.39,1,1193,0.1,0.0,37.96,133.6,2,Active,6,376,1241,4.167,5
0.612,90.3,0.92,3,3.0,5,0,0.09,1669,0.611,4,818b1e7da8b609ac,0.679,5,1669,0.6,50.0,0.66,540.0,1,Active,8,59,98,0.25,3
0.333,31.2,3.25,5,4.7,5,0,0.46,935,0.25,1,7dbb69036a3b7918,0.364,1,1042,11.4,-86.0,0.87,131.6,2,Stopped,9,17,51,0.0,1
0.423,22.5,1.39,4,275.7,3,0,1.32,1045,0.224,1,00855ef4cdcaca3c,0.467,2,1355,2.8,-3.0,5.23,132.0,2,Active,26,103,246,0.5,4
0.26,10.3,0.39,2,6.9,5,1,1.48,827,0.0,1,27fe1983c188984e,0.458,2,929,0.2,-10.3,1.6,136.8,2,Active,12,13,50,0.0,1
0.528,18.7,0.46,2,23.3,4,1,1.59,1576,0.471,3,90b2bce6f6d7e7ce,0.452,2,1576,0.2,0.0,16.18,121.9,3,Active,10,102,199,0.1,2
0.542,66.2,1.94,4,5295.1,1,0,0.78,1426,0.508,4,6591b3a55bdefb2c,0.555,4,1501,6.2,29.4,16.51,89.6,5,Stopped,40,850,1717,1.025,5
0.307,23.9,16.77,5,27.7,4,0,0.76,1664,0.306,2,73b53745fcbf66fa,0.422,2,1691,1.7,0.0,6.26,137.4,2,Active,14,116,391,0.357,3
0.593,60.1,2.16,5,501.8,3,0,0.55,1867,0.515,4,c34886b9f55b0a0a,0.589,4,2104,0.0,11.2,16.75,123.2,3,Active,33,1006,1787,0.727,4
0.633,8.1,0.14,1,1.4,5,1,2.3,785,0.633,5,b1ed0b0aac907229,0.765,5,1085,0.1,-23.1,4.45,132.0,2,Active,16,31,49,0.0,1
0.426,26.9,16.69,5,683.9,3,0,0.24,822,0.5,3,ec43e4e17b8fdcba,0.447,2,822,1.6,10.0,3.52,127.7,2,Active,6,89,230,0.833,5
0.417,107.0,0.42,2,1567.3,2,1,2.8,1512,0.362,2,c66b67e688ae9675,0.443,2,1838,0.2,3.6,16.65,100.8,4,Active,299,1778,4570,0.783,4
0.703,19.0,5.05,5,1736.9,2,0,0.84,1534,0.579,4,6d71dee6c9daacab,0.71,5,1579,1.1,121.0,14.39,119.2,3,Active,15,257,387,0.133,2
0.355,34.9,0.31,2,2181.1,2,1,0.83,1443,0.307,2,155bd169de1d7138,0.429,2,1566,0.1,18.2,15.74,117.8,3,Active,29,548,2357,2.517,5
0.405,32.4,0.62,2,1864.7,2,0,0.36,1074,0.222,1,b90f37e1ed060077,0.421,2,1077,12.9,0.0,4.8,132.6,2,Stopped,7,94,252,0.0,1
0.387,42.8,0.19,1,1273.2,2,1,0.34,1368,0.358,2,0d8838ea6c037c58,0.392,1,1368,10.5,0.0,9.94,126.7,3,Stopped,11,321,857,0.818,5
0.476,14.9,1.36,4,4519.5,1,0,0.48,1417,0.407,3,b608da79e5730a55,0.543,4,1417,0.2,0.0,12.0,147.5,1,Active,7,174,368,0.0,1
0.584,19.6,0.57,2,304.6,3,0,0.73,1499,0.432,3,36ef01789cee557a,0.697,5,1546,1.4,65.5,19.04,144.6,1,Active,13,337,723,1.538,5
0.667,10.5,8.0,5,3.1,5,0,0.65,1058,0.333,2,77943956fd8b4387,0.833,5,1058,1.8,0.0,2.1,97.7,4,Active,5,16,27,0.2,3
0.25,2.4,0.75,3,6.8,5,0,2.93,1498,0.294,2,56a2ae7ac699d7dc,0.312,1,1498,0.5,0.0,14.09,137.0,2,Active,5,24,96,0.2,3
0.399,49.0,4.19,5,220.3,3,0,0.15,1411,0.307,2,959adab03cb07288,0.559,4,1411,1.4,0.0,4.52,145.1,1,Active,7,215,566,0.286,3
0.351,9.7,0.38,2,191.2,3,1,0.77,959,0.111,1,af16be8690ae71b0,0.471,2,994,0.2,0.0,3.61,142.1,2,Active,7,33,94,0.143,3
0.531,14.6,1.27,4,9133.7,1,0,2.96,1482,0.469,3,aa935a241243ac9f,0.588,4,1734,0.0,11.4,34.49,125.3,3,Active,43,501,1129,0.465,4
0.558,55.6,0.25,1,2096.5,2,1,1.15,1211,0.495,3,951131bf8c7f6965,0.518,3,1351,4.8,15.0,9.26,77.3,5,Stopped,58,468,1024,1.052,5
0.457,19.0,2.03,4,60.0,4,0,1.23,1374,0.296,2,42598cda2248161b,0.397,1,1407,1.2,10.2,11.82,110.0,4,Active,22,211,464,0.136,2
0.602,12.5,18.28,5,1736.2,2,0,1.23,990,0.875,5,13fcc56a71e8745f,0.59,4,990,0.0,2.3,15.28,108.2,4,Active,15,187,347,0.0,1
0.757,10.0,1.47,4,604.9,3,0,1.63,992,0.0,1,bd809ab4de7a2945,0.73,5,1036,0.4,-2.2,6.09,122.6,3,Active,15,56,74,0.0,1
0.385,20.2,10.92,5,437.5,3,0,1.98,1332,0.294,2,b3e4d3065e1d7d7d,0.379,1,1367,0.2,-4.1,8.33,98.4,4,Active,39,164,441,0.41,4
0.379,65.7,0.87,3,48.7,4,0,0.39,1036,0.379,2,6527ed4ea1ef81bc,0.481,3,1097,37.9,9.5,0.82,130.9,2,Stopped,10,21,58,0.3,3
0.363,86.3,0.04,1,9602.4,1,1,0.99,993,0.333,2,8eebc9324af1c2c5,0.336,1,1372,1.1,8.3,5.1,161.8,1,Active,84,434,1211,0.786,4
0.639,32.9,1.65,4,1.4,5,0,0.15,1328,0.667,5,a617a810367f5b2c,0.519,3,1388,0.4,0.0,1.01,206.2,1,Active,5,33,61,1.0,5
0.744,18.5,0.48,2,1113.5,2,1,1.97,1384,0.6,4,f6c5450bf32dfdf9,0.8,5,1384,0.2,21.0,13.2,119.1,3,Active,17,114,160,0.118,2
0.569,42.9,0.68,3,7.0,5,0,0.5,1471,0.5,3,ce89ba8655c91857,0.576,4,1471,0.9,66.2,3.74,116.5,3,Active,21,157,276,0.143,3
0.472,51.9,2.53,5,4011.7,1,0,0.98,1416,0.453,3,ac03d02e3ac32436,0.472,2,1416,31.4,61.6,14.74,106.3,4,Stopped,20,302,758,2.15,5
0.458,47.1,2.48,5,1484.7,2,0,0.92,2112,0.387,2,195cf4f260f4ebb1,0.497,3,2112,0.6,28.2,9.72,109.5,4,Active,43,452,1037,0.558,4
0.462,36.3,2.65,5,4587.3,1,0,1.35,1215,0.467,3,d9d007ddcd7fd5b9,0.488,3,1215,0.8,17.3,24.83,84.9,5,Active,48,882,1953,0.625,4
0.434,16.1,1.52,4,6.6,5,0,0.62,819,1.0,5,6921f08e03952f34,0.409,2,922,1.1,-18.0,1.58,137.5,2,Active,9,23,53,0.0,1
0.613,34.7,0.16,1,28694.6,1,1,0.17,1044,0.333,2,72d687c5fc55a884,0.667,5,1083,0.1,0.0,1.96,136.4,2,Active,6,68,111,0.167,3
0.495,29.6,1.46,4,2963.0,2,0,0.71,1478,0.654,5,b23f75a8bb20c924,0.495,3,1478,0.2,35.4,6.12,105.7,4,Active,21,180,374,0.0,1
0.478,9.0,0.05,1,479.7,3,1,1.88,913,0.182,1,ffb3b3d3af7ecc6c,0.491,3,1129,0.5,-4.5,8.09,128.1,2,Active,16,69,157,0.438,4
0.433,4.3,0.81,3,821.2,3,0,2.88,1006,0.524,4,f3cb6a476659f563,0.398,1,1009,0.0,1.7,48.65,118.8,3,Active,12,203,566,1.0,5
0.51,18.1,0.83,3,550.4,3,0,2.3,1211,0.708,5,8e5064afbc2b9122,0.543,4,1284,4.8,-13.7,20.29,103.3,4,Stopped,24,212,420,0.333,3
0.483,6.5,0.18,1,114.9,3,1,1.77,1193,1.0,5,48eef5a1b3604f73,0.625,4,1226,0.5,32.0,4.97,129.1,2,Active,10,28,60,0.3,3
0.62,6.9,1.77,4,3690.4,1,0,0.79,1430,0.5,3,4e2f8b38f996a1e4,0.586,4,1439,0.3,0.0,10.6,272.2,1,Active,5,67,108,0.0,1
0.532,84.4,0.58,2,849.8,3,0,0.47,2380,0.47,3,6a7f91e508cb85bd,0.572,4,2510,2.8,15.1,20.93,253.3,1,Active,38,1708,3285,1.474,5
0.44,20.0,1.19,4,111.7,3,0,1.65,1587,0.444,3,f4243e261a3b557d,0.519,3,1614,0.6,29.6,38.45,107.2,4,Active,31,721,2146,1.839,5
0.564,10.9,0.6,2,2979.9,2,0,1.2,1044,0.364,2,1d87d44c798c4758,0.606,4,1064,0.0,0.0,12.34,113.2,4,Active,13,134,257,0.538,4
0.746,33.3,7.88,5,55.4,4,0,0.76,1510,0.632,5,fa12af4691f47b95,0.774,5,1510,3.1,46.5,3.61,114.6,3,Stopped,21,100,142,0.143,3
0.408,22.6,0.38,2,2951.2,2,1,4.01,1640,0.288,1,804848a8101eeefb,0.446,2,1640,0.8,5.8,16.57,67.1,5,Active,87,360,918,1.126,5
0.452,25.9,1.0,3,2534.6,2,0,0.52,685,0.333,2,ec752eca20991e17,0.5,3,931,2.8,-73.5,3.1,163.6,1,Active,9,54,124,0.111,2
0.407,21.0,2.62,5,5.3,5,0,0.43,826,0.583,4,137e0b5348cb65d1,0.328,1,913,0.1,12.0,2.34,127.6,2,Active,9,49,145,0.0,1
0.269,10.9,0.03,1,151.0,3,1,0.96,810,0.269,1,d3c208747ce3357d,0.288,1,810,0.2,48.3,2.21,139.5,2,Active,10,23,93,0.1,2
0.4,14.6,0.11,1,69.4,4,1,0.97,900,0.231,1,1b1ea9583da804d7,0.474,2,1110,0.0,-38.6,1.65,120.7,3,Active,14,24,60,0.143,3
0.743,14.4,58.67,5,7.1,5,0,0.56,849,0.5,3,727916468ff5918d,0.754,5,849,0.7,0.0,10.35,129.1,2,Active,5,93,179,0.4,4
0.478,13.3,1.07,4,595.5,3,0,2.88,1601,0.467,3,19c4450b188eeb75,0.504,3,1620,0.1,22.7,28.11,90.3,5,Active,38,371,795,0.737,4
0.329,33.0,0.81,3,9.8,4,0,1.72,971,0.387,2,0458eed5467a7da1,0.386,1,1080,13.3,11.2,4.16,123.9,3,Stopped,17,41,161,0.176,3
0.434,27.1,1.21,4,52.6,4,0,0.3,1098,0.381,2,39a7559b1057b4d5,0.458,2,1159,0.1,-26.0,2.43,180.7,1,Active,8,65,159,0.125,2
0.297,21.6,4.05,5,163.8,3,0,0.6,1109,0.0,1,813b9bcdffc12548,0.353,1,1191,1.1,147.0,1.37,160.8,1,Active,10,23,101,0.3,3
0.609,18.0,1.07,4,453.4,3,0,3.74,1402,0.581,4,45d674a1f0717873,0.596,4,1402,0.2,9.1,55.75,77.4,5,Active,65,970,1659,0.769,4
0.53,20.3,0.03,1,523.6,3,1,0.83,959,1.0,5,138be3aaf9ae090d,0.6,4,973,2.9,-1.0,3.39,112.5,4,Active,13,53,100,0.077,2
0.575,32.1,1.68,4,798.0,3,0,0.34,1582,0.474,3,31cb34ae538ad437,0.68,5,1663,0.0,104.0,17.37,178.1,1,Active,11,557,1164,0.727,4
0.542,50.3,4.16,5,512.9,3,0,0.26,1118,0.478,3,37fec5b9c3c406bf,0.524,3,1241,0.0,6.3,5.33,142.9,2,Active,13,268,557,1.077,5
0.174,32.8,0.05,1,0.1,5,1,0.17,864,0.0,1,b18df8f9ba7e8a85,0.222,1,864,0.1,0.0,0.14,152.5,1,Active,5,4,23,0.0,1
0.554,23.3,1.15,4,4556.3,1,0,1.54,1415,0.39,2,5037f54cace1f929,0.58,4,1415,1.2,27.6,27.34,100.2,4,Active,33,585,1068,0.394,4
0.516,21.7,0.6,2,2296.1,2,0,2.21,1636,0.494,3,b78aab0bd9c42cd3,0.539,3,1636,0.5,19.8,29.81,82.1,5,Active,47,633,1252,0.936,5
0.551,9.4,1.36,4,1365.4,2,0,0.91,931,0.5,3,7120423455351d56,0.5,3,942,2.9,0.0,6.4,124.8,3,Active,6,42,78,0.5,4
0.508,175.9,2.82,5,201604.1,1,0,0.64,1718,0.562,4,77de66772e37ddf7,0.526,3,1718,7.3,1.1,7.99,155.3,1,Stopped,96,1204,2510,1.01,5
0.435,32.5,0.24,1,50.0,4,1,1.49,1526,0.371,2,d36dd98528deaabc,0.448,2,1605,3.0,18.7,12.49,103.5,4,Stopped,44,368,860,0.5,4
0.394,19.5,0.86,3,9968.2,1,0,0.97,1244,0.459,3,09133ec157f8d67a,0.418,2,1244,1.0,19.4,5.62,116.6,3,Active,18,104,269,0.389,3
0.373,39.3,133.0,5,19236.6,1,0,0.36,969,0.8,5,6f29c395689c61c6,0.391,1,1052,0.3,6.2,2.44,125.3,3,Active,14,95,268,0.071,2
0.528,14.9,0.39,2,70.9,4,1,2.1,1496,0.446,3,35a44b41fcf2447e,0.527,3,1712,1.0,8.7,19.55,155.6,1,Active,29,270,536,0.586,4
0.546,22.8,2.81,5,2585.9,2,0,1.59,1164,0.25,1,d01c9428f6ee9095,0.586,4,1244,0.4,-13.9,8.93,87.1,5,Active,35,197,366,0.143,3
0.618,17.2,0.56,2,13.4,4,0,1.11,1191,0.647,5,84802d58895050a6,0.641,5,1191,0.1,17.0,6.22,110.1,4,Active,19,106,178,0.632,4
0.331,58.0,0.84,3,1531.6,2,0,0.71,1762,0.289,1,fed39a7bb91175b0,0.339,1,1762,1.3,54.9,10.4,98.7,4,Active,40,589,2039,2.175,5
0.413,5.0,0.8,3,718.8,3,0,1.06,944,0.5,3,ec99f34ddf44f7fb,0.429,2,944,0.2,0.0,24.55,112.6,4,Active,5,116,288,0.0,1
0.547,8.5,1.29,4,2.4,5,0,1.31,1366,1.0,5,4faf953ccc6c31d8,0.576,4,1366,0.2,14.0,4.18,122.3,3,Active,11,35,64,0.0,1
0.376,28.3,0.8,3,1352.0,2,0,1.33,1417,0.215,1,750e8a96de9c7dcb,0.387,1,1515,5.0,7.3,11.96,109.5,4,Stopped,28,251,688,0.607,4
0.501,17.9,1.07,4,955.3,2,0,1.34,1615,0.466,3,3595a72a692bfea1,0.546,4,1615,0.0,80.4,48.93,114.9,3,Active,21,768,1770,1.81,5
0.537,2.4,0.44,2,382.4,3,1,2.77,1009,0.5,3,96676bcc9e2e97c2,0.52,3,1009,0.2,0.0,33.24,119.9,3,Active,6,72,134,0.333,3
0.496,33.0,0.01,1,1629.1,2,1,1.56,1117,0.588,4,ae1235c172ffe99b,0.516,3,1242,7.8,4.2,6.95,98.4,4,Stopped,39,174,387,1.641,5
0.538,18.9,0.26,1,375.0,3,1,1.32,1074,0.286,1,fdd0b1e15ef1f453,0.66,5,1156,0.2,35.2,12.94,138.6,2,Active,15,147,303,0.467,4
0.343,65.2,2.72,5,257.9,3,0,1.65,1928,0.298,2,a1849694f8a50dfc,0.338,1,2081,0.8,17.4,13.78,81.5,5,Active,103,858,2593,0.097,2
0.272,42.9,3.69,5,92.5,4,0,0.62,1216,0.234,1,49304d7e0ef5da6b,0.214,1,1295,7.2,26.7,3.62,111.0,4,Stopped,22,129,525,0.818,5
0.601,18.5,2.5,5,1670.3,2,0,1.99,1050,0.604,4,800efbb81b344a6c,0.639,5,1132,0.1,-1.0,22.17,101.2,4,Active,25,278,734,2.08,5
0.505,17.7,0.35,2,9901.0,1,1,0.76,708,0.5,3,92716310bc16c0f6,0.506,3,969,2.0,-53.5,8.91,134.8,2,Active,12,140,283,0.0,1
0.361,44.4,10.91,5,7202.5,1,0,1.27,1141,0.35,2,cb83ef6144318cd6,0.386,1,1207,0.6,0.8,12.31,83.0,5,Active,55,534,1644,0.982,5
0.613,11.9,1.49,4,159.5,3,0,3.08,1837,0.561,4,bfdc62f8d2ac4d56,0.612,4,1837,0.2,-20.0,45.68,143.6,1,Active,20,297,561,3.1,5
0.412,16.8,0.13,1,124.0,3,1,1.69,843,0.143,1,f4aefb810dea562f,0.3,1,987,12.6,-101.0,3.38,168.8,1,Stopped,7,14,34,0.143,3
0.446,82.3,0.86,3,1428.1,2,0,0.65,2222,0.373,2,e1ef0af05431eb7d,0.448,2,2234,0.4,45.4,13.47,107.0,4,Active,38,787,1880,0.658,4
0.64,26.3,0.23,1,5755.7,1,1,0.62,1386,0.571,4,139a913fead855fb,0.623,4,1386,0.4,33.2,16.98,120.8,3,Active,16,440,799,1.438,5
0.559,23.8,0.55,2,7.2,5,0,3.72,1370,0.467,3,17df67119cd69b03,0.568,4,1376,18.6,40.2,12.15,113.2,4,Stopped,19,62,127,0.263,3
0.45,49.4,153.14,5,3845.4,1,0,0.79,1424,0.333,2,72b969e541c4f05a,0.492,3,1800,0.2,0.0,9.0,125.5,3,Active,39,443,1079,1.231,5
0.487,10.7,0.77,3,1.8,5,0,0.69,1390,1.0,5,049e0232481ffd98,0.385,1,1390,0.4,216.0,1.86,106.0,4,Active,7,19,39,0.0,1
0.628,20.2,5.68,5,4854.1,1,0,1.11,1016,0.556,4,2606ddd45e163a02,0.607,4,1067,0.4,21.6,11.69,111.8,4,Active,22,232,374,0.273,3
0.524,40.1,0.69,3,620.7,3,0,2.24,1166,0.615,5,d0fa1a803f35906c,0.603,4,1205,19.6,-3.0,29.41,153.3,1,Stopped,8,105,206,1.0,5
0.548,23.7,0.18,1,348.8,3,1,1.39,1727,0.519,4,2b9bfd9fceff4b52,0.52,3,1727,1.4,1.3,21.27,115.7,3,Active,31,476,890,0.194,3
0.459,31.5,0.9,3,3277.8,2,0,0.45,819,0.087,1,370e84a5522e0bd3,0.478,3,924,7.3,-54.0,4.17,144.0,1,Stopped,7,65,146,0.143,3
0.534,17.6,1.56,4,4796.0,1,0,1.56,1311,0.621,5,3fad8b2133143074,0.542,3,1311,0.9,13.7,21.67,97.5,4,Active,26,361,738,0.885,5
0.551,58.9,0.0,1,884.7,2,1,0.66,1669,0.564,4,af25bdde3b07fb90,0.552,4,1728,0.2,30.4,15.27,104.2,4,Active,38,877,1706,1.947,5
0.46,41.5,0.48,2,938.2,2,1,0.72,1428,0.519,4,0ef782edeeac6f76,0.46,2,1431,0.1,70.5,5.69,101.5,4,Active,21,165,385,0.143,3
0.317,44.4,0.39,2,2748.1,2,1,0.48,1448,0.129,1,3c07b002c9b26dc5,0.304,1,1448,3.5,21.0,3.59,114.2,3,Stopped,19,141,467,0.368,3
0.547,10.2,0.65,3,10831.6,1,0,1.2,861,0.412,3,4d38a226a891180e,0.544,4,993,0.2,17.2,28.72,135.3,2,Active,12,286,530,0.083,2
0.319,5.3,2.36,5,928.8,2,0,1.74,837,0.3,2,c9a9752cedbd5f2d,0.287,1,890,0.6,-5.0,18.69,129.0,2,Active,8,86,279,0.0,1
0.435,44.0,0.21,1,3582.3,1,1,0.35,1044,0.357,2,0705167d1204ca16,0.366,1,1044,9.8,-30.3,6.5,126.4,3,Stopped,12,222,626,1.167,5
0.48,10.0,0.58,2,4565.3,1,0,3.55,1105,0.667,5,ee9578128477535a,0.476,2,1148,1.8,0.1,27.3,100.6,4,Active,29,223,473,0.517,4
0.339,23.8,0.91,3,1468.5,2,0,1.06,1339,0.375,2,e264f79b06de1b08,0.287,1,1339,3.9,31.7,5.54,114.3,3,Stopped,21,110,330,0.0,1
0.472,76.2,1.05,4,2534.9,2,0,1.65,1335,0.449,3,b903487e9dade8b5,0.461,2,1468,0.2,15.3,31.01,73.7,5,Active,124,2326,5256,1.935,5
0.409,84.0,3.73,5,1041.2,2,0,1.87,2177,0.345,2,96e7dc14eed0774f,0.533,3,2177,0.7,7.4,14.75,75.2,5,Active,156,1229,3267,0.974,5
0.366,18.0,0.99,3,8399.5,1,0,0.63,1338,0.44,3,92d7a7b355686734,0.353,1,1338,0.1,30.0,7.49,131.8,2,Active,10,119,333,0.6,4
0.547,10.8,0.42,2,483.1,3,1,1.98,1435,0.535,4,145c7f24d65570bd,0.536,3,1435,0.0,17.0,74.88,115.5,3,Active,21,796,1472,0.619,4
0.495,58.3,14.5,5,115.8,3,0,0.34,887,0.333,2,a3a1957e78693a34,0.455,2,1015,7.1,1.3,1.17,124.8,3,Stopped,13,45,93,0.308,3
0.612,11.4,1.01,3,2360.3,2,0,0.8,1034,0.647,5,b7c383b4b1fdb70a,0.608,4,1034,0.1,140.0,37.95,117.4,3,Active,9,426,775,0.333,3
0.452,155.8,1.85,4,654.0,3,0,4.16,1691,0.329,2,3b85c3fda7b116d5,0.473,2,2296,0.2,10.1,24.89,89.1,5,Active,647,3873,8590,0.04,2
0.317,31.6,2.15,5,3317.8,2,0,0.32,984,0.226,1,9750ff8476a3b8a2,0.384,1,984,0.5,61.0,2.52,118.7,3,Active,9,70,271,0.111,2
0.43,69.9,0.17,1,660.8,3,1,0.45,1093,0.667,5,92dd5eaec9d9e4d8,0.444,2,1182,25.3,36.2,2.2,100.1,4,Stopped,20,98,270,1.05,5
0.615,5.9,0.18,1,5.9,5,1,2.56,767,0.0,1,d8507862a3d2a893,0.591,4,818,2.7,0.0,8.78,134.9,2,Active,7,24,39,0.0,1
0.395,28.5,0.4,2,11704.6,1,1,1.04,952,0.615,5,176ba0340a863b2a,0.392,1,963,0.5,13.7,5.08,97.2,4,Active,29,142,367,0.448,4
0.533,42.6,0.25,1,1.2,5,1,0.19,1021,0.667,5,6755c8dc92645be2,0.429,2,1021,10.6,0.0,0.5,168.2,1,Stopped,6,16,30,0.0,1
0.698,19.8,1.61,4,283.3,3,0,1.53,1106,0.706,5,7da3385c01f82ffa,0.689,5,1217,0.0,9.7,12.46,96.5,4,Active,30,245,371,0.667,4
0.472,6.5,1.4,4,65.2,4,0,1.29,1238,1.0,5,a9e1c29eca91351e,0.588,4,1238,1.8,212.0,3.64,136.0,2,Active,6,17,36,0.167,3
0.418,22.5,0.13,1,2387.6,2,1,1.52,1308,0.422,3,7c0bc3b4a020c4ae,0.418,2,1374,6.1,10.1,26.34,104.7,4,Stopped,25,432,1049,0.68,4
0.62,31.4,1.06,4,4462.3,1,0,0.88,1294,0.6,4,c892851dd063dad0,0.586,4,1294,0.2,24.1,10.88,90.9,5,Active,27,334,613,0.556,4
0.386,88.5,0.22,1,45.5,4,1,0.11,986,0.4,3,ccd2fb02b5abb9f2,0.36,1,1375,9.2,-44.4,0.37,448.8,1,Stopped,9,29,88,0.111,2
0.456,22.0,3.25,5,5.8,5,0,0.28,1328,0.456,3,4d3a72a95819e87b,0.442,2,1328,0.4,0.0,1.46,98.5,4,Active,6,31,68,0.0,1
0.458,54.5,0.53,2,2287.2,2,0,3.29,1877,0.268,1,69bc452613948bb5,0.518,3,2209,0.1,17.3,18.37,89.3,5,Active,179,999,2264,0.257,3
0.601,8.8,1.97,4,2220.2,2,0,2.86,973,0.357,2,9862eb89ae1d5d51,0.525,3,1045,0.0,18.3,32.67,102.0,4,Active,25,286,499,0.08,2
0.515,33.2,0.45,2,4075.9,1,1,2.44,1219,0.584,4,246e2176bd8ea2b6,0.536,3,1314,0.4,4.0,20.87,70.9,5,Active,76,651,1300,0.895,5
0.411,11.2,1.5,4,6336.8,1,0,2.87,837,0.267,1,10f924d2236c7e52,0.381,1,917,0.4,0.7,16.67,95.2,5,Active,31,180,453,0.29,3
0.553,3.1,2.12,4,93.9,4,0,3.55,787,0.667,5,b11b9cce65263f7f,0.542,3,909,0.3,-26.0,36.94,138.0,2,Active,10,104,228,1.1,5
0.42,7.3,1.28,4,1493.2,2,0,0.83,862,0.316,2,3336543d1597a6a8,0.398,1,862,0.1,28.0,19.51,126.0,3,Active,6,141,367,1.5,5
0.433,20.8,0.38,2,30.3,4,1,1.07,1241,0.455,3,673437ebbf34d688,0.457,2,1257,0.2,63.4,3.42,98.4,4,Active,21,67,157,0.19,3
0.543,99.0,1.12,4,102.4,3,0,0.56,1126,0.333,2,13d419c14827d17e,0.52,3,1493,0.5,-6.0,2.03,198.0,1,Active,55,200,374,0.309,3
0.639,54.5,3.06,5,4220.8,1,0,0.13,1044,0.781,5,564257c9738113fd,0.669,5,1044,0.1,0.0,7.86,114.3,3,Active,7,425,682,0.286,3
0.461,21.2,0.77,3,2163.7,2,0,2.44,1415,0.302,2,7a8034ee8785e258,0.476,2,1425,0.1,14.5,12.55,81.9,5,Active,50,257,571,0.22,3
0.59,73.5,0.16,1,2209.9,2,1,2.39,1017,0.511,4,4506c83800390bc9,0.604,4,1263,15.6,9.4,17.61,62.5,5,Stopped,120,884,1575,0.217,3
0.491,20.1,1.24,4,4246.3,1,0,2.37,1438,0.512,4,0270504531f06f1e,0.482,3,1532,0.2,7.2,56.4,83.5,5,Active,47,1117,2290,1.106,5
0.553,8.1,0.71,3,415.2,3,0,2.61,1310,0.525,4,67ea93312794c9b8,0.546,4,1310,0.4,1.3,53.48,152.9,1,Active,20,409,826,0.9,5
0.511,16.2,0.96,3,4.8,5,0,0.5,1698,0.429,3,abef62dfb88cbf7e,0.611,4,1698,6.1,0.0,2.39,157.2,1,Stopped,5,24,47,0.0,1
0.386,11.1,2.71,5,2926.7,2,0,1.42,712,0.333,2,d6f4bafabec3d64b,0.33,1,942,0.6,-30.7,8.95,129.9,2,Active,14,88,241,0.286,3
0.445,24.7,0.76,3,19.2,4,0,0.68,1542,0.373,2,df0541c66209c273,0.44,2,1542,5.4,118.0,9.65,143.8,1,Stopped,11,157,393,1.182,5
0.461,72.5,0.15,1,23070.0,1,1,0.11,954,0.461,3,dc64b4f172ad2b16,0.432,2,954,28.5,0.0,0.8,113.9,3,Stopped,5,35,76,0.0,1
0.386,52.6,1.11,4,377.3,3,0,0.89,1511,0.2,1,4c89718b5560c6e8,0.42,2,1511,4.5,17.7,3.73,96.9,4,Stopped,42,177,459,0.143,3
0.385,14.9,1.45,4,5334.3,1,0,2.38,1011,0.427,3,cd3fdba431d23100,0.368,1,1096,0.2,-2.1,35.58,80.3,5,Active,35,524,1440,0.657,4
0.347,17.9,0.33,2,5731.3,1,1,0.95,1849,0.329,2,319e0382c3e2fafb,0.335,1,1849,0.0,101.5,33.72,126.9,3,Active,17,603,1806,0.647,4
0.447,157.9,0.62,2,1342.0,2,0,0.49,2232,0.375,2,eccb4906a414d0bd,0.468,2,2338,3.6,32.2,11.33,175.9,1,Stopped,75,1748,4019,0.653,4
0.484,17.5,13.72,5,1626.7,2,0,1.3,1085,0.48,3,a895c2760ec0e349,0.472,2,1099,0.5,15.8,16.44,99.9,4,Active,22,279,589,0.364,3
0.491,25.7,0.36,2,4088.4,1,1,1.18,1279,0.583,4,fbff23c69f3aaf54,0.505,3,1279,0.9,25.5,15.12,98.8,4,Active,29,371,819,0.552,4
0.525,33.9,1.63,4,9.4,4,0,0.93,1705,0.39,2,8f83a2ed8fe42b44,0.541,3,1759,7.0,42.4,5.21,139.6,2,Stopped,25,140,276,0.64,4
0.578,13.2,0.11,1,18.9,4,1,1.45,1277,0.5,3,1e53c61363ba246c,0.579,4,1329,0.1,37.6,5.58,122.9,3,Active,19,73,128,0.158,3
0.402,9.8,0.8,3,2974.0,2,0,0.66,886,0.0,1,817ee386ef66ac20,0.369,1,886,0.9,0.0,13.15,113.6,3,Active,5,100,254,0.0,1
0.698,17.0,1.62,4,382.5,3,0,1.09,1288,0.646,5,a44f54a870539d0f,0.689,5,1288,2.4,-32.2,16.46,144.6,1,Active,16,241,348,0.812,5
0.138,63.2,0.05,1,22.4,4,1,0.35,756,0.125,1,2725b610a275d0fe,0.16,1,805,6.4,27.3,0.47,138.5,2,Stopped,16,21,159,0.0,1
0.456,13.8,1.27,4,129.8,3,0,1.95,1299,0.575,4,ad534a2bd282f60e,0.439,2,1349,0.5,9.6,9.16,107.9,4,Active,26,122,270,0.154,3
0.457,12.0,1.63,4,8517.1,1,0,1.42,1176,0.469,3,bb19906bdd448adc,0.477,2,1176,0.0,35.6,28.6,103.6,4,Active,17,342,762,1.235,5
0.693,27.7,0.85,3,3045.9,2,0,1.58,1418,0.714,5,5450ed1c500a6441,0.725,5,1418,3.2,11.1,10.4,97.1,4,Stopped,35,231,335,0.229,3
0.604,5.6,0.11,1,1.9,5,1,2.05,1501,0.6,4,bc0d7fad22fa5803,0.573,4,1501,0.4,132.0,17.66,143.6,1,Active,10,86,144,0.0,1
0.52,54.4,2.28,5,3959.9,1,0,3.0,2114,0.505,4,0c9eb280deb02f81,0.53,3,2220,0.0,5.1,57.38,91.7,5,Active,124,2368,4641,2.056,5
0.512,3.8,0.77,3,355.5,3,0,2.36,1023,0.25,1,40010ff9168d8f99,0.564,4,1023,0.0,0.0,30.42,123.2,3,Active,9,116,242,0.667,4
0.465,20.3,2.35,5,254.2,3,0,0.8,1228,0.5,3,3676344009324e70,0.421,2,1276,0.4,1.5,12.65,136.6,2,Active,16,252,550,0.562,4
0.676,25.2,33.0,5,2.1,5,0,0.33,1043,1.0,5,115169e1b4e94843,0.75,5,1043,1.0,67.0,0.95,121.6,3,Active,8,23,34,0.0,1
0.419,18.8,0.96,3,5197.7,1,0,2.38,1372,0.412,3,3adb64bbe3cc6005,0.411,2,1372,0.2,16.6,26.59,88.2,5,Active,44,492,1202,0.773,4
0.529,33.1,0.8,3,821.2,3,0,6.71,1582,0.44,3,7bfadefb114b675c,0.575,4,1679,0.1,11.8,85.0,71.5,5,Active,103,1304,2587,0.932,5
0.501,9.5,1.73,4,125.0,3,0,1.35,1371,0.5,3,f845c19548265ae9,0.573,4,1406,0.1,11.0,23.38,151.1,1,Active,11,191,439,2.364,5
0.307,31.8,0.25,1,523.1,3,1,0.26,868,0.045,1,a08e477dd53f6814,0.286,1,896,0.9,-7.7,1.04,140.6,2,Active,8,32,114,0.5,4
0.407,135.5,1.06,4,8408.3,1,0,0.08,1370,0.429,3,5bdf0df847cbcf5d,0.362,1,1371,7.2,20.2,0.44,417.4,1,Stopped,10,56,140,0.1,2
0.362,57.9,0.02,1,943.1,2,1,0.23,944,0.211,1,4f2d3efb1493505b,0.516,3,944,36.0,0.0,2.05,109.8,4,Stopped,5,45,127,0.6,4
0.441,74.5,0.44,2,7764.3,1,1,0.54,724,0.471,3,a00001786cdbf38b,0.421,2,893,0.0,-4.9,6.14,119.3,3,Active,40,457,1352,1.25,5
0.429,8.9,4.0,5,7.6,5,0,1.91,822,0.429,3,ceb8d88fea6d30fb,0.391,1,823,0.1,0.0,5.36,130.3,2,Active,5,14,35,0.2,3
0.453,12.1,0.05,1,1089.2,2,1,0.98,1094,0.5,3,e48b97932ec89de9,0.464,2,1094,1.7,5.0,4.41,129.9,2,Active,10,45,106,0.3,3
0.528,5.6,2.05,4,118.3,3,0,1.29,1049,0.583,4,f7af70ac3e25038e,0.583,4,1049,0.0,0.0,27.56,136.0,2,Active,6,128,250,0.333,3
0.575,18.2,7.24,5,36.9,4,0,0.31,864,0.578,4,d6022d5331c3172d,0.614,4,864,1.2,0.0,13.2,138.2,2,Active,5,213,379,0.4,4
0.745,20.8,0.06,1,148.1,3,1,1.47,745,0.2,1,1447019f888c21fd,0.734,5,928,7.8,5.9,15.26,112.1,4,Stopped,19,197,333,0.421,4
0.423,22.0,0.91,3,1597.4,2,0,1.42,968,0.348,2,81d66361271432ca,0.441,2,1158,0.8,-10.0,12.85,95.6,4,Active,30,272,666,0.967,5
0.425,35.0,1.92,4,11747.8,1,0,2.87,1903,0.343,2,75d060b288512842,0.456,2,2197,0.2,10.5,36.49,78.6,5,Active,96,1219,3003,0.854,5
0.592,63.5,0.0,1,838.4,3,1,0.35,650,0.833,5,d41693fbec3e82d8,0.49,3,1065,0.7,-6.0,1.89,116.2,3,Active,22,118,213,0.091,2
0.476,25.6,1.48,4,6.8,5,0,0.87,1085,0.667,5,2d3c485e7b767a99,0.571,4,1085,9.4,0.0,4.14,144.4,1,Stopped,8,38,82,0.0,1
0.42,16.3,3.14,5,3972.9,1,0,1.79,1042,0.288,1,bf0726d657d703f1,0.392,1,1066,0.0,25.1,23.53,94.1,5,Active,29,382,981,0.862,5
0.459,49.5,0.18,1,79.5,4,1,0.13,1534,0.411,3,0104cc83a0f8c82a,0.416,2,1534,0.8,0.0,3.24,134.6,2,Active,6,151,460,1.833,5
0.564,43.7,0.1,1,283.0,3,1,1.26,866,0.846,5,2e13274f3de1626e,0.551,4,960,2.6,3.3,9.93,81.6,5,Active,49,387,755,0.714,4
0.508,16.5,0.77,3,149.2,3,0,1.41,1223,0.415,3,dfb6a0d35c3b6ded,0.581,4,1366,0.1,10.5,11.69,113.6,3,Active,23,190,378,0.435,4
0.621,5.2,0.48,2,1080.9,2,1,4.06,1225,0.481,3,8fc2793a1bd5b48b,0.654,5,1357,0.0,68.9,72.39,116.5,3,Active,21,374,866,0.619,4
0.208,10.7,0.5,2,3.5,5,0,0.54,815,0.208,1,4dc7de03e6cb848f,0.278,1,815,0.4,0.0,0.43,118.8,3,Active,5,4,24,0.0,1
0.548,19.0,1.57,4,1639.9,2,0,0.61,1502,0.468,3,580a00a3ec26c76b,0.538,3,1502,0.3,0.0,15.32,112.7,4,Active,10,251,526,1.2,5
0.289,45.4,1.98,4,41517.2,1,0,1.67,1338,0.338,2,4031deb22058624d,0.286,1,1365,0.6,16.3,9.6,98.7,4,Active,75,430,1548,0.52,4
0.343,39.7,0.01,1,17.4,4,1,0.58,1627,0.283,1,23ce727b6caf4143,0.328,1,1651,0.1,29.4,3.36,134.9,2,Active,21,122,376,0.19,3
0.484,17.2,0.15,1,1006.8,2,1,1.23,1353,0.429,3,137a1d91e01425fc,0.459,2,1357,0.2,12.0,10.45,106.4,4,Active,21,178,378,0.476,4
0.328,38.5,0.71,3,32.5,4,0,1.04,1146,0.24,1,50fd69523cdfe2dd,0.462,2,1146,9.2,-3.0,3.57,132.7,2,Stopped,18,62,192,0.111,2
0.473,39.1,2.51,5,386.1,3,0,0.48,1477,0.454,3,5a36a37a8482b084,0.495,3,1571,0.4,28.7,15.23,136.9,2,Active,16,503,1136,0.875,5
0.53,63.2,0.03,1,464.4,3,1,0.24,750,0.5,3,ed14bd43d277b835,0.512,3,915,0.8,-20.6,4.43,128.8,2,Active,12,226,466,1.167,5
0.456,47.9,2.11,4,82.0,4,0,1.18,1506,0.413,3,e9ee655e0ec84654,0.55,4,1530,0.0,13.6,10.28,91.6,5,Active,53,461,1048,0.151,3
0.61,29.3,0.12,1,1152.5,2,1,0.57,1217,0.636,5,2f4507e7e880eaa7,0.598,4,1217,3.0,48.0,4.68,111.8,4,Active,15,123,218,0.267,3
0.449,10.1,2.63,5,791.7,3,0,0.71,1201,0.454,3,a4090d52836c80ed,0.424,2,1289,0.0,0.0,26.52,151.0,1,Active,7,260,588,0.0,1
0.747,13.4,2.76,5,3203.3,2,0,1.6,1314,0.645,5,bbaf966a0d427297,0.754,5,1314,0.0,1.4,27.89,127.6,2,Active,21,367,542,0.429,4
0.639,32.2,10.5,5,3.3,5,0,0.56,1357,0.556,4,4bee75a3eadc0a5f,0.671,5,1408,1.2,12.5,5.56,145.3,1,Active,14,139,230,0.143,3
0.485,33.8,3.47,5,46103.0,1,0,0.34,1592,0.414,3,9745934e6c09f4a3,0.471,2,1592,1.0,0.0,5.73,143.3,2,Active,11,184,402,0.636,4
0.46,3.9,1.03,3,705.4,3,0,4.15,993,0.377,2,0fd68c461a44bd4e,0.475,2,1103,0.3,-7.8,87.44,139.0,2,Active,12,253,596,1.5,5
0.484,112.1,0.05,1,6082.3,1,1,0.61,1593,0.463,3,3e91cbccf6464f14,0.498,3,1690,2.0,23.5,16.76,186.5,1,Active,67,1843,3914,1.284,5
0.431,60.4,2.63,5,45.3,4,0,1.77,1961,0.415,3,ae9a381bc954e867,0.485,3,1961,1.0,42.3,9.91,119.3,3,Active,33,185,443,0.242,3
0.513,28.5,2.37,5,20347.5,1,0,1.44,1493,0.556,4,3a09ac550a5d180f,0.511,3,1493,0.0,18.3,11.09,107.8,4,Active,38,292,614,0.474,4
0.533,10.8,0.93,3,87.9,4,0,2.19,1838,0.371,2,9e6f5960600654df,0.565,4,1918,0.2,36.0,15.9,115.1,3,Active,23,167,323,0.174,3
0.559,22.9,1.27,4,343.4,3,0,4.9,1231,0.222,1,11d3c9f94278702c,0.656,5,1281,1.9,21.0,16.88,147.4,1,Active,9,31,59,1.0,5
0.425,67.8,1.07,4,7041.5,1,0,1.27,1257,0.345,2,429640c5d7aaa2bc,0.421,2,1526,1.1,8.6,10.47,82.9,5,Active,84,694,1788,0.619,4
0.487,45.1,0.28,1,4926.2,1,1,0.77,1637,0.489,3,bcfbc78e5b55918a,0.521,3,1637,13.7,32.6,27.77,113.5,3,Stopped,24,871,1879,1.458,5
0.495,21.4,1.27,4,224.7,3,0,1.66,1050,0.25,1,2ee975f7b59aef80,0.467,2,1050,0.0,45.7,6.4,123.1,3,Active,14,54,111,0.214,3
0.271,24.6,0.18,1,40.3,4,1,0.74,884,0.271,1,6c4c2399fc721f24,0.36,1,958,13.6,0.0,1.48,133.0,2,Stopped,8,16,59,0.125,2
0.52,35.5,0.53,2,3103.4,2,0,0.75,1155,0.472,3,7e6a1c4574f707ea,0.617,4,1155,0.5,20.8,9.67,111.4,4,Active,16,207,404,1.0,5
0.586,8.2,0.59,2,667.6,3,0,2.07,1145,0.238,1,afcce15a5cc68d38,0.539,3,1145,0.0,68.5,38.13,114.9,3,Active,13,240,413,0.538,4
0.293,29.8,0.24,1,149.8,3,1,0.21,971,0.333,2,8ebc6be63d4da4a4,0.348,1,971,0.9,0.0,1.9,124.5,3,Active,5,46,157,0.0,1
0.534,21.8,0.39,2,102.3,3,1,1.14,1028,0.27,1,0bf926315c701f66,0.615,4,1087,0.1,42.2,8.07,133.1,2,Active,14,99,189,0.357,3
0.364,54.1,0.71,3,766.3,3,0,0.86,1993,0.342,2,25d765ac9550222e,0.357,1,2126,0.4,22.1,13.06,127.9,2,Active,46,702,2181,0.87,5
0.611,42.4,0.61,2,7002.7,1,0,0.43,1249,0.564,4,6cc134d318080773,0.608,4,1363,0.2,-3.0,84.76,142.4,2,Active,18,3583,5878,0.667,4
0.371,12.7,10.67,5,500.5,3,0,0.65,1051,0.231,1,b94f3f3c97129a31,0.318,1,1051,5.0,0.0,1.57,111.1,4,Stopped,5,12,35,0.6,4
0.57,20.5,0.12,1,71.6,4,1,0.83,1044,0.833,5,c0a3f891ad0c553d,0.633,4,1142,0.4,22.6,9.22,120.8,3,Active,15,166,307,0.467,4
0.797,9.5,0.58,2,414.5,3,0,1.8,741,0.818,5,d227b0e433256608,0.775,5,869,0.1,20.4,35.85,119.8,3,Active,17,339,439,0.059,2
0.611,8.1,6.71,5,26.4,4,0,1.87,1264,0.286,1,52242054b04f33fe,0.631,4,1264,0.8,0.0,18.68,125.8,3,Active,8,80,131,0.125,2
0.505,67.4,0.83,3,19171.9,1,0,0.89,2170,0.486,3,ff915bd3980aa535,0.532,3,2233,1.0,18.9,9.17,115.9,3,Active,59,609,1240,0.61,4
0.534,23.7,3.19,5,10.9,4,0,0.44,1345,0.586,4,51abdd31ed431eb5,0.543,4,1345,1.2,0.0,5.59,116.6,3,Active,10,126,247,0.0,1
0.584,27.7,1.09,4,11017.7,1,0,1.66,940,0.5,3,e4d17eea494f6bb4,0.59,4,940,0.0,10.6,19.09,80.0,5,Active,46,529,943,0.543,4
0.449,9.8,0.58,2,7.3,5,0,1.58,1065,0.4,3,80cb56823395aea4,0.6,4,1065,3.9,23.0,3.86,142.7,2,Stopped,9,22,49,0.111,2
0.637,18.3,6.55,5,1933.2,2,0,0.77,723,0.75,5,99bac1357fd74cf9,0.651,5,833,0.0,-9.8,15.09,112.3,4,Active,14,274,438,1.214,5
0.431,14.9,0.26,1,84.7,4,1,2.86,1310,0.37,2,61e6823132604b21,0.403,2,1485,0.2,25.1,12.53,95.5,4,Active,42,184,443,0.69,4
0.632,11.4,9.88,5,16.5,4,0,1.17,810,0.167,1,8ea1231664f9e8f4,0.681,5,916,1.1,10.0,5.35,133.9,2,Active,12,55,87,0.0,1
0.603,12.2,0.31,2,6.3,5,1,1.24,1608,0.55,4,8f056379a58d6da1,0.571,4,1608,0.5,-3.5,7.44,148.0,1,Active,14,84,141,0.357,3
0.459,38.3,12.9,5,1960.3,2,0,0.23,973,0.261,1,0395fc9248be4cca,0.533,3,1034,3.4,44.5,3.65,146.4,1,Stopped,8,127,292,0.75,4
0.49,10.8,2.88,5,2504.8,2,0,0.84,1130,0.441,3,a7fcc4f8165039b6,0.47,2,1130,0.0,39.0,17.48,127.7,2,Active,9,188,388,0.333,3
0.386,24.2,2.8,5,8.0,4,0,0.21,959,0.333,2,206a573013bf6c57,0.529,3,959,0.5,0.0,0.84,120.6,3,Active,5,20,57,0.0,1
0.653,102.8,0.64,3,2875.4,2,0,0.68,1670,0.615,5,b83cdaff7e172968,0.638,5,1803,37.1,-1.6,6.25,229.7,1,Stopped,45,411,629,0.044,2
0.464,54.8,0.06,1,60.1,4,1,0.52,1489,0.371,2,1662708f86deaf5c,0.423,2,1489,7.2,16.9,6.99,114.2,3,Stopped,25,333,784,0.52,4
0.682,33.2,1.65,4,5998.6,1,0,1.81,1189,0.727,5,4f1ff6598af78f20,0.647,5,1246,0.4,16.8,14.66,72.3,5,Active,59,479,789,0.322,3
0.323,5.0,0.81,3,107.9,3,0,3.46,1343,0.222,1,def627fd9e7d02bd,0.324,1,1343,1.1,0.0,10.92,104.7,4,Active,13,41,127,0.077,2
0.497,27.1,1.9,4,7189.2,1,0,5.07,1754,0.481,3,691be6d23f7c8f8d,0.505,3,1871,0.0,4.4,54.66,90.0,5,Active,70,754,1557,0.971,5
0.708,20.5,0.52,2,7757.6,1,0,2.23,1557,0.862,5,226eaf88fedabe01,0.731,5,1684,0.1,22.9,23.26,89.7,5,Active,42,439,623,0.095,2
0.551,37.6,3.27,5,41.1,4,0,0.66,1284,0.368,2,edf6d91b01101053,0.57,4,1284,8.3,-15.0,5.21,126.7,3,Stopped,19,149,363,0.263,3
0.404,27.1,0.27,1,31.1,4,1,0.47,819,0.0,1,49abaf4da0b847fb,0.377,1,819,0.4,0.0,6.34,127.6,2,Active,5,67,178,0.0,1
0.553,33.6,22.5,5,395.7,3,0,2.15,1096,0.167,1,2555ae6d43e7521b,0.5,3,1226,2.4,96.0,5.59,150.4,1,Active,10,26,47,0.1,2
0.347,26.9,17.75,5,10.6,4,0,0.27,1212,0.062,1,490ea8857cacc77c,0.526,3,1212,1.3,0.0,1.01,130.9,2,Active,7,26,75,0.0,1
0.418,29.5,0.01,1,299.7,3,1,1.38,984,0.55,4,ff396310d7c08398,0.394,1,1070,6.1,-78.0,22.07,149.2,1,Stopped,7,112,328,0.857,5
0.501,98.0,0.06,1,8825.8,1,1,1.54,1033,0.389,2,03144c30a627f77e,0.467,2,1376,8.7,-5.8,6.9,137.8,2,Stopped,135,603,1266,0.407,4
0.246,41.5,0.9,3,319.4,3,0,1.82,1808,0.122,1,d2d62d83f615c711,0.273,1,1808,8.5,22.9,17.59,127.7,2,Stopped,23,222,968,0.13,2
0.449,68.9,0.39,2,1977.2,2,1,0.69,1530,0.438,3,aef3e3aae0456e4c,0.451,2,1530,1.6,22.4,8.7,83.8,5,Active,45,565,1355,1.156,5
0.494,20.7,10.12,5,119.7,3,0,0.68,1049,0.647,5,41a8abd5510f8776,0.595,4,1049,1.2,1.0,6.08,129.3,2,Active,9,80,178,0.444,4
0.514,39.3,0.81,3,3329.8,2,0,0.88,1081,0.495,3,4828c1f27a4e5a77,0.513,3,1275,7.4,0.6,10.3,95.1,5,Stopped,28,328,679,0.5,4
0.565,8.1,0.53,2,17.2,4,0,1.08,1075,0.565,4,cc8f6388e9b336e1,0.545,4,1105,0.5,41.0,1.76,140.9,2,Active,8,13,23,0.0,1
0.485,40.2,0.18,1,27.0,4,1,0.46,940,0.364,2,dad2228206c7f090,0.522,3,940,0.3,0.0,4.47,128.7,2,Active,5,49,132,0.4,4
0.4,51.2,0.25,1,90.8,4,1,0.55,2034,0.391,2,0145b25bde728b08,0.477,2,2349,0.2,-9.3,7.58,144.1,1,Active,28,387,1173,0.571,4
0.376,11.4,0.36,2,146.5,3,1,3.77,822,0.2,1,c2f2ae044e36cb3b,0.368,1,1055,7.9,-39.2,11.95,154.4,1,Stopped,12,38,101,0.167,3
0.327,57.8,0.77,3,7024.4,1,0,2.85,1481,0.221,1,0e9e1017f142bd14,0.334,1,1734,2.0,13.3,15.58,71.4,5,Active,159,870,2740,0.308,3
0.519,9.0,0.28,1,158.0,3,1,2.74,1610,0.423,3,8f03bae472d981a4,0.452,2,1610,0.4,19.7,10.95,139.0,2,Active,23,92,185,0.391,3
0.395,49.7,16.65,5,14791.8,1,0,1.37,1479,0.3,2,55f80e93723d663c,0.368,1,1479,22.8,28.5,10.05,86.8,5,Stopped,37,271,759,1.757,5
0.376,28.8,2.26,5,2842.8,2,0,1.83,1600,0.44,3,1a4906c2ebb25acb,0.544,4,1600,0.3,13.4,19.92,83.0,5,Active,52,567,1522,0.115,2
0.576,35.8,0.3,2,7320.3,1,1,0.74,981,0.56,4,0b725a5ca21a1409,0.586,4,981,0.4,25.7,8.02,98.6,4,Active,22,237,429,1.136,5
0.375,13.2,0.21,1,7.2,5,1,0.48,1036,0.5,3,3dd8796e9967a87b,0.5,3,1036,0.5,0.0,1.19,130.0,2,Active,6,15,40,0.0,1
0.168,33.6,0.29,2,37672.5,1,1,0.39,894,0.159,1,56de7a1053bcbb9a,0.17,1,930,3.0,12.3,4.29,114.1,3,Stopped,12,131,800,0.083,2
0.492,18.3,1.45,4,375.0,3,0,1.23,1419,0.345,2,156ec3ee0e195bf7,0.58,4,1450,0.4,13.9,12.22,109.0,4,Active,22,218,463,0.864,5
0.673,26.8,2.53,5,1924.1,2,0,1.42,1372,0.721,5,26ce3c8f3b4d0f1d,0.639,5,1438,4.2,27.8,19.56,112.3,4,Stopped,32,442,791,1.0,5
0.485,29.6,0.95,3,797.8,3,0,0.95,1031,0.398,3,ae7ccc748a4255e3,0.519,3,1090,0.3,23.0,16.96,95.1,5,Active,28,498,1179,0.714,4
0.5,153.1,0.07,1,51.5,4,1,0.37,1605,0.2,1,9105e8966099cefe,0.37,1,1699,128.8,87.0,1.28,446.0,1,Stopped,9,31,62,0.333,3
0.523,38.0,0.26,1,59.3,4,1,1.18,2038,0.439,3,9124d6d91643d0c1,0.461,2,2252,1.6,10.0,12.05,134.8,2,Active,43,438,926,1.791,5
0.244,43.5,1.29,4,2363.9,2,0,0.36,2129,0.233,1,b43b5bfadc304478,0.382,1,2129,1.0,92.0,6.61,152.9,1,Active,15,275,1260,0.133,2
0.282,6.2,1.23,4,848.1,3,0,2.89,894,0.091,1,c33da7c0d63f560c,0.26,1,962,2.9,31.0,16.59,147.7,1,Active,8,46,163,0.0,1
0.445,29.3,0.65,3,310.7,3,0,0.86,1266,0.351,2,eedafdf10518b68c,0.493,3,1309,2.2,41.8,13.55,104.8,4,Active,21,329,803,0.857,5
0.611,64.3,0.82,3,9.0,4,0,1.7,2094,0.537,4,2dc5d3a31cb282c2,0.59,4,2476,0.2,23.0,6.85,113.0,4,Active,108,434,714,0.037,2
0.528,6.2,0.51,2,258.4,3,0,4.34,1356,0.475,3,6f932cc7009fed05,0.534,3,1432,0.2,-19.6,37.86,132.4,2,Active,26,227,432,0.462,4
0.292,64.6,0.05,1,90.5,4,1,0.34,1785,0.239,1,460c2dcd70a990bd,0.337,1,1855,11.4,35.6,8.89,160.3,1,Stopped,18,472,1716,0.556,4
0.611,13.4,9.8,5,4.7,5,0,0.69,1022,1.0,5,6ed7487deb782730,0.68,5,1022,0.2,0.0,4.26,119.6,3,Active,5,31,54,0.2,3
0.334,33.0,6.76,5,9100.8,1,0,1.17,1938,0.307,2,df20ff5832be3fac,0.346,1,1967,0.4,29.6,16.54,98.2,4,Active,38,538,1739,1.632,5
0.735,31.3,0.96,3,1372.7,2,0,0.51,1207,0.909,5,449fc631ba0fed29,0.759,5,1207,0.1,15.3,11.7,109.8,4,Active,16,365,501,0.562,4
0.543,11.8,6.67,5,5.7,5,0,0.91,1133,0.543,4,4f90a0cd1a32c0e5,0.509,3,1133,5.2,0.0,11.11,161.0,1,Stopped,6,73,138,0.0,1
0.416,43.5,0.83,3,11.3,4,0,2.53,1809,0.315,2,b007ac6ecc9a7990,0.413,2,1809,8.5,8.7,7.75,86.7,5,Stopped,84,257,628,0.107,2
0.429,16.8,5.46,5,96.2,4,0,1.62,1342,0.261,1,619207713b89c695,0.407,2,1561,0.2,-18.1,5.76,112.7,4,Active,27,96,226,0.37,3
0.511,10.7,1.59,4,69.4,4,0,1.64,789,0.511,4,73f2321317d132c1,0.595,4,891,2.1,10.8,5.26,116.6,3,Active,14,45,88,0.071,2
0.716,28.9,9.35,5,218.3,3,0,0.62,813,0.771,5,2168a77ee8e983d2,0.725,5,965,1.0,19.7,7.63,120.7,3,Active,17,209,352,0.176,3
0.561,18.8,0.8,3,5292.4,1,0,1.95,1138,0.4,3,35946b00cce9941d,0.563,4,1138,0.2,-1.0,17.85,113.5,3,Active,19,174,312,0.474,4
0.48,6.0,0.11,1,7.5,5,1,1.0,1060,0.48,3,57a9f86d0dac9066,0.667,5,1060,0.8,0.0,8.77,149.5,1,Active,5,44,102,0.0,1
0.35,37.8,0.86,3,175.1,3,0,0.86,889,0.414,3,cc71028a4a83bb73,0.329,1,1027,19.7,-11.0,4.91,117.5,3,Stopped,15,86,297,1.533,5
0.662,17.0,0.08,1,32.4,4,1,0.38,918,0.662,5,7313251df9258fcc,0.667,5,918,0.4,0.0,2.69,119.4,3,Active,6,43,65,0.0,1
0.471,22.0,0.82,3,6.5,5,0,0.42,797,0.091,1,ff97e9202d7c287a,0.619,4,921,0.4,-19.0,1.11,136.7,2,Active,9,24,51,0.111,2
0.396,25.8,1.16,4,439.8,3,0,1.1,1623,0.329,2,abdc59f451712a26,0.461,2,1748,0.4,24.8,36.36,104.1,4,Active,28,924,2497,1.357,5
0.547,12.0,0.45,2,5.7,5,1,0.92,1762,0.5,3,0767e93b6a28b68c,0.652,5,1762,1.2,73.3,3.23,239.6,1,Active,10,35,64,0.1,2
0.311,8.3,0.34,2,350.1,3,1,1.2,902,0.311,2,b103e8fd16ecf393,0.304,1,902,0.2,0.0,5.4,137.3,2,Active,6,27,90,0.0,1
0.616,8.4,0.66,3,691.3,3,0,2.88,971,0.5,3,fd4d457e8b959c97,0.538,3,988,2.9,40.2,31.32,119.1,3,Active,15,163,302,0.667,4
0.671,23.6,0.33,2,478.0,3,1,0.26,992,0.455,3,d85db98b805e6a1d,0.575,4,992,0.2,125.0,4.38,128.7,2,Active,6,100,158,0.167,3
0.635,51.3,1.81,4,7.8,5,0,1.9,1296,0.439,3,3a8966b325707254,0.698,5,1527,0.4,-0.8,5.95,86.5,5,Active,97,303,480,0.041,2
0.597,9.5,7.23,5,27.2,4,0,1.13,1117,0.364,2,68aefd8454bad55a,0.581,4,1150,0.6,0.0,12.09,118.2,3,Active,10,107,181,0.0,1
0.667,12.3,0.62,2,11.4,4,0,1.47,753,0.667,5,33f0f7eeb08b5458,0.684,5,898,0.7,-32.2,3.66,132.5,2,Active,10,25,39,0.0,1
0.538,30.5,1.23,4,1439.8,2,0,1.71,1500,0.514,4,3b1a2e27d22486e8,0.59,4,1632,0.9,11.3,19.45,97.1,4,Active,49,558,1048,0.939,5
0.588,43.6,0.04,1,876.4,2,1,1.41,1377,0.557,4,b793e7bdcc495b0f,0.604,4,1436,0.2,16.6,14.31,82.1,5,Active,61,621,1215,1.18,5
0.536,55.0,0.04,1,860.8,3,1,0.22,750,0.364,2,0d4995876afebd2f,0.556,4,769,1.4,-3.3,2.14,119.4,3,Active,11,108,211,0.091,2
0.635,8.7,4.72,5,125.3,3,0,0.58,909,0.588,4,438d3dfaa51a6b85,0.556,4,909,0.1,0.0,13.87,117.4,3,Active,5,119,326,0.4,4
0.494,45.5,0.25,1,55.7,4,1,0.18,2141,0.435,3,548294d1e33e806d,0.522,3,2141,11.8,0.0,1.19,220.5,1,Stopped,6,40,85,0.667,4
0.57,5.4,0.55,2,43.9,4,0,4.0,1431,0.25,1,5e9b3dc30cbae522,0.625,4,1480,2.9,0.0,30.51,172.2,1,Active,8,61,107,0.0,1
0.408,11.9,0.61,2,2.8,5,0,1.59,1213,0.207,1,e7deb05ac422819f,0.533,3,1305,0.2,51.4,4.46,164.9,1,Active,15,42,103,0.067,2
0.335,80.0,0.05,1,1585.0,2,1,2.29,1923,0.295,2,f5c7a1f8b13c7911,0.355,1,2077,4.9,4.8,15.93,125.5,3,Stopped,172,1197,3780,1.087,5
0.309,11.2,1.81,4,6846.0,1,0,1.74,1400,0.105,1,6fea552ed030fd73,0.308,1,1424,0.3,35.2,8.89,133.1,2,Active,19,97,320,0.105,2
0.468,50.6,0.91,3,7081.6,1,0,0.26,966,0.347,2,db124a21eb155a6d,0.416,2,1056,4.8,18.0,6.3,135.4,2,Stopped,12,289,626,1.25,5
0.302,21.1,0.25,1,974.7,2,1,4.95,831,0.263,1,11f7f0403e3e5bea,0.299,1,922,17.2,7.5,18.51,116.4,3,Stopped,19,71,242,0.632,4
0.569,35.0,3.85,5,4545.1,1,0,1.05,2160,0.577,4,8a2cd121d719a85c,0.547,4,2208,0.0,7.9,12.22,105.6,4,Active,36,419,791,0.528,4
0.483,36.9,0.21,1,870.6,2,1,2.48,1189,0.377,2,99b28b60c55dfd0f,0.451,2,1650,2.7,16.7,18.01,87.4,5,Active,84,610,1320,0.929,5
0.517,31.1,2.32,5,943.4,2,0,0.93,1412,0.473,3,028e107afe739e8b,0.505,3,1412,0.0,24.0,24.28,92.2,5,Active,29,755,1627,1.31,5
0.527,27.6,0.36,2,2157.3,2,1,0.53,879,0.2,1,5e68397db293177a,0.475,2,913,0.6,17.3,5.16,105.0,4,Active,14,136,279,0.429,4
0.525,26.7,0.23,1,1448.1,2,1,2.58,1465,0.462,3,23e9cbd5a6e2e558,0.547,4,1544,0.5,21.2,26.62,81.9,5,Active,58,598,1176,1.103,5
0.547,22.3,0.33,2,1649.7,2,1,0.23,1039,0.0,1,813e337c68207b9e,0.429,2,1039,0.1,0.0,3.7,122.8,3,Active,5,81,150,0.0,1
0.712,11.4,0.08,1,0.6,5,1,0.79,809,0.0,1,a60e5e4e5d899f0f,0.593,4,836,0.4,-7.3,4.33,140.2,2,Active,8,44,66,0.0,1
0.412,21.5,1.64,4,5198.8,1,0,3.17,1635,0.389,2,142b9007a4bac71e,0.428,2,1635,0.0,8.2,28.3,74.6,5,Active,68,607,1520,1.529,5
0.704,1.8,0.69,3,838.2,3,0,3.04,967,0.704,5,8131967612d5d658,0.727,5,967,0.2,0.0,11.56,116.8,3,Active,5,19,27,0.0,1
0.401,30.3,4.95,5,3703.7,1,0,0.62,1489,0.338,2,3841a2bc02d270db,0.389,1,1500,2.8,20.6,12.7,136.6,2,Active,17,349,893,0.941,5
0.356,17.6,0.47,2,3.3,5,1,0.75,1135,0.071,1,e404b95865235b53,0.542,3,1135,0.2,36.0,1.21,144.6,1,Active,13,21,59,0.0,1
0.562,14.9,2.14,4,628.3,3,0,2.25,1596,0.519,4,bb4c580397cc7325,0.552,4,1606,3.5,32.0,24.79,186.1,1,Stopped,16,176,320,0.688,4
0.492,20.8,1.0,3,46.5,4,0,0.41,1730,0.375,2,52a2b0310e95ced4,0.532,3,1730,1.3,224.0,3.25,234.3,1,Active,7,56,120,0.857,5
0.429,27.0,0.07,1,133.3,3,1,0.67,1536,0.261,1,53204fd5f0600733,0.446,2,1582,0.2,-0.3,5.45,137.5,2,Active,18,146,345,0.167,3
0.617,12.7,0.02,1,1.2,5,1,0.7,1167,0.625,5,42578ae172a093f8,0.708,5,1268,0.5,0.0,3.26,141.3,2,Active,8,37,60,0.0,1
0.475,16.0,2.68,5,23817.1,1,0,1.66,1051,0.509,4,977bcedc28d789c5,0.426,2,1202,0.3,3.5,15.05,99.8,4,Active,26,236,512,0.5,4
0.661,17.9,0.16,1,13.7,4,1,0.73,1323,0.167,1,9ddd84a9693e248b,0.565,4,1323,0.8,33.7,6.72,135.5,2,Active,12,110,168,0.0,1
0.313,77.8,4.1,5,110463.5,1,0,0.86,1628,0.239,1,2aad70b752bfa393,0.334,1,1628,2.0,3.4,8.64,95.9,4,Active,65,654,2287,0.985,5
0.444,65.3,0.23,1,1249.4,2,1,0.76,991,0.464,3,2790e36a621de5e7,0.462,2,1069,8.4,-4.2,3.81,89.2,5,Stopped,43,215,495,0.14,3
0.393,32.3,0.82,3,1442.8,2,0,2.01,1395,0.252,1,2278b1d21a367604,0.427,2,1437,0.3,4.9,11.33,89.5,5,Active,62,350,983,1.032,5
0.333,118.2,0.17,1,20.6,4,1,0.06,1085,0.0,1,88f0ed24d0649377,0.5,3,1379,3.1,-42.5,0.18,502.2,1,Stopped,7,21,63,0.143,3
0.544,54.6,1.16,4,5031.6,1,0,1.61,1618,0.519,4,bc1437549b202d76,0.537,3,1642,6.4,8.2,15.3,72.5,5,Stopped,76,723,1382,0.474,4
0.378,55.9,0.1,1,2623.9,2,1,1.55,1498,0.332,2,82048e136a6b6c2f,0.382,1,1606,9.7,19.1,13.15,98.6,4,Stopped,40,339,982,1.175,5
0.44,84.6,0.81,3,3867.3,1,0,2.56,2108,0.39,2,529d561d427234bd,0.464,2,2292,1.0,9.6,42.48,120.8,3,Active,214,3550,8672,0.752,4
0.407,9.3,0.59,2,584.6,3,0,1.2,971,0.0,1,742beea4e2c3def3,0.414,2,988,0.2,-18.3,3.49,131.0,2,Active,11,32,81,0.0,1
0.368,26.7,0.34,2,10109.4,1,1,0.23,853,0.286,1,c8cc8bcbcb929c79,0.426,2,853,0.1,0.0,1.17,121.2,3,Active,6,31,87,1.0,5
0.25,38.9,4.33,5,5.4,5,0,2.95,835,0.25,1,ac8ae2b27e1c6b68,0.333,1,846,31.4,-4.0,1.97,131.5,2,Stopped,6,4,16,0.0,1
0.226,58.6,0.53,2,30310.1,1,0,0.32,1161,0.5,3,65a49510fd7d1c08,0.268,1,1161,3.1,37.8,0.63,106.0,4,Stopped,18,35,164,0.222,3
0.573,11.5,1.04,4,1440.6,2,0,2.87,690,0.0,1,67b0cb4de32469ba,0.655,5,899,7.2,-18.7,13.31,146.0,1,Stopped,11,51,96,0.091,2
0.442,10.6,0.26,1,8.0,4,1,0.75,944,0.2,1,617b040824d47a68,0.462,2,1001,0.4,0.0,1.92,136.3,2,Active,7,18,43,0.429,4
0.544,9.9,0.14,1,2197.7,2,1,0.83,1030,0.636,5,bd4eadcdd56511dc,0.527,3,1030,3.9,0.0,23.75,123.4,3,Stopped,5,143,270,0.0,1
0.551,13.3,1.09,4,377.5,3,0,2.15,1076,0.5,3,166dded85f91dc52,0.571,4,1076,0.2,13.8,11.67,110.5,4,Active,21,114,207,0.143,3
0.476,16.3,0.5,2,6050.0,1,0,2.63,1024,0.483,3,685346c63fab4574,0.465,2,1184,0.0,-13.3,35.39,96.0,4,Active,39,525,1240,1.103,5
0.406,38.5,0.83,3,6447.8,1,0,1.05,1118,0.261,1,4c13f2e271d904f6,0.381,1,1235,1.0,10.8,9.67,94.9,5,Active,32,294,756,0.156,3
0.353,14.5,2.01,4,646.3,3,0,1.1,869,0.0,1,065ac1675bf8c3ff,0.34,1,914,0.0,-11.0,7.8,108.2,4,Active,16,113,331,0.062,2
0.568,52.1,0.06,1,28.3,4,1,0.38,831,0.568,4,b39860f99b18879b,0.214,1,834,23.7,6.0,1.25,137.9,2,Stopped,6,20,37,0.0,1
0.36,56.5,0.47,2,1605.9,2,1,0.41,1012,0.32,2,966105262606976c,0.361,1,1268,2.4,1.0,2.07,109.7,4,Active,22,112,383,0.318,3
0.441,21.0,1.51,4,3629.3,1,0,3.03,1313,0.432,3,65cefce612f3db08,0.457,2,1362,0.0,15.6,28.43,69.2,5,Active,63,592,1372,0.667,4
0.212,17.3,1.4,4,91.0,4,0,1.14,1217,0.231,1,e380c0f87f8b2534,0.229,1,1217,2.6,78.0,5.97,95.3,5,Active,16,84,401,0.375,3
0.505,178.4,0.11,1,6197.9,1,1,0.3,2014,0.511,4,8ad48a1cbf732492,0.548,4,2014,0.2,21.5,13.16,209.3,1,Active,53,2345,4809,1.717,5
0.63,34.2,1.45,4,1.4,5,0,0.5,817,0.63,5,1dd74e92c5c4b165,0.625,4,860,9.0,-11.7,1.06,149.5,1,Stopped,8,17,27,0.0,1
0.7,21.4,0.64,3,3796.2,1,0,0.71,1015,0.7,5,966ac313fa11a11e,0.675,5,1015,1.2,-15.7,5.37,140.0,2,Active,10,76,110,0.0,1
0.352,10.6,0.23,1,5.1,5,1,0.8,2197,0.424,3,73c38b6faf8139c1,0.382,1,2197,0.5,263.0,4.47,268.7,1,Active,8,45,128,0.125,2
0.705,14.5,0.79,3,11.0,4,0,2.28,1258,0.676,5,68b82d4bf2fa13cf,0.711,5,1630,0.0,-2.9,9.93,143.6,1,Active,33,144,210,0.0,1
0.478,16.7,0.29,2,5893.8,1,1,0.72,871,0.182,1,ad1611c7d8682ff5,0.38,1,996,0.0,-25.0,5.09,130.8,2,Active,12,85,178,0.25,3
0.583,38.8,2.89,5,8096.7,1,0,0.71,1093,0.609,4,13ed615e8a0a005c,0.564,4,1093,0.1,4.5,6.98,96.6,4,Active,26,254,444,0.269,3
0.621,5.8,0.33,2,122.6,3,1,2.99,769,1.0,5,59a81525abced7c3,0.552,4,820,3.7,-47.0,35.89,153.7,1,Stopped,6,72,116,0.0,1
0.436,64.4,0.37,2,7775.8,1,1,0.51,1327,0.373,2,32bcd8452e0ef473,0.419,2,1327,5.2,10.5,8.13,95.7,4,Stopped,30,481,1118,0.733,4
0.164,8.6,1.62,4,5746.2,1,0,1.55,655,0.0,1,c353c0e58e47c057,0.212,1,792,0.0,-45.3,4.84,138.0,2,Active,8,25,152,0.25,3
0.43,66.2,0.11,1,6445.9,1,1,1.24,1348,0.328,2,66a7c848730a3c17,0.448,2,1516,1.5,18.0,5.97,74.6,5,Active,80,386,904,0.988,5
0.561,52.6,0.01,1,774.9,3,1,0.38,1068,0.574,4,c1354ade4e783e53,0.558,4,1068,0.1,32.7,8.55,104.8,4,Active,20,449,908,3.0,5
0.565,9.2,0.24,1,91.0,4,1,1.38,1362,0.667,5,15e0842756db9bec,0.442,2,1362,1.2,40.5,6.53,138.4,2,Active,11,52,92,0.364,3
0.166,53.8,0.04,1,1103.9,2,1,0.19,911,0.13,1,a86d5b01d2635d8b,0.127,1,934,11.8,11.0,1.31,131.9,2,Stopped,8,55,344,0.5,4
0.313,23.2,0.06,1,9280.2,1,1,0.38,1009,0.167,1,9efd923d823831bd,0.373,1,1009,0.3,0.0,4.35,145.0,1,Active,5,57,182,0.0,1
0.633,51.2,4.55,5,47.1,4,0,0.43,1492,0.551,4,12569cf9aa965187,0.624,4,1492,0.0,45.6,5.48,126.8,3,Active,22,278,461,1.0,5
0.612,18.0,8.06,5,5339.9,1,0,2.66,1296,0.526,4,4b7520ce34f50db5,0.57,4,1310,1.8,16.9,10.39,92.7,5,Active,43,168,281,0.558,4
0.548,21.4,1.25,4,4324.0,1,0,0.34,990,0.5,3,320fae9b056074f9,0.519,3,1023,0.7,0.0,3.69,129.7,2,Active,7,76,146,0.143,3
0.393,28.9,0.54,2,437.2,3,0,0.6,1040,0.364,2,abfd7ca2cadf752e,0.417,2,1041,2.4,15.0,5.27,131.2,2,Active,12,106,275,0.333,3
0.718,10.2,2.08,4,40.7,4,0,0.88,1253,0.717,5,e686b68ec23b65af,0.68,5,1313,0.0,-22.0,28.91,148.2,1,Active,9,294,422,0.889,5
0.385,41.2,0.88,3,25993.8,1,0,1.94,865,0.25,1,a62c4894d2dad709,0.413,2,1063,0.5,10.1,8.78,67.8,5,Active,79,358,989,0.304,3
0.415,35.5,0.08,1,6.5,5,1,0.26,1228,0.667,5,8f4ed6983a9bc426,0.417,2,1405,1.4,-29.0,1.59,159.8,1,Active,9,54,130,0.111,2
0.376,52.2,0.42,2,7069.5,1,1,2.85,1322,0.39,2,97ecf70450418d82,0.342,1,1365,0.9,12.0,26.95,62.3,5,Active,146,1379,3995,1.212,5
0.76,4.9,0.79,3,1.7,5,0,4.35,1052,0.76,5,0e4a3f19dc9eeb81,0.818,5,1160,2.0,12.7,8.26,174.4,1,Active,10,19,25,0.0,1
0.569,19.4,1.21,4,1587.1,2,0,0.85,992,0.57,4,ef15fc09461abeb7,0.593,4,1153,0.5,10.8,22.01,128.5,2,Active,16,416,768,1.375,5
0.447,12.2,0.22,1,36.3,4,1,1.86,1282,0.453,3,7faa384dc13e3331,0.406,2,1282,1.1,2.9,9.39,123.2,3,Active,19,96,235,0.105,2
0.542,21.1,0.34,2,56.8,4,1,0.43,1668,0.486,3,2dc10e6d362ec365,0.706,5,1668,0.0,168.0,8.22,149.9,1,Active,9,173,384,1.444,5
0.439,34.5,1.44,4,2741.5,2,0,0.32,1064,0.44,3,7e3cf577f4d3f8a1,0.428,2,1172,0.2,33.5,11.72,142.7,2,Active,9,333,758,0.778,4
0.454,28.1,1.06,4,6041.8,1,0,1.31,1612,0.482,3,949327a746256503,0.42,2,1612,1.2,31.0,30.88,120.5,3,Active,35,827,1870,1.629,5
0.606,1.7,0.63,3,308.8,3,0,5.1,1311,0.755,5,856f2dd56796ee50,0.622,4,1315,0.2,0.0,107.04,141.7,2,Active,7,147,254,0.571,4
0.635,26.5,0.64,3,3235.0,2,0,0.46,1395,0.561,4,803641cec182e4a7,0.676,5,1395,0.4,111.0,9.84,110.6,4,Active,12,257,416,0.833,5
0.43,18.9,0.71,3,2234.7,2,0,1.33,1552,0.331,2,794c66b76f2c3d61,0.447,2,1552,0.1,3.9,24.36,104.7,4,Active,25,458,1110,0.4,4
0.519,28.2,4.37,5,3133.7,2,0,0.96,1248,0.714,5,5f96f2bb09b193c3,0.508,3,1351,0.1,26.8,5.21,122.1,3,Active,22,119,231,0.0,1
0.726,11.4,0.72,3,57.0,4,0,2.47,1230,0.667,5,58ea44e64ce2a01a,0.667,5,1230,0.0,29.0,22.75,101.4,4,Active,28,258,369,0.429,4
0.561,27.1,0.13,1,311.6,3,1,0.94,956,0.4,3,512b81113d71b35c,0.558,4,1004,1.3,0.0,9.08,134.4,2,Active,8,77,139,0.25,3
0.596,18.3,8.02,5,2079.1,2,0,0.47,820,0.556,4,a2a8aee7b79ae750,0.593,4,917,1.0,-50.0,11.11,139.1,2,Active,8,191,379,0.0,1
0.556,64.1,4.53,5,238.2,3,0,0.18,2338,0.551,4,0b9e0edabd4edb83,0.64,5,2338,2.0,72.0,2.87,199.9,1,Active,11,178,354,0.091,2
0.453,52.2,0.37,2,3043.3,2,1,0.54,1230,0.342,2,f1618e9ce233a65c,0.486,3,1230,7.6,24.5,8.63,95.0,5,Stopped,23,368,867,0.565,4
0.431,22.0,1.18,4,2869.8,2,0,2.31,1441,0.448,3,8c02d1278428eb26,0.424,2,1441,0.1,27.9,43.32,80.1,5,Active,44,826,2120,1.432,5
0.615,9.1,1.89,4,3.1,5,0,1.58,1161,1.0,5,5f11140aa459a361,0.688,5,1161,4.0,0.0,4.74,149.6,1,Stopped,5,15,26,0.0,1
0.406,76.9,0.35,2,1056.4,2,1,1.16,2189,0.287,1,f56399bdb125915c,0.456,2,2189,37.9,23.8,15.1,211.5,1,Stopped,45,588,1835,1.667,5
0.438,46.3,1.94,4,176.4,3,0,1.05,1145,0.471,3,3f5c5d36fe9178e7,0.5,3,1252,0.3,-0.3,4.29,119.6,3,Active,23,94,235,0.957,5
0.444,7.7,3.26,5,229.0,3,0,1.2,1411,0.404,3,88b1024fd1ab4fbc,0.512,3,1551,0.3,-69.0,29.8,176.5,1,Active,9,223,541,0.556,4
0.378,118.1,0.19,1,3.3,5,1,1.15,2292,0.333,2,3e0a7b3b6fad2108,0.393,1,2292,65.7,9.5,5.15,379.0,1,Stopped,15,67,180,0.067,2
0.485,27.7,0.23,1,2001.7,2,1,0.62,1469,0.455,3,24e87264f110cf81,0.476,2,1469,0.3,8.7,7.85,137.9,2,Active,17,215,480,0.647,4
0.434,37.1,1.07,4,764.4,3,0,0.53,1212,0.396,3,723d51f2251607df,0.417,2,1265,1.8,17.4,6.56,137.9,2,Active,17,212,716,1.824,5
0.471,10.6,0.73,3,8826.1,1,0,1.72,1785,0.432,3,26d49f60e8df2ac7,0.525,3,1785,0.1,47.0,13.95,105.9,4,Active,18,146,327,0.444,4
0.373,52.5,0.56,2,1251.8,2,0,1.26,1817,0.301,2,b045ced74a7ab11b,0.388,1,1843,18.4,31.8,27.13,108.6,4,Stopped,41,880,2541,1.61,5
0.441,26.7,0.87,3,4765.9,1,0,0.75,1347,0.383,2,3ff01ab36c3570ac,0.504,3,1440,0.1,16.2,45.79,115.3,3,Active,20,1220,2801,1.25,5
0.369,74.4,0.49,2,1967.3,2,1,0.39,2114,0.304,2,a4780f7a0f824f86,0.383,1,2208,2.5,122.8,22.02,126.6,3,Active,20,1116,3920,3.25,5
0.46,22.1,1.0,3,4157.8,1,0,5.39,1305,0.434,3,e6db10b28c3e3113,0.512,3,1551,0.2,11.0,32.41,68.5,5,Active,118,710,1571,0.5,4
0.437,56.7,0.24,1,8523.6,1,1,1.73,1650,0.319,2,4aef126a3676c5bc,0.463,2,1940,1.4,14.0,15.94,76.7,5,Active,92,847,1974,0.63,4
0.425,30.8,0.69,3,5925.0,1,0,1.69,1511,0.322,2,dcf9bb963565f8dc,0.458,2,1746,0.1,18.1,21.77,96.0,4,Active,52,668,1597,0.654,4
0.548,20.9,0.78,3,2925.4,2,0,1.76,1502,0.425,3,b42519b13fb96dfd,0.549,4,1567,0.7,13.7,39.11,87.4,5,Active,35,777,1443,0.257,3
0.433,28.5,2.19,5,544.8,3,0,1.12,1172,0.529,4,f7adc3265eb8e0dc,0.545,4,1218,0.3,-21.0,8.3,160.3,1,Active,7,52,134,1.286,5
0.535,17.1,1.19,4,38.0,4,0,2.84,942,0.667,5,8e41af9035ecbcea,0.552,4,1168,0.5,11.3,7.42,86.9,5,Active,47,123,245,0.191,3
0.59,27.4,0.53,2,3979.2,1,0,2.34,1063,0.592,4,b6d42073e0186d7f,0.608,4,1192,0.1,5.1,36.65,79.3,5,Active,64,1001,1912,0.828,5
0.656,29.4,0.08,1,93.6,4,1,0.19,978,0.656,5,2ae59d00cf404aa0,0.587,4,978,2.1,0.0,2.96,109.5,4,Active,5,80,125,0.2,3
0.38,159.9,0.49,2,5138.3,1,1,1.0,1512,0.314,2,a78bf122fea6a99a,0.481,3,1950,0.2,8.0,5.34,127.9,2,Active,160,853,2320,0.656,4
0.45,46.2,4.12,5,5298.1,1,0,1.19,1231,0.41,3,abe24376c277ae9a,0.444,2,1305,0.1,11.9,18.3,77.7,5,Active,53,815,1966,1.283,5
0.428,22.4,1.92,4,3428.5,1,0,1.31,999,0.333,2,5f4137dd4cbcf2b2,0.425,2,1098,0.9,20.8,7.83,94.6,5,Active,26,156,397,0.346,3
0.37,41.2,0.94,3,96.3,4,0,1.87,1486,0.296,2,608769a606b60263,0.379,1,1797,2.6,7.6,8.28,97.2,4,Active,72,319,973,0.819,5
0.296,6.6,0.75,3,53.7,4,0,2.0,1212,0.0,1,f2c5ff73be3d1578,0.243,1,1212,0.1,29.5,4.47,124.3,3,Active,13,29,98,0.154,3
0.521,25.4,0.18,1,2780.1,2,1,0.75,798,0.333,2,509917d61dde99f0,0.486,3,867,2.5,22.2,6.62,110.9,4,Active,17,151,311,0.941,5
0.473,69.1,0.7,3,607.4,3,0,2.72,1902,0.395,2,c3d25763747e0025,0.492,3,2124,3.4,16.9,15.87,76.6,5,Stopped,179,1043,2252,0.492,4
0.527,34.0,1.9,4,1353.9,2,0,1.35,1261,0.578,4,d6face2a07e5ff28,0.601,4,1329,0.0,24.9,32.84,85.0,5,Active,46,1115,2313,1.261,5
0.422,38.2,7.33,5,5997.5,1,0,1.84,1478,0.388,2,2b7505e58a321feb,0.389,1,1506,1.2,9.5,20.68,78.3,5,Active,68,765,1991,1.029,5
0.511,57.6,3.13,5,12875.4,1,0,0.41,1835,0.476,3,9d2a9a6a8e1cfcf6,0.536,3,1835,23.4,101.0,2.69,179.7,1,Stopped,14,92,190,0.286,3
0.58,67.2,0.67,3,387.1,3,0,0.71,1434,0.514,4,bf97bbac456de3f2,0.551,4,1457,14.7,29.5,4.65,103.7,4,Stopped,32,208,364,0.344,3
0.611,13.1,0.09,1,5.4,5,1,0.39,906,0.611,4,94912b59125d7581,0.522,3,906,0.4,0.0,1.64,126.0,3,Active,5,21,36,0.2,3
0.514,50.4,0.2,1,646.5,3,1,0.64,980,0.667,5,7b7c9159b684b552,0.519,3,980,5.1,50.8,10.13,92.3,5,Stopped,27,425,986,1.259,5
0.488,10.6,0.61,2,23.0,4,0,2.94,1233,0.333,2,cbb4402a8a3ece41,0.523,3,1305,0.4,4.8,11.67,125.3,3,Active,30,119,246,0.267,3
0.529,31.7,0.01,1,3978.6,1,1,1.33,1101,0.333,2,fed794bf74ae461a,0.47,2,1183,0.9,17.6,11.93,92.2,5,Active,29,261,539,0.655,4
0.356,7.8,0.74,3,26.6,4,0,1.54,968,0.333,2,f6f1c47af431c6c9,0.459,2,968,2.6,0.0,7.71,142.1,2,Active,5,25,73,0.0,1
0.618,6.3,0.09,1,14.6,4,1,1.28,958,1.0,5,05b87034b4c10733,0.679,5,1019,0.4,0.0,8.44,150.4,1,Active,7,46,76,0.0,1
0.265,82.4,0.67,3,66306.9,1,0,2.88,632,0.144,1,bc9fd15b854beebc,0.255,1,1370,2.8,5.7,9.82,118.1,3,Active,229,782,3038,0.319,3
0.481,22.2,0.57,2,16572.0,1,0,1.43,1145,0.5,3,d3572b977edd516f,0.469,2,1337,0.4,3.9,7.73,102.5,4,Active,31,168,351,0.0,1
0.459,17.6,3.77,5,10.3,4,0,1.44,1350,0.467,3,8ca41139906762a4,0.535,3,1350,2.4,-1.3,4.27,99.2,4,Active,22,65,148,0.136,2
0.616,20.5,1.22,4,462.6,3,0,1.14,1361,0.637,5,bf3061134e2ba50b,0.535,3,1361,2.8,6.2,33.48,103.1,4,Active,20,585,1031,0.4,4
0.501,67.5,4.24,5,23.2,4,0,0.24,1732,0.545,4,97a753151e3091e3,0.541,3,1827,1.4,0.0,2.92,123.0,3,Active,16,192,393,0.125,2
0.562,78.0,0.35,2,23344.2,1,1,0.18,1123,0.375,2,33a1807f72bf3f18,0.496,3,1139,2.9,17.0,1.9,120.4,3,Active,13,134,240,0.308,3
0.377,35.9,0.76,3,1630.6,2,0,3.25,976,0.318,2,5689b4fa4529e458,0.379,1,1076,0.1,3.0,17.9,68.7,5,Active,116,639,1795,1.147,5
0.515,59.2,16.29,5,25.6,4,0,1.26,1922,0.375,2,56e54282b233564f,0.517,3,2090,0.5,21.3,8.73,100.6,4,Active,74,512,1072,0.311,3
0.385,31.0,5.5,5,24160.9,1,0,0.2,997,0.25,1,8a32a1943cf6ecfd,0.5,3,997,0.5,16.0,0.46,132.8,2,Active,6,14,39,0.167,3
0.338,143.3,0.01,1,880.6,2,1,0.61,1912,0.295,2,c5a5dc94025fff18,0.377,1,1940,40.2,27.8,11.38,202.8,1,Stopped,63,1172,3610,1.54,5
0.529,9.5,0.99,3,464.0,3,0,4.93,1324,0.574,4,0bbd69997b37eacb,0.525,3,1324,0.0,16.9,74.44,97.1,4,Active,41,619,1305,2.537,5
0.578,18.3,1.44,4,9.3,4,0,0.59,882,0.578,4,00418dfd9796dc7c,0.529,3,902,1.8,-2.0,3.16,125.3,3,Active,8,43,83,0.0,1
0.698,10.4,0.36,2,84.7,4,1,1.29,1294,0.636,5,f2b8156496cdd65b,0.746,5,1294,0.0,0.0,34.28,146.3,1,Active,6,159,235,0.5,4
0.505,31.6,0.17,1,6.6,5,1,1.63,1127,0.5,3,77f9d2f92c7d5a27,0.475,2,1148,0.4,0.0,13.05,143.9,1,Active,6,48,95,0.0,1
0.564,80.9,0.04,1,2083.7,2,1,1.66,1519,0.451,3,d6b38fc9fc52db52,0.592,4,1725,0.3,4.0,13.1,135.2,2,Active,127,1000,1800,0.661,4
0.59,27.0,5.13,5,3323.8,2,0,1.52,1231,0.478,3,21494e8696458ef4,0.533,3,1250,0.0,3.9,25.83,80.3,5,Active,41,696,1244,0.366,3
0.465,112.0,0.13,1,12297.4,1,1,0.26,1622,0.365,2,b9b5f0c7631772ad,0.547,4,1709,0.1,31.0,6.86,264.1,1,Active,29,768,1702,0.483,4
0.389,22.6,0.48,2,45.3,4,1,0.5,1007,0.389,2,713c425bbeed5cd9,0.32,1,1007,0.5,14.7,1.58,122.0,3,Active,11,35,95,0.091,2
0.511,34.0,0.34,2,3027.1,2,1,1.58,1636,0.422,3,d4629ea003bbff0d,0.517,3,1715,0.8,21.0,10.17,102.4,4,Active,48,309,614,0.333,3
0.694,6.9,0.55,2,123.7,3,0,2.49,1288,0.78,5,fe641651da60631e,0.679,5,1288,0.0,43.2,59.81,117.8,3,Active,17,409,607,0.353,3
0.207,16.9,0.93,3,7.7,5,0,2.96,828,0.0,1,5049877d17ce871a,0.333,1,938,7.5,-96.0,2.22,140.3,2,Stopped,8,6,29,0.0,1
0.55,9.3,1.31,4,1.3,5,0,1.77,1165,0.2,1,30e785a8bd64ffc6,0.594,4,1165,4.5,0.0,7.29,126.3,3,Stopped,8,33,60,0.0,1
0.324,28.5,36.0,5,6.0,5,0,0.23,1692,0.25,1,d912e040caf93952,0.412,2,1692,2.6,0.0,0.93,185.0,1,Active,6,24,74,0.0,1
0.475,32.0,0.64,3,18066.9,1,0,0.5,881,0.333,2,788b772ff7f53798,0.477,2,881,0.1,-5.8,3.74,112.2,4,Active,16,119,265,0.188,3
0.482,22.6,0.91,3,4906.8,1,0,2.63,1446,0.436,3,7680e8d4dcddac62,0.475,2,1551,0.0,12.0,65.8,75.4,5,Active,57,1424,2991,0.632,4
0.527,20.6,1.24,4,1768.0,2,0,2.38,1020,0.58,4,7bae98de38ee07d1,0.529,3,1172,0.0,22.6,16.9,83.9,5,Active,43,305,660,0.419,4
0.426,38.4,0.08,1,19.3,4,1,0.68,1126,0.289,1,618f91f23b0bb143,0.482,3,1141,25.2,44.5,17.09,132.2,2,Stopped,9,226,570,1.556,5
0.475,53.7,0.08,1,5111.6,1,1,0.81,1460,0.433,3,77b65a5d24d3d3a0,0.477,2,1500,0.7,-1.6,14.31,100.7,4,Active,43,758,1981,2.186,5
0.312,11.5,1.91,4,9.2,4,0,0.69,813,0.312,2,cccc1d290737d2d3,0.278,1,853,0.8,0.0,1.16,143.4,1,Active,6,10,32,0.0,1
0.498,30.4,0.23,1,3716.8,1,1,1.93,1311,0.394,2,e79aa31caa70116c,0.507,3,1311,3.9,7.1,31.5,80.0,5,Stopped,50,818,1950,1.54,5
0.609,20.3,1.49,4,3922.4,1,0,1.84,1516,0.471,3,4387cd7de08a9da8,0.607,4,1636,0.1,18.2,15.22,114.5,3,Active,37,306,535,0.405,4
0.379,12.4,0.43,2,220.8,3,1,1.06,923,0.1,1,6879b1900b312b89,0.421,2,987,3.0,7.5,11.78,139.6,2,Stopped,10,111,298,0.1,2
0.586,61.5,0.1,1,7.9,4,1,1.22,1322,0.509,4,d650c9f48457b351,0.587,4,1651,1.0,8.2,4.12,98.2,4,Active,74,249,425,0.149,3
0.608,64.6,0.47,2,2147.0,2,1,1.24,2289,0.596,4,c7f5f743170e0add,0.663,5,2302,0.2,13.0,26.37,91.6,5,Active,80,1697,3170,2.212,5
0.537,40.6,0.32,2,455.1,3,1,2.12,2026,0.542,4,a358395eb5bbd3a8,0.552,4,2026,2.0,3.3,35.62,100.3,4,Active,71,1195,2367,1.197,5
0.302,28.4,0.29,2,3.8,5,1,1.19,587,0.302,2,56ecdba92d337486,0.288,1,863,18.3,-51.0,3.27,129.7,2,Stopped,12,33,116,0.0,1
0.493,49.1,0.7,3,557.7,3,0,1.88,1674,0.426,3,ffbab20ddc7eab45,0.496,3,1701,0.8,10.9,10.32,81.6,5,Active,91,499,1024,0.396,4
0.426,5.0,0.57,2,5.8,5,0,1.78,1494,0.333,2,97f11366d427384e,0.333,1,1494,0.5,88.0,4.44,164.6,1,Active,8,20,47,0.0,1
0.607,199.5,1.46,4,17962.9,1,0,0.48,869,0.514,4,d00b8fa402f37868,0.631,4,1571,0.0,-4.5,12.95,163.1,1,Active,96,2576,4259,0.438,4
0.611,19.5,0.03,1,208.8,3,1,0.8,1225,0.444,3,e99c18d683c7da26,0.604,4,1225,0.7,40.4,6.38,119.0,3,Active,15,120,198,0.133,2
0.513,19.9,2.78,5,343.2,3,0,1.57,1380,0.6,4,96cb7bf22e77bf2c,0.538,3,1455,0.1,17.4,18.81,88.5,5,Active,31,372,759,0.645,4
0.353,10.1,0.96,3,3845.7,1,0,2.14,945,0.367,2,afe44926180c246e,0.344,1,960,1.4,16.2,30.3,114.3,3,Active,15,212,618,0.6,4
0.519,35.6,1.12,4,17965.7,1,0,3.28,1250,0.471,3,8fc0c9277ea09524,0.547,4,1336,0.0,2.4,14.82,60.8,5,Active,116,524,1084,0.276,3
0.651,28.3,6.88,5,50.9,4,0,0.73,1729,0.545,4,3f7e37fc2119e6f0,0.656,5,1729,1.0,88.0,2.97,167.4,1,Active,10,41,63,0.3,3
0.436,69.4,0.1,1,5303.2,1,1,0.61,1169,0.361,2,03ba4d9fefde27bd,0.452,2,1252,1.0,26.4,4.55,104.7,4,Active,39,289,737,0.795,5
0.554,30.6,3.01,5,2445.2,2,0,0.92,1377,0.438,3,14b493c811cc1ee3,0.557,4,1377,0.1,56.8,12.12,100.1,4,Active,28,369,733,0.179,3
0.561,90.4,0.14,1,198.8,3,1,0.33,1056,0.333,2,99c35d220ecf7bd7,0.68,5,1404,64.4,-54.8,1.46,512.8,1,Stopped,7,31,57,1.286,5
0.379,15.7,1.08,4,796.0,3,0,1.61,1072,0.328,2,ffa10d74c66eabee,0.394,1,1072,1.6,-5.7,25.79,115.5,3,Active,16,257,686,0.188,3
0.342,13.6,2.66,5,186.0,3,0,1.55,1120,0.308,2,ec3abf771f2790a8,0.364,1,1203,0.2,33.0,6.6,101.4,4,Active,20,85,260,0.25,3
0.297,12.1,0.6,2,520.9,3,0,1.98,1152,0.273,1,1bc10e09f959b315,0.588,4,1256,8.5,-66.0,7.36,188.4,1,Stopped,7,26,91,0.0,1
0.486,64.1,0.53,2,6423.5,1,0,3.65,1358,0.531,4,2bd3b39dc231459b,0.46,2,1414,7.9,9.4,36.77,72.8,5,Stopped,171,1721,4072,1.936,5
0.452,67.3,0.35,2,537.4,3,1,1.08,1416,0.376,2,a1704ee9fd67c4dc,0.415,2,1465,23.9,15.0,11.14,87.7,5,Stopped,46,475,1191,0.457,4
0.582,131.6,0.25,1,56.1,4,1,0.06,866,0.582,4,23c6662f62406465,0.492,3,1407,10.3,-91.0,0.68,523.9,1,Stopped,7,83,182,0.857,5
0.548,52.6,0.23,1,2783.7,2,1,0.58,1486,0.511,4,cc09ca4a981c1788,0.543,4,1522,1.2,40.4,13.04,104.7,4,Active,27,610,1203,0.519,4
0.345,20.5,0.38,2,18442.7,1,1,0.79,685,0.0,1,e0f99ded1c3c06a8,0.321,1,859,2.2,-32.5,1.25,128.9,2,Active,12,19,55,0.0,1
0.604,20.1,0.64,3,11.0,4,0,1.64,947,1.0,5,9fecc43667c74744,0.558,4,1042,0.4,11.9,9.02,95.8,4,Active,31,170,283,0.065,2
0.531,44.6,0.39,2,2669.0,2,1,1.17,881,0.379,2,4e9309a73267cbae,0.618,4,1148,0.4,16.8,5.17,111.8,4,Active,32,142,277,0.531,4
0.474,22.3,1.35,4,1855.0,2,0,3.87,1491,0.373,2,e97f43095e3e52d6,0.484,3,1659,0.2,12.5,22.44,73.4,5,Active,83,481,1040,0.554,4
0.548,12.0,0.95,3,3.3,5,0,1.13,2159,0.385,2,6e51a3985264983f,0.56,4,2159,2.9,43.0,5.19,209.9,1,Active,10,46,84,0.1,2
0.517,18.4,8.55,5,5785.3,1,0,2.21,799,0.423,3,25b5234381f05a5c,0.488,3,1024,0.0,7.1,19.72,93.6,5,Active,40,357,716,0.9,5
0.364,72.3,3.77,5,3048.1,2,0,0.68,903,0.301,2,793b896abb88b87c,0.291,1,1090,0.7,-0.1,4.58,82.4,5,Active,48,323,953,0.312,3
0.602,15.4,0.45,2,244.4,3,1,0.54,1098,0.182,1,8c415e1b378b6ba5,0.615,4,1161,0.3,92.0,4.09,176.6,1,Active,8,61,103,0.25,3
0.429,31.8,0.43,2,5441.2,1,1,1.36,1225,0.346,2,1060ba3714178414,0.509,3,1298,0.8,14.2,7.55,86.1,5,Active,42,234,557,0.405,4
0.473,29.2,1.11,4,292.5,3,0,0.32,898,0.429,3,c7d0ca57f397b080,0.476,2,979,0.6,-14.0,1.39,141.3,2,Active,8,35,74,0.625,4
0.391,78.3,0.97,3,1357.3,2,0,0.23,1803,0.335,2,a7400bb43bf2ea7b,0.431,2,1838,0.8,72.3,5.89,170.8,1,Active,16,403,1138,0.438,4
0.491,5.6,1.02,3,2039.1,2,0,2.38,1341,0.511,4,300297807b0a5bd0,0.475,2,1383,0.1,20.0,61.34,122.1,3,Active,13,335,689,0.923,5
0.439,22.8,0.51,2,6351.3,1,0,0.33,803,0.439,3,eb9c4c8828ddb1b2,0.325,1,803,7.4,0.0,2.83,122.3,3,Stopped,5,43,98,0.0,1
0.647,12.3,0.22,1,268.9,3,1,1.51,1093,0.556,4,fe704af9e359f86e,0.594,4,1152,0.4,6.2,31.37,121.2,3,Active,18,374,584,0.056,2
0.44,55.1,0.41,2,7851.8,1,1,1.54,1616,0.412,3,f96f02f32b1e143a,0.463,2,1616,0.3,8.6,23.14,74.3,5,Active,83,1251,3217,1.012,5
0.541,35.8,1.53,4,238.7,3,0,0.47,1525,0.657,5,30a75e5f5e256036,0.606,4,1689,1.7,-2.7,4.55,123.2,3,Active,16,155,314,0.062,2
0.507,65.4,0.0,1,1023.4,2,1,0.72,861,0.448,3,f4a3fd2b60f1cb6f,0.512,3,1053,14.0,2.7,7.72,83.5,5,Stopped,37,397,804,0.865,5
0.433,25.0,2.18,5,3600.0,1,0,1.6,1208,0.404,3,9bf614cef08bcdc7,0.412,2,1483,0.5,5.2,20.67,102.0,4,Active,38,490,1232,1.737,5
0.587,15.6,0.16,1,30.2,4,1,1.21,1190,0.571,4,1ee986f11942c950,0.522,3,1190,9.9,0.0,20.6,115.9,3,Stopped,5,85,150,0.2,3
0.602,39.5,0.62,2,281.9,3,0,1.37,2190,0.549,4,316fd0e723db2c8d,0.645,5,2193,6.0,29.2,89.74,125.5,3,Stopped,46,3006,5430,1.696,5
0.302,3.3,1.05,4,9.8,4,0,3.0,1249,0.2,1,9a6af9ec5c60da30,0.294,1,1342,0.4,0.0,6.5,193.6,1,Active,6,13,43,0.0,1
0.52,26.1,0.55,2,6605.3,1,0,0.45,933,0.2,1,17f784237c2801d1,0.556,4,1004,0.2,-13.0,2.36,126.3,3,Active,10,53,102,0.0,1
0.518,59.0,0.07,1,58.0,4,1,0.99,940,0.545,4,865fbf0109683de2,0.544,4,1160,0.2,20.7,2.2,86.2,5,Active,53,117,228,0.264,3
0.44,14.3,0.1,1,4.9,5,1,0.72,1484,0.333,2,dd6ad3a39ad050ed,0.485,3,1484,0.5,166.5,2.39,147.5,1,Active,10,33,75,0.1,2
0.576,9.1,0.74,3,672.4,3,0,1.48,886,0.4,3,f7859bc1c2a5fc74,0.533,3,921,1.0,0.0,32.47,130.5,2,Active,6,132,231,0.0,1
0.387,40.0,1.66,4,3162.0,2,0,2.07,1084,0.326,2,fd3348e3c82d410f,0.392,1,1409,4.7,-1.7,16.76,76.9,5,Stopped,63,509,1401,1.333,5
0.599,7.2,1.17,4,592.0,3,0,2.2,1111,0.619,5,d5b6c0150918d12b,0.603,4,1133,0.8,30.0,58.25,121.0,3,Active,14,371,696,1.286,5
0.474,74.0,0.38,2,208.7,3,1,0.22,836,0.388,2,1fe4f3cd4e06284e,0.47,2,934,0.3,13.0,3.53,116.9,3,Active,16,259,688,2.562,5
0.375,78.5,0.29,2,4274.0,1,1,0.92,2099,0.339,2,f7e400f6ce4ee10c,0.418,2,2099,0.0,14.0,14.45,175.4,1,Active,72,1135,3545,1.778,5
0.519,12.9,0.7,3,178.2,3,0,2.96,1672,0.407,3,ced05a3d163fbc19,0.459,2,1880,0.3,2.3,17.35,132.6,2,Active,36,211,416,0.5,4
0.395,50.2,113.0,5,9.2,4,0,1.01,1188,0.118,1,7557b42e40b3b8dd,0.368,1,1245,22.4,-2.3,3.06,105.4,4,Stopped,28,85,228,0.214,3
0.43,106.1,0.33,2,28421.2,1,1,0.15,644,0.316,2,b38771d79d879fef,0.436,2,1383,2.4,-49.9,3.58,350.3,1,Active,16,371,1476,0.562,4
0.548,47.9,0.2,1,596.5,3,1,0.3,1272,0.458,3,9910c342343b7443,0.534,3,1272,11.2,18.8,7.8,152.1,1,Stopped,11,286,542,0.727,4
0.461,53.8,0.35,2,18013.8,1,1,1.16,1627,0.378,2,cf635066f72b90b1,0.501,3,1627,5.5,7.5,12.11,89.5,5,Stopped,56,584,1288,0.696,4
0.474,34.6,0.57,2,12962.7,1,0,2.6,1285,0.363,2,fd0a1764a070003a,0.488,3,1369,1.5,7.9,21.47,77.5,5,Active,86,709,1516,0.86,5
0.51,11.8,0.68,3,136.5,3,0,0.99,1143,0.5,3,d8deed67f81935f2,0.534,3,1252,0.1,-47.0,7.24,148.8,1,Active,10,73,143,0.4,4
0.354,8.2,0.78,3,5.9,5,0,0.65,1011,0.354,2,ad662d40b1bdef43,0.346,1,1011,0.4,0.0,2.08,117.9,3,Active,5,16,48,0.0,1
0.448,16.5,1.69,4,272.0,3,0,1.88,918,0.406,3,c6aedc62105c832f,0.408,2,1078,0.4,-1.5,7.54,103.4,4,Active,27,108,277,0.889,5
0.358,35.6,1.52,4,515.6,3,0,0.34,1919,0.314,2,5604252d65f37382,0.412,2,2086,0.2,119.0,6.18,187.3,1,Active,12,219,961,0.5,4
0.582,30.7,0.42,2,609.4,3,1,0.53,1057,0.5,3,6c94d1d2db197eba,0.591,4,1099,0.4,16.8,6.05,135.9,2,Active,14,160,297,0.143,3
0.298,68.2,0.18,1,84.0,4,1,0.12,1594,0.244,1,4f2da6387d362686,0.343,1,1594,0.2,0.0,1.35,142.2,2,Active,8,89,332,0.625,4
0.463,10.9,5.85,5,2158.7,2,0,2.28,1142,0.382,2,d4a6102162b17167,0.536,3,1144,0.4,-3.0,20.94,107.3,4,Active,24,220,486,0.75,4
0.479,66.1,0.28,1,1087.1,2,1,2.05,1656,0.368,2,146a2d973ec22a18,0.496,3,1798,28.0,24.8,15.67,90.8,5,Stopped,77,589,1267,1.065,5
0.459,16.2,1.16,4,532.3,3,0,1.64,1910,0.406,3,495a60f873d1fba2,0.479,3,1910,0.0,52.2,51.49,128.1,2,Active,25,787,1770,1.04,5
0.54,70.5,0.12,1,1634.6,2,1,0.16,781,0.25,1,8b018aced5f2d294,0.459,2,1056,1.0,-53.0,1.54,149.0,1,Active,10,99,189,0.2,3
0.483,42.0,4.96,5,7360.4,1,0,1.3,1393,0.485,3,fde0378473ce9425,0.507,3,1393,5.4,22.6,6.56,84.0,5,Stopped,46,233,495,0.326,3
0.255,22.6,0.62,2,4.6,5,0,0.37,1009,0.0,1,0d5dd90bfccae244,0.231,1,1009,2.6,0.0,0.87,115.8,3,Active,6,14,55,0.0,1
0.471,23.9,0.55,2,49.7,4,0,1.13,845,1.0,5,e9ade31d2707ad85,0.48,3,845,10.1,-18.5,2.08,115.2,3,Stopped,13,24,51,0.0,1
0.33,50.4,0.47,2,13453.7,1,1,0.2,1101,0.25,1,fa3185fa64fdab06,0.373,1,1101,1.0,43.0,1.24,117.7,3,Active,10,61,194,0.0,1
0.38,38.4,0.8,3,1590.8,2,0,1.44,2111,0.306,2,dd548ed9b3510b01,0.438,2,2111,0.2,14.5,15.41,86.2,5,Active,53,569,1899,1.792,5
0.408,15.0,0.64,3,197.8,3,0,0.78,1125,0.3,2,2480a8917b7fd174,0.373,1,1205,0.9,26.0,4.91,138.6,2,Active,11,69,169,0.182,3
0.448,10.7,3.24,5,5.5,5,0,1.17,993,0.455,3,0865288892a7226b,0.7,5,1019,0.1,0.0,13.41,130.5,2,Active,8,92,212,0.0,1
0.534,46.9,1.23,4,7977.1,1,0,0.64,844,0.5,3,cf86a5753c24abd9,0.577,4,844,0.1,19.4,4.94,100.3,4,Active,30,231,468,0.867,5
0.594,52.6,0.32,2,614.7,3,1,0.91,1725,0.566,4,4157658e66820e80,0.621,4,1728,1.9,22.4,16.13,104.7,4,Active,46,814,1413,0.283,3
0.444,8.0,1.56,4,11.0,4,0,2.55,974,0.308,2,4cf88008c5b6bd5b,0.434,2,1041,1.3,10.5,14.1,130.4,2,Active,13,72,169,0.231,3
0.421,64.8,0.53,2,3757.6,1,0,1.75,1717,0.369,2,034475e24613fca7,0.479,3,2086,0.5,11.2,17.0,108.4,4,Active,84,817,1984,0.286,3
0.556,30.2,0.96,3,6955.4,1,0,1.01,1544,0.598,4,17525b2916b00614,0.55,4,1630,0.1,-3.6,12.03,109.4,4,Active,22,263,486,0.455,4
0.331,38.0,3.55,5,2359.4,2,0,3.19,1852,0.324,2,e465bb1a9ce16a8c,0.368,1,1881,5.6,16.5,31.01,99.8,4,Stopped,103,1001,3233,1.117,5
0.455,23.2,0.04,1,1009.3,2,1,0.5,944,0.222,1,3f672d79ef4564cd,0.522,3,1043,0.5,15.5,2.22,145.8,1,Active,10,44,99,0.2,3
0.364,9.0,0.29,2,171.5,3,1,1.44,1064,0.208,1,50ef41cbb62295b2,0.378,1,1064,0.0,6.5,21.1,128.3,2,Active,13,190,541,0.077,2
0.288,34.2,13.09,5,10231.3,1,0,0.44,746,0.167,1,8f6c7f23134f3cbe,0.263,1,805,0.2,9.3,3.85,110.9,4,Active,15,131,479,0.267,3
0.338,20.2,0.22,1,5089.6,1,1,0.46,937,0.308,2,c8ec7dc49c32b07b,0.345,1,937,0.5,37.0,4.37,119.5,3,Active,9,86,325,0.556,4
0.339,43.8,1.37,4,3617.1,1,0,1.65,1311,0.287,1,cfe722b4d894736f,0.311,1,1366,7.9,20.6,27.32,98.2,4,Stopped,38,629,2059,1.263,5
0.692,5.8,0.62,2,2.6,5,0,2.63,836,0.5,3,050fc5724339643a,0.59,4,1018,0.5,-14.2,9.09,129.8,2,Active,13,45,65,0.077,2
0.39,39.4,0.35,2,95.2,4,1,1.11,1292,0.269,1,b7893a6ff226c97a,0.417,2,1432,0.0,-8.5,6.71,88.5,5,Active,43,260,697,0.767,4
0.548,42.2,15.8,5,3299.3,2,0,0.48,558,0.333,2,47e47e9764185e80,0.568,4,771,19.3,-9.3,3.95,130.8,2,Stopped,11,90,168,0.545,4
0.545,47.4,1.15,4,974.8,2,0,2.49,1973,0.449,3,bd36a91804b99eda,0.562,4,2278,0.2,17.8,16.6,76.6,5,Active,104,693,1696,1.644,5
0.247,34.7,0.42,2,24220.0,1,1,0.73,1027,0.167,1,9cde7213913807f5,0.25,1,1079,1.2,22.1,1.75,132.5,2,Active,18,43,186,0.111,2
0.476,16.0,0.68,3,797.9,3,0,0.82,1604,0.478,3,cec4738dc5d3eed0,0.444,2,1665,0.1,60.4,17.54,150.8,1,Active,13,278,693,0.462,4
0.464,18.5,2.41,5,108.8,3,0,2.56,2138,0.362,2,4b454e9d09bf5f18,0.466,2,2149,0.2,19.0,14.56,127.3,3,Active,47,267,577,0.213,3
0.398,53.8,1.0,3,68.3,4,0,2.57,1209,0.333,2,0fd05ee58ff42d58,0.376,1,1376,35.5,5.2,8.45,85.9,5,Stopped,46,151,384,0.174,3
0.351,17.3,0.04,1,335.9,3,1,1.69,1216,0.4,3,dd7f565dda2d2eeb,0.369,1,1487,0.6,-9.5,9.89,120.3,3,Active,28,164,522,0.893,5
0.548,16.4,0.59,2,1329.8,2,0,0.48,849,0.667,5,d99f1038b0f2cab2,0.49,3,893,1.9,-9.0,2.77,137.0,2,Active,7,40,73,0.143,3
0.465,43.3,1.15,4,83.7,4,0,0.44,1353,0.3,2,7ba1fb4e5e66c524,0.5,3,1370,0.9,0.0,2.07,136.3,2,Active,11,52,129,0.0,1
0.492,20.9,2.28,5,2.9,5,0,0.3,903,0.0,1,ac2f48bb27cf17da,0.533,3,903,0.3,0.0,1.61,99.0,4,Active,5,27,59,0.0,1
0.443,33.2,0.05,1,2736.9,2,1,0.88,718,0.5,3,c02177580d3ce4e3,0.438,2,847,7.5,15.4,3.98,106.4,4,Stopped,22,100,235,1.045,5
0.459,9.5,2.32,5,7685.9,1,0,4.96,1397,0.386,2,e0485d171c947d6d,0.475,2,1513,0.2,4.5,37.76,75.3,5,Active,46,350,874,1.587,5
0.455,34.4,0.45,2,4.8,5,1,2.87,1272,1.0,5,c15b048acef2619a,0.484,3,1371,12.4,0.0,10.26,192.7,1,Stopped,7,25,55,0.0,1
0.471,21.1,0.63,3,1117.3,2,0,1.1,1214,0.385,2,ec8b8bc8130a2278,0.487,3,1250,1.8,32.8,4.42,100.8,4,Active,20,80,174,0.1,2
0.667,11.2,0.4,2,3.4,5,1,1.12,1137,0.667,5,b453d22750282380,0.7,5,1137,0.2,19.0,2.86,122.9,3,Active,11,28,42,0.0,1
0.496,20.8,0.39,2,1585.2,2,1,0.28,826,0.273,1,265c16c72e0324ac,0.432,2,826,1.5,0.0,3.64,121.0,3,Active,5,64,135,0.0,1
0.444,67.2,2.04,4,40341.4,1,0,1.65,1103,0.571,4,02d812eb28452a6d,0.425,2,1131,35.7,1.0,7.72,102.9,4,Stopped,52,243,590,0.346,3
0.304,45.4,64.5,5,6675.7,1,0,0.23,1043,0.28,1,dbf890fb25c0a47b,0.301,1,1108,0.9,-11.7,5.02,137.4,2,Active,10,223,786,0.0,1
0.529,2.1,0.66,3,370.1,3,0,5.44,1257,0.4,3,76bd8a43d17a067d,0.566,4,1257,0.0,31.0,94.5,145.6,1,Active,8,139,263,0.125,2
0.583,25.8,0.85,3,5.7,5,0,0.67,1074,1.0,5,b6104d46ee16736f,0.588,4,1074,2.7,0.0,1.25,100.5,4,Active,7,13,24,0.0,1
0.408,44.8,0.03,1,16.1,4,1,0.69,1168,0.333,2,d13b5ae996ce7bf4,0.395,1,1223,2.7,18.9,2.21,106.4,4,Active,22,70,179,0.409,4
0.484,17.6,0.63,3,1040.4,2,0,1.41,1307,0.505,4,75b3bc372dfdaf1e,0.521,3,1439,0.6,-0.2,20.04,123.2,3,Active,24,340,810,1.292,5
0.44,17.4,0.45,2,64.7,4,1,2.19,1642,0.308,2,7f6a3d344e9837d8,0.467,2,1690,0.1,5.2,24.2,186.4,1,Active,16,177,450,0.062,2
0.535,56.5,0.38,2,3765.2,1,1,2.05,1012,0.5,3,e25b8d3c3cda24c9,0.57,4,1334,0.8,1.6,21.3,60.4,5,Active,113,1175,2286,0.867,5
0.788,12.9,0.69,3,4398.9,1,0,0.94,1172,0.5,3,a875b1fbd922a5dd,0.844,5,1172,5.4,83.0,6.97,157.2,1,Stopped,7,52,66,0.0,1
0.428,82.8,0.45,2,1274.2,2,1,1.56,1519,0.28,1,0842f2412734269c,0.455,2,1606,11.2,9.8,5.99,143.6,1,Stopped,112,429,1027,0.554,4
0.558,32.9,0.64,3,2.5,5,0,0.67,1885,0.536,4,fdbaf6cab9f79ec6,0.576,4,2006,7.3,-30.8,3.33,203.7,1,Stopped,17,85,156,0.059,2
0.185,7.9,1.25,4,2.0,5,0,2.42,985,0.25,1,95d8e9e37f641acb,0.143,1,985,4.4,0.0,2.42,114.9,3,Stopped,5,5,27,0.0,1
0.515,33.4,0.36,2,4.1,5,1,1.67,1488,0.227,1,326dde569163fdd7,0.516,3,1488,16.6,-6.4,5.12,108.4,4,Stopped,28,86,169,0.036,2
0.588,73.4,0.37,2,3005.9,2,1,0.74,1366,0.581,4,7bb2134b0ef40343,0.58,4,1616,0.0,5.0,13.14,90.6,5,Active,54,964,1916,1.241,5
0.567,154.8,0.84,3,26721.4,1,0,0.24,1453,0.367,2,7b0e4e7267ed0839,0.601,4,1673,0.0,21.2,6.57,250.2,1,Active,35,960,1698,0.171,3
0.324,47.2,0.55,2,42.5,4,0,1.12,1005,0.172,1,803d3bc8a088e39d,0.348,1,1066,0.5,6.6,2.18,83.9,5,Active,41,80,250,0.098,2
0.648,13.2,0.15,1,229.4,3,1,2.08,1090,0.636,5,0d4d7e8f63d6c252,0.714,5,1134,1.3,17.5,6.79,108.1,4,Active,22,72,125,0.364,3
0.585,19.7,0.35,2,19256.9,1,1,0.44,736,0.125,1,55097a4c5cb8d840,0.619,4,844,0.6,-34.0,8.47,146.8,1,Active,8,153,284,0.0,1
0.455,50.9,1.72,4,6028.6,1,0,2.09,1562,0.466,3,26f18ddc83c73031,0.462,2,1562,0.0,3.7,48.06,75.4,5,Active,99,2271,7950,2.313,5
0.454,20.7,0.64,3,8569.7,1,0,4.96,1109,0.459,3,2c33f8e5b38d72cd,0.445,2,1229,0.1,8.4,46.62,70.4,5,Active,93,874,2119,1.495,5
0.261,61.7,0.77,3,19.1,4,0,4.41,851,0.261,1,2fc2e8b879c14cdc,0.273,1,851,7.1,0.0,5.29,111.6,4,Stopped,5,6,23,0.0,1
0.526,31.0,2.33,5,193.1,3,0,1.22,1696,0.405,3,450b6deed5379ddd,0.556,4,1858,0.8,-10.0,7.34,116.7,3,Active,29,175,340,0.172,3
0.592,10.4,4.2,5,2894.6,2,0,0.77,1185,0.467,3,ab59752bf2a7edd4,0.588,4,1185,0.0,79.0,14.39,129.9,2,Active,8,150,255,0.25,3
0.368,42.6,0.95,3,5945.2,1,0,4.07,1648,0.359,2,e777f1ccd36e6576,0.44,2,1750,2.8,6.0,45.32,72.3,5,Active,148,1650,4587,1.209,5
0.41,61.1,0.59,2,25.6,4,0,0.26,906,0.235,1,a3135a6b4de6de51,0.367,1,941,0.6,15.4,1.34,107.2,4,Active,16,81,200,0.062,2
0.63,23.0,0.71,3,883.3,2,0,3.74,945,0.73,5,364df2eeef8a5afc,0.635,4,967,0.2,-1.0,35.75,70.7,5,Active,78,746,1366,2.051,5
0.512,66.8,0.91,3,105.9,3,0,0.45,1854,0.472,3,aff402c2428f3901,0.596,4,1854,8.7,50.6,5.66,127.5,2,Stopped,26,329,770,1.269,5
0.25,4.5,1.33,4,9.6,4,0,3.73,939,0.25,1,f615a1115d919d60,0.2,1,939,2.9,0.0,4.36,138.7,2,Active,6,7,28,0.0,1
0.65,4.3,0.55,2,59.9,4,0,3.53,1075,0.5,3,43e9b6f8c108fa1f,0.644,5,1107,0.2,18.3,39.73,127.9,2,Active,12,135,226,0.167,3
0.467,89.7,0.65,3,21492.5,1,0,0.46,1009,0.3,2,ab83ccb91870b463,0.506,3,1099,2.6,5.8,1.41,97.9,4,Active,40,123,276,0.25,3
0.48,51.3,0.27,1,3423.5,2,1,0.39,934,0.563,4,4706c4cb92c51b51,0.447,2,993,6.5,13.0,12.21,113.4,3,Stopped,16,502,1217,1.438,5
0.437,42.7,22.67,5,4.7,5,0,0.15,1005,1.0,5,c8ab22896f6a73c9,0.357,1,1010,3.8,0.0,1.55,127.5,2,Stopped,6,60,142,0.0,1
0.801,1.6,0.95,3,199.9,3,0,3.3,1022,1.0,5,97d681840b33f7a5,0.776,5,1022,0.0,0.0,100.94,114.1,3,Active,5,153,211,1.0,5
0.414,21.1,0.4,2,2.5,5,1,0.94,1232,0.0,1,f4780b5e46d55449,0.472,2,1315,0.4,93.0,2.28,140.2,2,Active,12,29,70,0.0,1
0.359,77.0,0.18,1,1835.0,2,1,1.72,1927,0.3,2,8d39525ced2bbb3b,0.368,1,1957,4.4,-0.0,18.69,149.5,1,Stopped,125,1356,4197,1.224,5
0.342,26.9,0.03,1,20.4,4,1,0.34,1121,0.462,3,7d0de7219d094b00,0.288,1,1154,3.2,0.0,4.39,120.3,3,Stopped,8,104,322,0.0,1
0.423,89.4,0.62,2,292.5,3,0,0.98,1400,0.35,2,529d1dcb85386cc3,0.503,3,1694,0.6,13.0,4.08,161.6,1,Active,87,362,869,0.437,4
0.149,43.1,9.96,5,163.9,3,0,0.57,1553,0.1,1,3a4dc886de039480,0.15,1,1619,2.9,24.0,2.8,119.0,3,Active,17,83,603,0.0,1
0.548,30.4,1.48,4,7374.5,1,0,1.16,1096,0.588,4,5580b514f7a4d9ec,0.541,3,1210,3.4,31.1,8.38,97.6,4,Stopped,28,202,407,0.036,2
0.404,28.0,0.06,1,5026.7,1,1,1.27,898,0.25,1,70ba45c7399c476e,0.378,1,984,0.2,-1.6,3.99,94.7,5,Active,35,110,272,0.029,2
0.412,22.4,0.78,3,2036.1,2,0,1.58,983,0.412,3,ce4feb90ccab5bcc,0.36,1,1029,16.1,0.0,6.3,128.0,2,Stopped,8,32,80,0.25,3
0.467,23.3,2.57,5,78.1,4,0,1.13,1413,0.339,2,64600122e6b517fd,0.436,2,1505,2.9,20.8,7.87,152.4,1,Active,23,160,364,1.0,5
0.544,94.9,0.01,1,1715.5,2,1,0.64,1332,0.436,3,51270c4c544f0691,0.523,3,1431,1.1,15.3,4.05,192.0,1,Active,60,380,754,1.633,5
0.468,66.5,0.91,3,25642.9,1,0,0.22,1123,0.407,3,c28729a6e7e9a6b6,0.403,2,1123,14.4,48.0,3.19,110.9,4,Stopped,10,144,333,0.0,1
0.373,72.1,0.84,3,394.1,3,0,0.3,875,0.2,1,aced3c40e0d34051,0.419,2,933,0.3,-14.4,0.73,128.0,2,Active,20,49,134,0.35,3
0.393,20.5,1.11,4,226.7,3,0,0.45,1253,0.39,2,90a363bcac71182d,0.526,3,1426,1.1,-119.0,8.01,163.0,1,Active,8,143,428,0.5,4
0.366,58.0,8.3,5,123.9,3,0,3.19,1043,0.25,1,6f77b7b39d9930a8,0.414,2,1098,0.2,17.0,7.76,97.7,4,Active,28,68,186,0.214,3
0.419,18.8,0.13,1,471.9,3,1,0.55,969,0.154,1,de6e6f8cac010c55,0.513,3,1014,0.6,23.0,6.53,125.0,3,Active,10,119,289,1.3,5
0.583,6.9,0.45,2,57.2,4,1,2.11,1363,0.471,3,9db3c839ed91e3ac,0.569,4,1430,0.7,59.5,12.82,176.6,1,Active,13,79,139,0.385,3
0.546,9.2,0.21,1,3.7,5,1,1.47,1515,0.526,4,0cf76a85d4c70e2f,0.478,3,1667,0.4,25.3,7.24,193.2,1,Active,13,64,119,0.0,1
0.72,10.9,0.37,2,170.0,3,1,1.14,1452,0.9,5,d3ea633549d09ed5,0.705,5,1452,0.4,58.0,21.14,115.3,3,Active,12,222,314,0.0,1
0.725,30.6,1.12,4,1185.0,2,0,1.83,977,0.735,5,226d285c50bdd4dd,0.703,5,1156,0.0,-2.2,22.47,73.4,5,Active,56,686,965,0.875,5
0.346,14.1,2.55,5,1213.7,2,0,0.93,843,0.179,1,6f8e930d2c272d3d,0.334,1,871,0.2,31.5,18.03,118.6,3,Active,13,251,784,0.923,5
0.611,20.7,1.22,4,48.5,4,0,0.92,1714,0.564,4,0214027bc664f907,0.625,4,1778,0.1,-11.0,6.47,118.3,3,Active,19,133,244,1.0,5
0.41,9.6,2.08,4,187.7,3,0,3.12,1422,0.404,3,8372c0746ef7976f,0.436,2,1422,0.0,12.1,32.5,86.0,5,Active,30,312,774,0.233,3
0.628,1.3,1.77,4,34.6,4,0,5.0,1605,0.625,5,fff6d9c3fd455ce5,0.667,5,1605,0.4,0.0,46.0,102.8,4,Active,5,46,86,1.2,5
0.559,22.3,10.92,5,5.7,5,0,0.73,1882,0.538,4,9bd959c049c3d11f,0.618,4,1882,1.7,116.5,3.88,142.8,2,Active,15,80,143,0.133,2
0.611,13.5,0.38,2,734.2,3,1,0.92,820,0.5,3,a32354f9cdde90ae,0.545,4,877,3.3,-5.0,6.6,133.8,2,Stopped,7,50,90,0.429,4
0.242,54.7,1.12,4,18706.4,1,0,0.49,683,0.0,1,9016c4cc5f076af3,0.357,1,824,20.2,-1.6,0.99,112.7,4,Stopped,17,34,153,0.176,3
0.523,64.8,0.02,1,2799.0,2,1,0.82,885,0.546,4,7ba75616e911a4c7,0.527,3,1012,1.1,9.6,7.7,85.9,5,Active,52,490,1052,0.75,4
0.52,35.3,0.27,1,3552.1,1,1,0.95,734,1.0,5,a9cd440ee4fd6af6,0.502,3,826,2.4,3.0,26.9,138.7,2,Active,8,226,498,0.625,4
0.445,47.6,0.29,2,1885.5,2,1,1.88,2309,0.367,2,81bddf1b2d3afbe0,0.52,3,2309,0.6,14.0,23.67,93.8,5,Active,87,1093,2587,0.954,5
0.546,25.0,99.75,5,471.7,3,0,0.94,1268,0.489,3,c36984653ba904dc,0.559,4,1349,3.6,34.4,10.0,107.6,4,Stopped,20,212,403,0.5,4
0.308,24.2,0.11,1,4015.1,1,1,1.03,1121,0.35,2,fce0e7f88b1fc0e8,0.315,1,1216,0.4,45.1,9.17,100.1,4,Active,24,213,894,0.833,5
0.444,7.7,0.74,3,1569.2,2,0,1.77,1013,0.375,2,2791a2d3f8ea89a9,0.413,2,1114,0.1,15.0,13.19,128.4,2,Active,13,97,223,0.385,3
0.494,20.7,3.11,5,4008.9,1,0,0.52,994,0.5,3,e4e4592473bcf470,0.487,3,994,0.0,-12.5,9.33,128.8,2,Active,10,179,395,0.0,1
0.403,37.8,0.09,1,554.5,3,1,0.68,1552,0.434,3,07e405019035eae6,0.395,1,1552,0.6,90.3,6.94,110.3,4,Active,21,214,591,0.81,5
0.526,20.2,0.19,1,294.4,3,1,0.29,1058,0.5,3,7536ccf194c4fb04,0.438,2,1058,2.9,0.0,1.73,130.5,2,Active,5,30,57,0.0,1
0.395,12.2,25.17,5,8.9,4,0,1.95,1399,0.28,1,2c1df355369163f4,0.355,1,1611,3.5,-8.8,6.09,155.4,1,Stopped,17,53,157,0.706,4
0.328,90.1,1.78,4,4.4,5,0,0.07,1057,0.0,1,f333d15c38899abd,0.286,1,1057,0.8,0.0,0.29,87.4,5,Active,5,20,64,0.0,1
0.462,82.3,0.17,1,5004.4,1,1,1.58,1790,0.369,2,68205859d55b5c7a,0.518,3,2176,3.3,8.2,12.75,144.5,1,Stopped,125,1007,2409,0.776,4
0.41,32.3,0.68,3,2334.0,2,0,3.52,1490,0.252,1,d6f03fad8d88eac5,0.456,2,1490,1.7,-4.1,12.75,81.2,5,Active,99,359,897,0.566,4
0.558,8.1,1.03,3,1565.2,2,0,0.89,985,0.278,1,81adc7c4f45a69ef,0.512,3,985,0.3,14.5,16.53,146.1,1,Active,7,130,233,0.0,1
0.582,32.9,0.13,1,1230.5,2,1,1.86,1596,0.483,3,ccd095aa426688f3,0.59,4,1735,0.7,4.4,30.19,95.5,4,Active,60,972,1814,0.6,4
0.283,41.5,0.64,3,193.6,3,0,0.95,940,0.207,1,3aafa2c9afa87d0b,0.326,1,945,0.6,0.0,16.14,127.7,2,Active,7,119,448,1.857,5
0.748,2.7,2.32,5,197.6,3,0,3.0,1556,0.889,5,cf7fb2cbf64256c7,0.781,5,1593,0.0,0.0,128.53,175.2,1,Active,8,343,465,0.0,1
0.546,93.4,16.88,5,10865.7,1,0,0.08,1117,0.538,4,e47e9642de275f30,0.601,4,1420,0.7,-22.7,2.6,516.0,1,Active,7,241,447,0.571,4
0.368,73.3,0.19,1,4.8,5,1,0.19,812,1.0,5,12fa71d96a1e8d42,0.214,1,944,8.7,-0.5,0.22,130.8,2,Stopped,12,14,38,0.0,1
0.512,35.7,2.8,5,1494.0,2,0,0.25,1332,0.619,5,bfa66cddf7d15c27,0.597,4,1344,0.1,0.0,2.93,142.6,2,Active,9,104,213,0.778,4
0.381,6.7,0.07,1,11.9,4,1,1.02,1359,0.381,2,045ceda2ed1923de,0.333,1,1359,0.8,0.0,3.58,119.3,3,Active,6,21,63,0.0,1
0.54,17.6,3.54,5,336.1,3,0,3.33,1447,0.581,4,07088d57dda7fcfe,0.582,4,1542,0.2,18.2,23.54,101.9,4,Active,50,353,1749,10.32,5
0.346,45.6,0.52,2,339.2,3,0,1.38,1889,0.194,1,3de424bffe022526,0.395,1,2203,2.4,7.2,7.26,107.0,4,Active,59,310,958,0.508,4
0.468,40.3,7.27,5,4349.1,1,0,0.37,1069,0.269,1,4bde60a6aaf642ab,0.451,2,1188,10.2,6.0,3.76,126.9,3,Stopped,11,113,248,0.909,5
0.371,66.5,1.2,4,284.3,3,0,0.38,2016,0.284,1,91d6ecceecb2611e,0.331,1,2016,6.1,65.7,4.33,113.6,3,Stopped,22,249,679,0.227,3
0.565,14.8,4.06,5,2394.4,2,0,0.48,1202,0.417,3,b314b44027912f14,0.583,4,1230,0.0,0.0,12.18,150.0,1,Active,7,179,329,0.143,3
0.4,6.0,0.51,2,916.6,2,0,1.67,971,0.0,1,d95dc3aef57caf9e,0.403,2,1071,0.9,-75.0,11.93,163.4,1,Active,7,50,130,0.286,3
0.492,25.8,1.2,4,2144.6,2,0,1.98,1612,0.449,3,25be74cfd15d3464,0.507,3,1652,2.1,33.0,19.83,92.0,5,Active,47,470,988,0.702,4
0.621,93.6,2.75,5,4055.9,1,0,1.08,967,0.466,3,42592cbe528813f4,0.627,4,1270,0.3,-8.7,4.43,68.9,5,Active,74,303,499,0.622,4
0.391,53.1,0.34,2,2859.1,2,1,1.34,1477,0.248,1,f9411b7e490f4e12,0.429,2,1490,0.5,5.9,6.34,86.0,5,Active,70,332,868,0.4,4
0.244,113.9,0.0,1,166.1,3,1,0.04,1401,0.165,1,f87d0082c7385257,0.25,1,1401,0.1,6.7,0.68,552.7,1,Active,5,76,344,0.4,4
0.571,17.4,1.15,4,1.0,5,0,0.61,959,1.0,5,29bb64ad7f695c76,0.684,5,959,2.7,0.0,1.21,112.1,4,Active,8,16,28,0.0,1
0.375,96.7,0.01,1,6488.9,1,1,0.69,1532,0.421,3,d911b5128ddee86e,0.388,1,1571,34.8,-7.4,5.37,223.8,1,Stopped,40,312,845,0.45,4
0.437,32.3,1.63,4,5011.4,1,0,0.82,1430,0.303,2,8a4966a8e4a3cba2,0.436,2,1430,0.2,11.5,6.4,118.6,3,Active,25,194,481,0.8,5
0.642,28.4,0.13,1,2.9,5,1,0.59,1069,0.642,5,02402a51a55f61a0,0.667,5,1096,5.9,52.0,5.5,152.9,1,Stopped,7,65,106,0.0,1
0.698,11.7,5.29,5,1805.0,2,0,0.97,2024,0.653,5,58014a534c58ad43,0.727,5,2133,0.1,-2.3,30.1,277.0,1,Active,11,340,547,1.455,5
0.6,21.1,0.02,1,35.4,4,1,0.64,1292,0.5,3,c09ff585ba0a21e1,0.6,4,1356,3.9,8.0,1.75,133.4,2,Stopped,11,30,50,0.091,2
0.612,28.2,1.94,4,1124.4,2,0,1.56,2303,0.555,4,c45734034cd1feb5,0.649,5,2320,0.0,42.1,77.96,103.0,4,Active,44,2194,3952,1.25,5
0.412,5.5,1.32,4,187.6,3,0,1.58,1106,0.5,3,65e44f41733259ca,0.473,2,1106,0.1,42.0,18.32,113.0,4,Active,8,93,311,3.375,5
0.625,6.1,1.36,4,7.8,5,0,3.98,1577,0.639,5,c9459cc3d715f3ad,0.661,5,1577,0.0,14.3,28.87,123.0,3,Active,24,174,285,0.0,1
0.378,72.9,1.19,4,604.3,3,0,1.28,2092,0.316,2,3c38d5b9c2161ed6,0.442,2,2109,4.5,24.3,9.11,89.6,5,Stopped,87,619,1702,0.644,4
0.31,18.8,0.14,1,12.0,4,1,0.75,913,0.31,2,fd4dbe95297e1f2e,0.219,1,913,10.6,0.0,2.86,117.8,3,Stopped,6,23,87,0.0,1
0.48,36.0,7.0,5,1598.6,2,0,1.02,1462,0.364,2,c7096f9f43b25eda,0.553,4,1484,2.8,17.1,4.06,97.1,4,Active,34,135,296,0.029,2
0.549,13.7,3.12,5,16975.9,1,0,1.82,714,0.333,2,e5e3f28079cc851d,0.517,3,768,0.4,18.8,17.78,100.9,4,Active,24,234,552,0.75,4
0.557,57.0,0.5,2,8892.9,1,0,0.8,1211,0.562,4,89989536f19a5364,0.549,4,1211,11.7,-11.6,13.44,89.7,5,Stopped,32,535,972,0.75,4
0.406,75.2,38.79,5,185.4,3,0,0.33,1403,0.338,2,6388c7f306266101,0.433,2,1634,0.1,-9.2,2.78,127.5,2,Active,25,209,557,1.6,5
0.566,39.5,0.72,3,9203.3,1,0,1.12,2195,0.476,3,b6842209d8c3a22a,0.61,4,2195,1.0,-6.8,62.32,117.4,3,Active,43,2385,4548,0.744,4
0.422,20.8,0.55,2,520.6,3,0,2.37,1151,0.382,2,1d91b43fef7a6e58,0.459,2,1213,1.8,0.6,21.74,94.0,5,Active,43,395,977,0.256,3
0.475,44.2,12.74,5,124.5,3,0,0.99,1904,0.423,3,e1d8bc4d9925a68c,0.545,4,1904,3.0,17.7,14.54,118.3,3,Stopped,37,542,1182,0.946,5
0.606,57.1,0.46,2,4500.6,1,1,0.93,1085,0.667,5,2360a4a6022dcf2b,0.617,4,1103,8.8,12.1,6.44,90.0,5,Stopped,45,311,533,1.0,5
0.559,18.5,1.06,4,414.4,3,0,0.76,1286,0.5,3,06b6d00fc54ad0aa,0.597,4,1286,0.0,81.5,4.12,116.3,3,Active,14,76,136,0.429,4
0.465,63.6,8.9,5,4735.8,1,0,0.57,1195,0.345,2,243801fe6cb9421b,0.438,2,1225,0.2,19.8,5.69,90.3,5,Active,36,361,782,0.139,3
0.538,95.5,0.01,1,337.6,3,1,1.11,2131,0.458,3,8b3928233c8d4171,0.518,3,2131,20.5,9.2,11.94,166.5,1,Stopped,83,894,1846,0.699,4
0.445,51.2,1.08,4,4368.1,1,0,0.52,1120,0.273,1,02e9a35af5c7720a,0.514,3,1169,1.0,2.3,6.4,88.2,5,Active,26,319,757,0.385,3
0.451,80.8,0.04,1,6352.1,1,1,0.78,1970,0.345,2,12dc726a57e9c236,0.477,2,2123,4.3,11.9,10.34,190.5,1,Stopped,60,791,1842,0.85,5
0.474,88.4,0.79,3,8819.0,1,0,3.64,1525,0.436,3,896b5b80b49e8a8d,0.473,2,1766,17.7,5.1,21.78,102.4,4,Stopped,253,1512,3349,1.008,5
0.468,25.6,2.9,5,75.5,4,0,2.91,1830,0.416,3,3bc93e72d428967a,0.498,3,2097,0.2,8.8,15.58,121.8,3,Active,62,332,729,0.065,2
0.16,15.7,0.02,1,791.8,3,1,1.98,1271,0.154,1,3fa4e0ed13efeb07,0.172,1,1271,11.2,95.0,15.63,118.3,3,Stopped,9,71,455,0.111,2
0.532,16.6,0.54,2,54.9,4,0,1.15,1457,0.55,4,f9f222d17b29dbf3,0.54,3,1673,0.8,-163.0,4.12,139.2,2,Active,14,50,94,0.286,3
0.449,31.9,0.59,2,2779.0,2,0,0.95,1367,0.475,3,08ddaed24c9037b8,0.481,3,1423,0.2,10.5,7.77,97.0,4,Active,30,246,564,0.067,2
0.535,9.2,0.72,3,183.4,3,0,1.25,1036,0.535,4,1e75af3218bcf46d,0.611,4,1128,0.4,72.0,2.39,126.7,3,Active,11,21,43,0.0,1
0.608,39.4,0.52,2,2424.1,2,0,0.37,1559,0.25,1,140dbceb3602806b,0.571,4,1559,0.2,100.0,1.55,118.1,3,Active,14,59,97,0.071,2
0.659,40.9,0.08,1,2011.2,2,1,0.6,1950,0.655,5,28365dfae32a56f7,0.731,5,2022,2.3,-29.0,8.86,131.5,2,Active,16,238,364,0.625,4
0.245,41.3,0.56,2,4283.4,1,0,1.6,2103,0.173,1,8b4565dbd8924792,0.32,1,2196,0.0,17.2,14.49,99.3,4,Active,66,599,2566,0.53,4
0.549,28.1,2.5,5,3599.6,1,0,0.97,1258,0.554,4,198012b95b248a0b,0.588,4,1258,0.2,19.6,14.98,104.3,4,Active,27,417,879,0.481,4
0.613,13.7,0.83,3,1243.8,2,0,3.54,1325,0.554,4,cf2b4a78bbb4b0b1,0.611,4,1393,1.4,32.4,54.77,88.5,5,Active,35,542,906,0.2,3
0.545,9.8,2.44,5,721.0,3,0,1.42,991,0.49,3,4e8ec2dce42b0145,0.524,3,1034,0.0,-14.2,18.92,115.2,3,Active,14,186,347,0.571,4
0.401,32.7,0.31,2,31.9,4,1,1.17,1252,0.227,1,bd268cb69037bfeb,0.419,2,1305,0.2,11.8,5.09,91.6,5,Active,36,157,399,0.25,3
0.592,17.6,1.54,4,11522.7,1,0,1.85,1190,0.553,4,439dc03b011841d0,0.543,4,1228,0.4,13.0,17.72,86.5,5,Active,32,306,520,0.094,2
0.664,28.4,1.04,4,2102.4,2,0,2.28,1369,0.667,5,ad6191d687d3df7b,0.639,5,1381,1.8,15.9,30.27,74.8,5,Active,44,585,891,0.682,4
0.528,28.2,1.22,4,1695.3,2,0,1.51,1418,0.5,3,c7ffa806bf00d6f1,0.517,3,1418,11.9,57.8,12.15,96.9,4,Stopped,21,169,322,0.429,4
0.424,14.4,0.57,2,15342.4,1,0,1.76,991,0.321,2,62f5d6b2f18d3b44,0.414,2,991,0.1,8.1,25.86,98.0,4,Active,25,368,885,0.12,2
0.389,31.6,0.51,2,3135.3,2,0,2.24,1522,0.413,3,f8d80ffa3607e68a,0.388,1,1522,0.2,25.5,21.59,66.1,5,Active,69,665,1900,1.449,5
0.585,50.9,0.63,3,768.7,3,0,3.72,1650,0.486,3,98ad460d9dfdc81b,0.588,4,1789,0.0,9.4,38.56,73.3,5,Active,189,1961,3392,0.545,4
0.675,7.9,0.78,3,1121.9,2,0,1.49,1094,0.474,3,177a2086b4186e68,0.62,4,1098,0.6,39.0,29.85,135.3,2,Active,11,220,363,0.091,2
0.48,15.2,1.43,4,783.7,3,0,0.88,995,0.528,4,5abb04f0697d541d,0.47,2,1050,0.3,61.3,12.01,125.7,3,Active,13,177,473,1.769,5
0.417,36.7,0.47,2,2089.7,2,1,5.35,1450,0.416,3,3ec2d4bd404aa5bd,0.521,3,1828,0.0,16.5,48.22,68.9,5,Active,174,1569,4322,0.914,5
0.525,28.4,1.08,4,3264.7,2,0,1.99,1661,0.392,2,e08e4b667ca4a9ee,0.558,4,1661,0.2,9.2,27.06,119.2,3,Active,56,762,1506,0.446,4
0.519,23.2,0.08,1,29.7,4,1,1.25,1545,0.375,2,68813d7cb7796275,0.581,4,1545,0.2,3.7,4.09,105.9,4,Active,25,82,158,0.12,2
0.335,20.5,6.18,5,26.4,4,0,0.59,1610,0.191,1,dda7835217cc2bf6,0.37,1,1610,0.2,98.0,2.46,135.1,2,Active,12,50,158,0.083,2
0.54,27.9,0.97,3,4966.9,1,0,1.08,1313,0.5,3,980979a95c478d6d,0.531,3,1313,2.9,24.1,10.45,109.1,4,Active,27,262,485,0.296,3
0.385,87.6,0.19,1,8.4,4,1,0.15,1376,0.315,2,48dc7a624dadefc5,0.431,2,1602,16.0,-108.0,1.69,193.3,1,Stopped,10,114,301,0.3,3
0.502,25.6,0.72,3,16.0,4,0,3.56,1149,0.245,1,37bd7cd0e78f363e,0.485,3,1333,1.8,11.4,9.84,79.6,5,Active,75,207,414,0.107,2
0.659,15.9,0.29,2,407.0,3,1,0.7,998,0.375,2,1be0bbbcc8923a5b,0.683,5,1048,0.2,0.0,18.16,122.7,3,Active,7,181,290,0.571,4
0.433,4.9,1.02,3,565.5,3,0,2.78,534,1.0,5,4398a78dabd3272e,0.424,2,952,0.3,-49.6,22.26,137.2,2,Active,13,104,240,0.538,4
0.747,5.9,22.73,5,83.6,4,0,1.52,939,0.619,5,3b1fedc2c0a8eea7,0.741,5,943,0.2,0.0,32.24,126.2,3,Active,8,170,261,0.0,1
0.568,55.3,0.42,2,6358.7,1,1,0.41,992,0.48,3,b4285d735043d4b2,0.554,4,1102,21.4,-21.5,9.43,115.3,3,Stopped,14,320,574,0.857,5
0.513,50.4,0.38,2,3289.4,2,1,2.92,968,0.434,3,4f60d3605135bf24,0.486,3,1106,7.9,3.8,14.54,69.5,5,Stopped,124,618,1247,0.452,4
0.589,25.1,10.72,5,522.7,3,0,0.53,1032,0.567,4,002398c88daf7677,0.613,4,1067,0.7,26.0,11.94,132.7,2,Active,13,291,504,0.308,3
0.459,107.6,0.26,1,4403.2,1,1,1.54,2100,0.359,2,12e98d4d821a3596,0.455,2,2114,38.9,8.8,22.83,146.0,1,Stopped,106,1568,3539,0.943,5
0.38,43.0,0.06,1,7527.2,1,1,1.97,1427,0.343,2,667b4b890f70585a,0.385,1,1441,0.2,10.6,20.13,71.8,5,Active,83,849,2401,1.759,5
0.475,33.5,2.88,5,8710.7,1,0,1.48,860,0.434,3,a4bc86abe44d1096,0.457,2,894,0.0,19.0,21.56,81.0,5,Active,49,712,1631,0.837,5
0.353,13.5,2.09,4,6.5,5,0,0.4,1007,0.25,1,9238ec8327b0f5ad,0.417,2,1007,1.1,0.0,0.97,128.4,2,Active,5,12,34,0.0,1
0.419,22.9,0.44,2,109.8,3,1,0.82,1063,0.227,1,108e81daf619c2c0,0.5,3,1063,0.9,10.6,3.27,102.7,4,Active,18,72,179,0.167,3
0.705,23.7,0.61,2,16444.9,1,0,0.47,910,0.5,3,1dee72498a1b5b56,0.673,5,1012,0.1,0.3,6.69,120.4,3,Active,11,158,237,0.0,1
0.657,11.4,0.62,2,3927.1,1,0,2.56,1204,0.769,5,9d1a790c40c11867,0.647,5,1240,0.1,7.0,24.32,95.2,5,Active,29,275,432,0.586,4
0.357,17.8,2.68,5,9828.3,1,0,1.97,1093,0.346,2,0d0ef9305ea6b095,0.369,1,1108,10.6,1.5,32.45,128.1,2,Stopped,14,230,680,1.214,5
0.483,81.1,0.46,2,2530.6,2,1,0.33,1992,0.529,4,345e8b5bd5af4628,0.583,4,1992,0.4,2.9,10.69,282.3,1,Active,25,817,2125,3.2,5
0.521,44.4,0.02,1,1444.2,2,1,0.45,1206,0.531,4,0847fd39c55be6a7,0.446,2,1218,0.2,38.6,19.13,163.7,1,Active,20,845,2393,2.2,5
0.417,25.7,2.53,5,19.4,4,0,0.76,1319,0.379,2,a7f0036ad54250f3,0.463,2,1450,0.8,22.0,7.22,131.2,2,Active,19,180,434,0.211,3
0.508,16.6,0.23,1,755.5,3,1,1.06,968,0.478,3,1d1a9f84f829b375,0.444,2,1180,0.5,-0.2,15.92,114.3,3,Active,17,256,506,0.294,3
0.463,60.5,1.7,4,1102.9,2,0,1.16,1610,0.379,2,a0d6b62ca5b5df8f,0.48,3,1610,14.8,17.4,17.61,129.3,2,Stopped,30,455,1078,2.033,5
0.291,18.9,0.22,1,200.7,3,1,0.33,1056,0.0,1,66a0846a9846b06c,0.435,2,1056,0.3,0.0,0.88,115.3,3,Active,6,16,55,0.167,3
0.534,16.3,4.46,5,2802.6,2,0,1.6,1146,0.4,3,68465190eb173b47,0.531,3,1146,1.4,-10.8,22.24,115.0,3,Active,14,195,371,0.214,3
0.525,67.3,0.06,1,1941.1,2,1,0.82,1244,0.46,3,ee1a25cd817daf68,0.502,3,1270,13.1,10.7,12.3,84.5,5,Stopped,35,523,1037,0.714,4
0.446,21.1,2.32,5,3989.4,1,0,1.31,983,0.333,2,7fe4be5c9442ecba,0.447,2,983,0.0,8.0,5.11,136.8,2,Active,9,35,83,0.778,4
0.329,8.7,1.15,4,14870.1,1,0,0.78,948,0.25,1,fdbefc571d32b2a2,0.303,1,948,0.7,0.0,3.73,105.8,4,Active,5,24,73,0.2,3
0.53,29.0,4.82,5,4006.5,1,0,1.62,923,0.538,4,ae7f34aaf6131dec,0.536,3,1114,0.3,-5.1,20.45,91.4,5,Active,35,443,844,0.714,4
0.476,7.6,0.88,3,1383.0,2,0,2.59,1133,0.467,3,4ce5c91ffd3d7ae5,0.523,3,1136,0.2,20.7,15.95,124.3,3,Active,19,117,252,0.211,3
0.302,8.7,0.89,3,72.3,4,0,2.38,1327,0.306,2,aece273927b187e4,0.43,2,1414,0.7,-13.2,19.38,135.5,2,Active,19,155,599,0.737,4
0.644,27.4,1.43,4,1495.8,2,0,0.66,1010,0.644,5,ff05524949dfb100,0.622,4,1010,5.7,29.0,4.53,120.5,3,Stopped,8,55,90,0.125,2
0.548,18.7,0.16,1,241.1,3,1,1.18,1597,0.51,4,9f98cbcfb6513593,0.547,4,1681,0.9,67.8,9.84,125.3,3,Active,19,159,294,0.421,4
0.576,48.9,0.56,2,131.3,3,0,0.68,1790,0.405,3,9b1a0679f886b330,0.592,4,1795,1.0,-8.8,5.53,121.1,3,Active,28,228,401,0.286,3
0.459,56.9,1.8,4,9726.4,1,0,0.89,1210,0.577,4,c04e41b0ceed51f2,0.404,2,1210,0.1,18.4,5.7,83.4,5,Active,45,289,704,0.711,4
0.705,11.4,0.91,3,1.5,5,0,1.03,970,0.7,5,f1acadecc4b82791,0.625,4,970,0.7,25.0,9.35,116.8,3,Active,11,100,149,0.0,1
0.373,28.6,14.59,5,11178.6,1,0,0.71,1608,0.359,2,b058c128e4e633e5,0.363,1,1674,0.5,66.6,5.43,119.9,3,Active,20,153,421,0.45,4
0.472,67.6,0.68,3,7243.0,1,0,0.87,2137,0.397,3,e46886d70c700ba7,0.536,3,2137,12.1,10.5,14.32,121.4,3,Stopped,48,791,2038,2.458,5
0.352,43.1,0.89,3,1102.0,2,0,1.5,2389,0.316,2,f99b5093493f87a2,0.406,2,2465,1.0,15.0,24.39,102.8,4,Active,63,1025,3081,1.556,5
0.541,7.7,1.3,4,20.3,4,0,1.0,1666,0.609,4,28c7980b8f61c014,0.551,4,1666,0.7,0.0,21.69,120.8,3,Active,7,152,290,0.0,1
0.407,76.5,1.49,4,2171.5,2,0,1.22,2283,0.421,3,1990ded90f398525,0.455,2,2586,0.1,25.6,21.22,110.1,4,Active,93,1621,4658,2.054,5
0.496,25.5,2.41,5,1116.7,2,0,0.94,1796,0.413,3,1d3535a3d7826268,0.495,3,1857,2.1,29.8,5.0,121.0,3,Active,22,117,256,0.545,4
0.577,8.2,1.38,4,5031.9,1,0,1.07,852,0.667,5,a3b069f4e469ce73,0.475,2,888,0.0,0.0,23.45,126.2,3,Active,7,154,286,0.571,4
0.307,42.9,0.54,2,8254.2,1,0,1.84,1278,0.291,1,039af297b2ac8e0d,0.31,1,1287,0.2,22.3,28.09,76.7,5,Active,75,1146,3839,1.44,5
0.535,26.9,1.52,4,5.6,5,0,0.64,1300,0.429,3,b41e2f6705678c9c,0.559,4,1300,1.3,47.3,2.39,115.5,3,Active,14,52,101,0.214,3
0.558,3.1,2.67,5,979.0,2,0,2.76,916,0.558,4,a06a927dcbc740da,0.61,4,967,0.0,0.0,16.97,129.2,2,Active,7,43,77,0.429,4
0.422,6.9,0.46,2,1012.4,2,1,3.51,1243,0.455,3,30c2dfed50df6550,0.49,3,1474,1.2,-6.9,22.49,137.4,2,Active,20,128,313,0.6,4
0.442,35.3,1.04,4,1005.7,2,0,0.85,1605,0.415,3,68302210080e8d48,0.446,2,1605,3.1,23.0,12.98,105.1,4,Stopped,27,414,969,0.593,4
0.535,39.4,0.5,2,932.2,2,0,2.94,1678,0.501,4,27ea35d19153a2a1,0.585,4,1678,0.1,5.8,36.67,64.3,5,Active,109,1359,2701,0.908,5
0.495,35.0,0.06,1,6844.3,1,1,1.36,1176,0.374,2,1385a46f329c6404,0.501,3,1248,2.5,-14.7,14.02,92.5,5,Active,44,455,978,0.455,4
0.35,98.9,11.69,5,28625.5,1,0,0.06,1654,0.667,5,0d927e2dbdc9886f,0.78,5,1654,1.3,1.5,0.65,543.1,1,Active,6,63,203,1.0,5
0.45,91.6,1.59,4,858.3,3,0,0.34,874,0.444,3,7d93d1e72936f60b,0.456,2,960,21.9,18.2,2.23,110.2,4,Stopped,24,155,347,0.333,3
0.453,8.3,4.3,5,66.4,4,0,0.65,906,0.453,3,90b35b5c1b692ffe,0.526,3,906,0.3,0.0,2.87,99.3,4,Active,5,22,53,0.0,1
0.429,8.1,0.27,1,2.6,5,1,2.16,796,0.429,3,1c5b03430a395027,0.571,4,850,3.1,-2.0,1.44,130.2,2,Stopped,9,6,14,0.0,1
0.485,27.8,0.29,2,3825.0,1,1,1.08,1511,0.422,3,5cbb2e0e7921c1a0,0.479,3,1513,0.0,20.9,15.77,100.1,4,Active,30,438,936,0.533,4
0.55,29.1,6.27,5,1487.5,2,0,0.4,970,0.55,4,4e7d0f04b502adb2,0.658,5,970,11.1,0.0,2.93,113.1,4,Stopped,6,44,80,0.0,1
0.451,70.1,1.68,4,9153.2,1,0,0.14,1297,0.372,2,d1452b791c849d50,0.551,4,1297,0.2,35.5,1.14,143.0,2,Active,10,80,182,0.7,4
0.616,8.5,7.43,5,398.5,3,0,1.27,1114,0.535,4,138678b55a2f1ce7,0.634,4,1114,0.0,1.0,63.43,143.3,2,Active,9,449,750,0.556,4
0.62,25.8,0.57,2,5878.1,1,0,1.95,1202,0.587,4,0522fb06c0d662ba,0.61,4,1234,0.6,6.2,48.83,83.5,5,Active,49,1229,2048,1.49,5
0.792,23.1,0.85,3,627.5,3,0,0.73,806,0.797,5,e70e718535f2314e,0.764,5,1109,0.1,-25.8,12.24,124.8,3,Active,16,269,947,1.438,5
0.374,71.9,1.78,4,216.7,3,0,0.5,2121,0.275,1,a1ea2638ff1112ee,0.363,1,2292,0.3,-8.0,11.25,150.1,1,Active,36,805,2271,0.667,4
0.31,56.6,0.86,3,6573.8,1,0,0.26,881,0.0,1,af408ac4aeb3b8d8,0.5,3,922,10.6,-1.0,1.54,125.4,3,Stopped,9,53,171,0.333,3
0.661,33.0,0.25,1,1239.0,2,1,0.68,855,0.576,4,068c1fd06ec7e0cf,0.652,5,1037,2.1,26.7,11.54,113.8,3,Active,20,339,567,1.1,5
0.459,58.4,0.82,3,7.9,4,0,0.78,1646,0.319,2,091bc42145ef38d7,0.467,2,2079,1.0,11.6,2.98,116.0,3,Active,45,171,386,0.467,4
0.399,12.1,6.05,5,92.6,4,0,1.91,1500,0.4,3,290aaa40e208285a,0.381,1,1500,0.5,39.0,9.54,114.1,3,Active,21,105,268,0.476,4
0.406,10.5,0.9,3,49.1,4,0,0.98,1162,0.4,3,ff49fd5aa5fe91e9,0.358,1,1162,0.0,0.0,15.3,120.0,3,Active,10,156,429,0.1,2
0.513,11.9,1.4,4,2992.0,2,0,0.77,1076,0.455,3,c3295ec77d987ab4,0.544,4,1185,0.2,30.0,8.58,164.3,1,Active,9,100,197,0.333,3
0.556,11.0,2.65,5,27.2,4,0,0.57,1147,0.4,3,4c957746c3098b66,0.463,2,1147,0.3,0.0,11.86,124.0,3,Active,6,125,248,0.333,3
0.257,5.0,0.73,3,7.6,5,0,4.24,1162,0.333,2,0288db82d5727d5a,0.304,1,1196,0.5,16.4,9.81,132.2,2,Active,19,44,175,0.053,2
0.442,22.6,0.1,1,1778.4,2,1,1.79,1169,0.467,3,380ab88cac857425,0.474,2,1208,6.0,16.0,12.13,100.5,4,Stopped,21,142,339,0.429,4
0.557,31.3,7.27,5,671.5,3,0,0.72,859,0.532,4,89277d35c97f37b3,0.553,4,889,6.6,-21.5,16.84,120.5,3,Stopped,10,233,422,0.3,3
0.479,101.4,1.77,4,2513.2,2,0,0.46,1869,0.368,2,3f2e4d4cf0257634,0.5,3,1986,0.2,10.0,5.74,209.5,1,Active,47,581,1250,0.426,4
0.4,22.2,4.65,5,1636.9,2,0,1.06,1006,0.333,2,28f5bb94a54f5d28,0.348,1,1009,4.5,2.0,6.11,131.0,2,Stopped,9,52,130,0.0,1
0.387,72.4,39.28,5,912.0,2,0,1.05,1380,0.36,2,b84f29548b5b24b7,0.442,2,1655,0.0,11.2,12.74,81.9,5,Active,54,655,1893,1.426,5
0.652,12.0,22.0,5,1.5,5,0,1.14,976,0.652,5,82279036ccb4e937,0.571,4,1021,1.8,-31.0,2.45,131.2,2,Active,7,15,23,0.0,1
0.645,15.2,1.45,4,125.1,3,0,0.95,1416,0.731,5,beb5ef331bbd9594,0.629,4,1416,0.4,68.5,7.66,119.2,3,Active,13,105,169,0.923,5
0.598,21.6,1.75,4,129.6,3,0,1.13,1033,0.333,2,504eba267695c457,0.603,4,1040,0.0,-5.3,6.04,105.3,4,Active,24,128,234,0.292,3
0.544,8.7,0.76,3,106.3,3,0,1.41,1076,0.5,3,b3c42a8df30947ea,0.5,3,1212,0.5,17.0,5.91,164.5,1,Active,10,42,79,0.1,2
0.458,13.7,0.2,1,6262.8,1,1,1.46,1237,0.222,1,395b5e2dfe06480f,0.472,2,1237,0.1,35.2,15.34,98.8,4,Active,19,200,445,0.105,2
0.565,9.8,0.81,3,65.3,4,0,2.82,1009,0.565,4,b206933c18917546,0.531,3,1017,0.0,0.0,32.1,129.7,2,Active,8,91,161,0.125,2
0.444,123.8,0.17,1,6025.2,1,1,1.29,1917,0.359,2,f061336c4c233218,0.501,3,2360,2.4,6.5,14.38,131.7,2,Active,156,1745,4093,0.571,4
0.534,36.0,7.53,5,24.7,4,0,0.73,1933,0.493,3,9d82dbe451e43597,0.564,4,2049,8.5,12.0,7.54,176.9,1,Stopped,20,207,401,0.6,4
0.484,17.9,0.83,3,6.1,5,0,0.36,761,0.484,3,e1ec7364cd2529d3,0.389,1,807,0.5,0.0,3.03,152.8,1,Active,6,50,128,0.167,3
0.348,59.1,0.21,1,11902.4,1,1,0.36,1267,0.182,1,6969857fcd192f6b,0.367,1,1267,0.7,31.2,0.91,111.0,4,Active,21,53,155,0.286,3
0.483,31.6,0.02,1,220.6,3,1,0.28,1149,0.375,2,73844005e25341e5,0.677,5,1280,1.7,-49.0,2.93,180.8,1,Active,8,84,178,0.875,5
0.485,54.6,2.38,5,84.3,4,0,1.12,1147,0.448,3,057ca4f80ac86b95,0.465,2,1310,0.4,16.7,13.51,77.6,5,Active,55,662,1446,1.455,5
0.451,20.6,0.99,3,1834.6,2,0,1.44,1202,0.6,4,51ddfb55be465dcb,0.508,3,1202,0.8,8.8,4.13,98.5,4,Active,24,69,153,0.125,2
0.444,44.0,0.41,2,7414.3,1,1,0.25,966,0.457,3,0e14ba1ee663e863,0.46,2,1004,0.9,19.5,5.58,123.9,3,Active,10,220,541,0.4,4
0.53,44.8,0.56,2,210.9,3,0,0.7,938,0.4,3,9d848e6a7056eea2,0.495,3,1014,0.4,-0.2,2.29,100.1,4,Active,31,102,217,0.903,5
0.293,36.2,2.21,5,152.1,3,0,1.01,1356,0.225,1,829e417f86506b82,0.323,1,1356,1.5,29.3,11.91,99.3,4,Active,31,364,1381,0.645,4
0.737,18.6,0.37,2,6307.5,1,1,0.93,1427,0.639,5,6d812b9b33d39c88,0.735,5,1427,0.3,23.5,22.3,111.2,4,Active,17,408,559,0.471,4
0.63,2.5,2.35,5,793.0,3,0,3.18,953,0.25,1,70a5f87b35f3a3b4,0.659,5,953,0.0,0.0,50.93,123.2,3,Active,6,96,154,0.0,1
0.36,2.0,0.97,3,1588.6,2,0,3.2,1404,0.281,1,2a5d364ff24a209b,0.356,1,1404,0.1,0.0,29.83,115.2,3,Active,6,56,189,0.0,1
0.466,54.4,0.1,1,2695.2,2,1,1.03,1389,0.454,3,8e71da56ba12859a,0.462,2,1421,0.5,7.5,15.04,87.2,5,Active,55,805,1817,1.236,5
0.553,56.5,0.13,1,4190.5,1,1,0.83,1224,0.462,3,5910f7b63f2293cb,0.577,4,1237,13.9,-1.5,9.55,85.9,5,Stopped,35,401,752,0.629,4
0.439,6.1,0.38,2,3346.0,2,1,1.08,944,0.439,3,27ed70a489ff62cb,0.5,3,947,0.8,0.0,12.52,130.7,2,Active,5,58,139,0.8,5
0.5,21.6,1.44,4,59.4,4,0,3.74,1606,0.333,2,ca308f7f103a5036,0.593,4,1606,20.0,0.0,13.73,148.7,1,Stopped,6,22,44,0.167,3
0.38,32.0,0.85,3,6401.3,1,0,0.93,1207,0.343,2,3f18e1af9b9494a4,0.395,1,1207,0.2,17.0,6.5,102.8,4,Active,27,189,500,0.259,3
0.496,23.1,0.86,3,6776.7,1,0,2.45,1436,0.375,2,5cd51a4d5d69ae08,0.538,3,1451,3.0,22.3,26.12,86.4,5,Stopped,48,512,1042,0.792,4
0.517,42.1,0.76,3,83.8,4,0,0.22,1046,0.25,1,6629a03057168a6d,0.6,4,1112,0.5,57.0,0.72,120.2,3,Active,9,30,60,0.0,1
0.356,17.8,8.34,5,23.6,4,0,0.49,1257,0.444,3,703c7a8c8651bbca,0.392,1,1257,1.0,32.0,4.17,123.0,3,Active,8,68,635,0.125,2
0.356,20.2,1.15,4,8.6,4,0,0.98,646,0.2,1,e70ccc035f68c110,0.274,1,840,3.8,-28.0,2.51,120.5,3,Stopped,16,41,118,0.0,1
0.527,19.2,1.21,4,25.1,4,0,1.63,1267,0.621,5,bcecf95636febdd1,0.535,3,1734,0.2,-9.6,5.19,157.2,1,Active,31,99,188,0.129,2
0.356,20.4,5.03,5,8030.8,1,0,1.12,895,0.308,2,bea38f914e581bd8,0.348,1,908,0.3,19.8,10.68,110.7,4,Active,18,172,525,0.222,3
0.495,1.2,2.1,4,25.4,4,0,4.19,1396,0.356,2,2f4fec83bc04d670,0.536,3,1396,0.0,0.0,71.29,180.0,1,Active,5,85,186,0.8,5
0.588,25.6,7.82,5,45.9,4,0,0.57,1483,0.467,3,04c174d29deba58b,0.587,4,1517,0.5,4.0,2.94,214.4,1,Active,10,52,97,0.1,2
0.397,74.6,0.16,1,1485.6,2,1,0.54,1062,0.25,1,d6cbb00864cd49d1,0.412,2,1062,1.0,34.2,3.68,101.7,4,Active,35,239,617,0.343,3
0.338,27.2,0.93,3,390.8,3,0,1.98,946,0.182,1,72859f99b03a9bc1,0.344,1,946,20.2,23.1,3.68,135.6,2,Stopped,14,26,77,0.071,2
0.539,59.9,1.66,4,5092.7,1,0,2.02,2101,0.479,3,e5c083643831706f,0.583,4,2193,2.3,11.4,27.93,88.0,5,Active,116,1607,3339,1.06,5
0.371,70.7,0.0,1,11524.8,1,1,1.28,2160,0.229,1,f156af70575a07f0,0.413,2,2218,0.2,16.4,25.48,88.5,5,Active,89,1777,4979,0.899,5
0.456,35.8,0.53,2,30.6,4,0,0.87,1311,0.474,3,56fde4719a567029,0.453,2,1424,0.5,-0.8,3.9,105.5,4,Active,30,134,296,0.3,3
0.406,27.3,1.42,4,51.2,4,0,0.48,1536,0.174,1,b3198ab57fb7b736,0.4,1,1536,0.2,52.0,1.92,113.7,3,Active,13,52,128,0.385,3
0.462,68.2,0.04,1,1153.5,2,1,0.23,1640,0.402,3,483e46dbcb322d30,0.456,2,1640,0.5,60.0,21.15,103.2,4,Active,15,1404,3361,2.533,5
0.545,27.6,1.1,4,40.7,4,0,1.31,1080,0.111,1,c5a5fbfaa458d3a6,0.519,3,1153,0.4,26.8,3.24,88.0,5,Active,32,79,145,0.062,2
0.525,42.5,0.16,1,2823.0,2,1,2.11,1333,0.437,3,7705d387d561c970,0.537,3,1434,0.2,12.0,8.69,72.3,5,Active,83,342,686,0.482,4
0.409,6.5,1.01,3,3413.8,2,0,3.48,1213,0.35,2,6f9251612dfc9bd2,0.465,2,1259,0.4,37.0,22.88,101.4,4,Active,21,138,396,0.667,4
0.447,30.3,0.05,1,72.7,4,1,0.33,1188,0.4,3,81afece621514bdb,0.483,3,1188,0.2,32.0,1.83,130.2,2,Active,10,55,123,0.0,1
0.395,46.8,1.11,4,2119.3,2,0,0.44,509,0.357,2,36859e856023fee4,0.376,1,811,9.4,-15.2,5.46,132.2,2,Stopped,14,175,483,1.0,5
0.522,35.0,1.46,4,7873.3,1,0,0.52,1243,0.586,4,4cce7c2789d3e574,0.452,2,1243,0.1,14.0,4.35,113.8,3,Active,18,151,335,0.278,3
0.525,29.9,0.06,1,1797.7,2,1,0.58,775,0.0,1,cc0dd12d1322b31e,0.421,2,848,5.4,-28.0,5.29,123.8,3,Stopped,11,101,198,0.091,2
0.424,18.5,2.35,5,4429.3,1,0,1.26,1381,0.341,2,e417b0164e85fb28,0.429,2,1438,2.7,38.3,7.46,115.3,3,Active,20,118,288,0.4,4
0.586,36.7,5.21,5,5694.6,1,0,0.3,812,0.25,1,3e1eeb818849bc58,0.51,3,978,2.2,-34.5,2.5,152.0,1,Active,10,82,174,0.3,3
0.568,104.8,0.14,1,105.3,3,1,0.14,854,0.588,4,5e71bd9ae8b533f7,0.582,4,854,7.0,13.0,2.55,118.4,3,Stopped,7,124,222,0.143,3
0.52,10.0,10.27,5,2783.7,2,0,0.53,931,0.857,5,1e8a1bba65d866ac,0.493,3,931,0.0,0.0,13.18,123.9,3,Active,5,124,248,0.2,3
0.598,16.2,2.31,5,3677.6,1,0,3.4,1537,0.597,4,5c0640ba3f060292,0.613,4,1537,0.0,17.7,52.84,75.8,5,Active,44,683,1163,1.227,5
0.385,12.4,0.36,2,1546.3,2,1,2.6,1145,0.206,1,c66113c7c48399aa,0.396,1,1305,2.7,8.8,12.78,114.1,3,Active,24,118,309,0.083,2
0.363,21.9,0.31,2,761.6,3,1,2.45,2180,0.301,2,ea0d7f982230df7a,0.377,1,2204,0.2,32.1,58.59,99.9,4,Active,53,1268,3734,0.811,5
0.54,68.9,0.52,2,880.8,2,0,1.52,1094,0.603,4,2db50d91d496ef43,0.516,3,1334,1.2,7.2,6.25,70.2,5,Active,99,408,802,0.535,4
0.654,9.7,0.41,2,1033.7,2,1,2.2,1163,0.222,1,267cc9ad1e99b7c5,0.643,5,1229,6.1,0.0,17.6,132.0,2,Stopped,8,64,107,0.0,1
0.529,54.0,2.95,5,45377.5,1,0,0.14,897,0.529,4,558069a95484ff14,0.517,3,997,0.2,0.0,0.91,133.2,2,Active,7,44,87,0.143,3
0.294,16.1,0.17,1,4.8,5,1,0.67,971,0.294,2,e7427b958ebae55a,0.238,1,971,5.5,72.0,0.95,120.1,3,Stopped,7,10,34,0.0,1
0.479,9.6,1.4,4,17638.7,1,0,0.52,952,0.333,2,7d03a5f98cde5ada,0.5,3,952,0.0,0.0,2.39,129.1,2,Active,5,23,48,0.0,1
0.501,69.1,0.05,1,68.2,4,1,1.32,1364,0.394,2,0e9c182ea4b342f0,0.524,3,1364,34.5,45.3,6.73,93.7,5,Stopped,36,184,411,0.833,5
0.549,9.9,2.0,4,1368.1,2,0,1.95,1082,0.75,5,24b50ff16931f298,0.588,4,1082,0.1,39.5,18.58,110.9,4,Active,15,143,273,0.267,3
0.444,67.3,0.59,2,5108.0,1,0,1.62,1397,0.402,3,7fa0b27838c2c506,0.457,2,1624,1.3,9.3,26.51,80.0,5,Active,105,1722,4543,1.467,5
0.621,40.5,2.22,5,5.7,5,0,0.6,1509,0.3,2,5e36c6df44e63d0d,0.578,4,1509,6.2,17.0,1.71,106.6,4,Stopped,19,54,87,0.211,3
0.49,47.3,0.01,1,115.7,3,1,0.73,2133,0.426,3,3511c432f14f4b43,0.544,4,2133,9.1,51.9,6.2,120.4,3,Stopped,28,237,561,1.143,5
0.41,11.6,3.14,5,219.2,3,0,1.38,903,0.286,1,a68ab7542b235ebf,0.418,2,1025,0.0,-19.8,20.68,143.3,2,Active,10,150,385,0.2,3
0.622,112.0,1.39,4,1629.9,2,0,1.77,1048,0.52,4,9d9fb0153cda8097,0.651,5,1275,0.4,3.2,10.06,58.8,5,Active,197,1123,2116,0.645,4
0.537,51.1,1.29,4,4958.4,1,0,3.48,1566,0.488,3,f2be0b93755031d4,0.541,3,1642,0.0,4.6,34.32,60.7,5,Active,176,1736,3545,1.727,5
0.517,21.5,0.35,2,403.4,3,1,1.42,1203,0.6,4,6dbb2a4385ae8c8a,0.541,3,1270,0.4,-40.0,13.5,135.1,2,Active,8,76,147,0.0,1
0.409,26.3,0.23,1,328.9,3,1,3.53,1664,0.296,2,4c0f71576b921950,0.403,2,1664,11.3,9.8,21.22,98.8,4,Stopped,53,319,805,0.547,4
0.515,19.5,14.69,5,4.9,5,0,1.16,925,0.0,1,6d91ccef55ccea41,0.508,3,973,0.5,26.0,11.97,134.0,2,Active,9,93,204,0.111,2
0.634,69.4,0.02,1,1735.9,2,1,1.11,771,0.627,5,372cf33cff4a2d90,0.612,4,1146,0.1,-4.8,11.14,81.6,5,Active,75,754,1239,1.613,5
0.337,10.3,0.36,2,72.4,4,1,1.29,1271,0.234,1,83dd3673ebf83f37,0.431,2,1307,0.5,-17.0,7.29,130.7,2,Active,11,62,187,0.364,3
0.56,166.5,12.39,5,12.7,4,0,0.21,1589,0.143,1,fcba0c2c595efc69,0.586,4,1627,125.6,10.5,4.26,567.7,1,Stopped,6,124,241,0.5,4
0.457,17.3,1.8,4,4.8,5,0,0.8,1200,0.25,1,43a446672499ad15,0.529,3,1246,4.8,16.0,2.56,148.7,1,Stopped,10,32,70,0.0,1
0.161,34.4,21.3,5,142.2,3,0,0.32,833,0.0,1,340155644f401e51,0.19,1,937,0.0,-24.3,1.17,131.1,2,Active,9,33,223,0.111,2
0.333,21.2,1.0,3,32.0,4,0,0.54,1118,0.556,4,6317ba23353b31c5,0.242,1,1118,3.4,0.0,1.34,118.3,3,Stopped,8,20,66,0.125,2
0.528,37.0,0.48,2,32.8,4,1,0.78,1669,0.5,3,81ed58608c274b09,0.617,4,1828,0.2,20.5,4.58,166.7,1,Active,25,147,303,0.16,3
0.291,70.6,0.6,2,7009.1,1,0,1.42,1398,0.253,1,1a5d0e37c6f813c5,0.289,1,1865,0.2,-3.7,15.59,71.8,5,Active,93,1019,3621,1.269,5
0.505,31.9,3.62,5,2670.6,2,0,1.59,1587,0.427,3,2238c0aa709c7920,0.521,3,1602,4.9,13.2,14.65,87.5,5,Stopped,43,395,800,1.279,5
0.478,32.6,1.15,4,4381.0,1,0,3.06,1465,0.43,3,949df1ea6dc27fe7,0.53,3,1516,9.6,14.7,23.98,72.0,5,Stopped,70,549,1173,0.329,3
0.517,12.6,0.63,3,1510.7,2,0,0.5,1033,0.533,4,7d7b25d7d927aaa3,0.539,3,1033,0.2,0.0,6.4,119.5,3,Active,6,77,178,0.167,3
0.617,19.7,0.39,2,4662.2,1,1,0.27,905,0.667,5,bc4202f736c77ae0,0.574,4,905,1.0,0.0,11.5,112.7,4,Active,5,215,371,0.0,1
0.555,6.5,0.79,3,752.6,3,0,2.17,1345,0.784,5,4ed94b0f97272ac4,0.551,4,1345,0.1,38.0,29.33,122.2,3,Active,13,176,321,0.231,3
0.377,73.7,0.01,1,496.4,3,1,0.41,1914,0.343,2,1d7f8e0dcf653282,0.365,1,1950,14.9,19.5,6.13,146.1,1,Stopped,24,360,1085,0.625,4
0.58,13.8,0.87,3,17502.5,1,0,1.25,818,0.333,2,4fb76294db2ef6da,0.598,4,955,0.0,24.3,10.43,126.6,3,Active,12,100,174,0.083,2
0.512,29.5,0.8,3,690.6,3,0,2.14,1499,0.442,3,7c563db65712ee26,0.507,3,1499,0.0,19.1,10.04,70.4,5,Active,63,296,603,0.794,5
0.311,7.9,0.51,2,2.6,5,0,5.04,735,0.0,1,f2e8bd165b82f8c5,0.278,1,1116,3.1,-22.3,5.52,125.2,3,Stopped,21,23,74,0.048,2
0.632,18.7,0.96,3,2839.3,2,0,1.53,1238,0.613,5,6bc6b13ccdd8ee06,0.63,4,1238,0.5,54.4,17.35,110.5,4,Active,25,284,462,1.0,5
0.474,57.7,1.75,4,854.8,3,0,0.4,1746,0.449,3,622e22e2e3f0aee7,0.463,2,1784,0.8,4.5,6.9,117.5,3,Active,23,393,852,0.478,4
0.493,16.4,1.71,4,10957.3,1,0,1.67,1051,0.518,4,ef6fa75864e69f36,0.494,3,1063,0.3,8.4,36.76,102.3,4,Active,27,593,1215,0.259,3
0.467,12.4,0.45,2,214.6,3,1,0.62,1196,0.6,4,e8fad0035781ce54,0.528,3,1240,1.0,0.0,4.17,141.4,2,Active,7,47,107,0.714,4
0.466,88.9,0.14,1,126.5,3,1,0.64,2234,0.352,2,a83d0a76adca8a5d,0.514,3,2234,11.6,12.6,4.7,104.3,4,Stopped,45,331,827,0.467,4
0.5,18.5,2.57,5,4720.8,1,0,1.09,1319,0.455,3,e8428b7f3863c25c,0.481,3,1319,0.1,43.2,11.56,113.9,3,Active,20,213,436,0.6,4
0.643,75.6,140.89,5,1854.7,2,0,1.07,716,0.607,4,975c8a50e2a4339f,0.664,5,963,0.0,-1.2,10.29,74.5,5,Active,79,762,1277,1.203,5
0.524,23.4,0.72,3,354.4,3,0,0.75,814,0.5,3,c3a9b24333b32b38,0.45,2,1048,6.8,-41.5,3.99,129.1,2,Stopped,12,64,124,0.25,3
0.281,5.3,1.74,4,7911.8,1,0,1.31,900,0.25,1,ee03094b273b3ab3,0.368,1,929,0.0,0.0,10.7,121.9,3,Active,7,57,203,1.143,5
0.437,24.1,8.71,5,5283.6,1,0,2.28,1269,0.487,3,9042ca530adda9b9,0.423,2,1630,0.2,11.5,14.64,85.9,5,Active,54,347,835,0.13,2
0.486,46.1,1.41,4,789.4,3,0,0.65,1432,0.331,2,7efff07b9f84184f,0.54,3,1432,21.6,32.7,9.71,112.2,4,Stopped,16,238,492,0.812,5
0.407,152.1,0.13,1,7114.1,1,1,1.69,1719,0.35,2,743aa85f4fb24fea,0.384,1,1974,16.2,8.9,15.51,115.6,3,Stopped,229,2099,5833,1.009,5
0.387,44.6,1.18,4,1039.5,2,0,0.72,1604,0.396,3,14a1af7a60bdc7a6,0.538,3,1604,19.5,41.0,15.81,107.0,4,Stopped,18,397,1069,1.444,5
0.625,8.4,0.79,3,1.0,5,0,1.66,1245,0.25,1,c3227250adf6f8cd,0.58,4,1359,2.3,-35.0,13.81,178.7,1,Active,9,75,120,0.222,3
0.539,8.8,3.4,5,686.2,3,0,2.29,799,0.5,3,a4c077d11954fa4b,0.584,4,942,0.0,-14.4,15.85,134.1,2,Active,12,83,154,0.917,5
0.583,16.0,3.08,5,116.6,3,0,0.32,1050,0.6,4,5bd65690cf8e7184,0.633,4,1050,0.3,0.0,5.17,126.3,3,Active,5,81,151,1.0,5
0.518,14.8,11.82,5,60.1,4,0,0.7,1240,0.188,1,3495bab566f6cb64,0.524,3,1240,0.4,23.0,5.7,157.1,1,Active,9,73,141,0.111,2
0.381,29.8,0.15,1,2450.8,2,1,0.48,1338,0.444,3,c8b4be4badaddfdd,0.361,1,1338,0.8,62.7,5.62,122.0,3,Active,13,151,404,0.077,2
0.498,10.0,0.36,2,4443.7,1,1,1.65,972,0.286,1,f55c93b9c8a35724,0.489,3,1024,0.0,9.0,16.21,146.0,1,Active,10,98,203,0.2,3
0.33,83.3,0.19,1,7.5,5,1,0.3,1196,0.286,1,ebb1f0f20f26e88b,0.359,1,1573,13.4,-1.0,0.97,323.5,1,Stopped,20,64,194,0.1,2
0.607,20.5,0.4,2,9.0,4,1,0.53,1038,0.607,4,af87999a9044207c,0.583,4,1038,0.8,163.0,1.12,123.8,3,Active,8,17,28,0.0,1
0.524,98.5,1.34,4,245.5,3,0,0.15,914,0.576,4,b5ee90e398640008,0.492,3,1427,0.8,-38.3,0.86,393.7,1,Active,13,74,166,1.462,5
0.294,29.4,1.07,4,112.1,3,0,0.48,1049,0.0,1,87a634f94be88a56,0.345,1,1049,5.0,0.0,1.27,112.2,4,Stopped,9,24,85,0.333,3
0.559,22.4,1.51,4,4.4,5,0,1.06,1350,1.0,5,65e7f50b641c4a49,0.597,4,1350,0.2,2.9,3.29,113.3,4,Active,21,65,118,0.0,1
0.539,43.0,0.58,2,10775.8,1,0,0.34,771,0.35,2,06774491e1196d8c,0.511,3,905,2.0,-11.2,4.27,119.1,3,Active,14,175,356,0.286,3
0.53,22.1,1.07,4,2257.6,2,0,3.31,1915,0.423,3,72b97cceb1495a46,0.562,4,1949,0.2,11.7,27.3,109.2,4,Active,56,462,879,0.643,4
0.717,38.9,1.38,4,423.2,3,0,0.65,1124,1.0,5,9c3176f20ce05a87,0.703,5,1377,8.7,30.2,7.07,137.7,2,Stopped,19,208,290,0.421,4
0.363,20.1,0.29,2,6631.4,1,1,2.68,1313,0.283,1,40569c5892875835,0.406,2,1387,0.4,15.6,15.23,82.0,5,Active,50,284,813,0.78,4
0.391,80.1,0.07,1,5027.5,1,1,0.2,799,0.0,1,1a4d11eb4a8539d2,0.396,1,886,37.9,-40.5,2.3,135.3,2,Stopped,8,91,233,0.125,2
0.619,83.8,0.61,2,43.2,4,0,0.18,2024,0.617,5,98f841ac2183f874,0.614,4,2151,0.2,-32.0,1.31,414.6,1,Active,15,109,197,0.333,3
0.392,41.5,0.11,1,814.2,3,1,0.98,855,0.273,1,a5cc3c3c9940a991,0.375,1,990,13.4,3.9,5.23,115.2,3,Stopped,19,101,293,1.263,5
0.45,48.4,0.85,3,44.4,4,0,0.27,1737,0.396,3,4ba9c81e9b2f44a7,0.518,3,1921,0.2,-46.3,11.22,214.1,1,Active,13,541,1279,1.0,5
0.467,34.5,0.49,2,1352.4,2,1,2.52,1606,0.47,3,f25243ac32957e40,0.469,2,1606,1.9,14.0,28.87,76.1,5,Active,82,939,2705,3.11,5
0.604,16.9,2.67,5,34.1,4,0,0.78,1259,0.385,2,4980cc518c97295f,0.644,5,1259,0.2,62.0,5.51,127.9,2,Active,13,92,154,0.154,3
0.529,72.0,0.2,1,7806.8,1,1,2.28,1724,0.5,3,0ab5cc5b0dfff688,0.517,3,1757,32.9,22.8,23.96,73.2,5,Stopped,86,905,1773,1.035,5
0.481,32.9,0.71,3,600.5,3,0,2.03,1698,0.469,3,73244e23c71035e4,0.538,3,1836,1.3,15.2,20.04,98.1,4,Active,62,611,1448,1.403,5
0.36,9.9,1.09,4,2382.0,2,0,1.33,1231,0.294,2,8dc8ca838e99cbae,0.318,1,1231,0.1,0.3,18.53,132.2,2,Active,13,181,505,0.538,4
0.596,74.9,0.29,2,168.4,3,1,0.47,1160,0.263,1,6915b5a338c1851a,0.624,4,1416,0.2,6.9,1.52,108.8,4,Active,34,110,188,0.059,2
0.62,11.2,0.67,3,1778.2,2,0,1.89,1058,0.278,1,9089c8bb82ee2db3,0.642,5,1062,1.7,-0.8,13.26,116.2,3,Active,18,126,205,0.722,4
0.412,55.4,5.1,5,3564.0,1,0,0.33,1581,0.423,3,212b30474f78234a,0.502,3,1581,3.6,77.0,12.73,117.3,3,Stopped,17,659,1689,0.824,5
0.432,31.5,12.5,5,124.7,3,0,0.23,1183,0.0,1,af3f64d78d76ef93,0.515,3,1183,0.4,0.0,1.13,130.4,2,Active,7,35,81,0.0,1
0.389,18.9,0.1,1,1560.4,2,1,1.05,982,0.403,3,68df9b17e91aba33,0.413,2,1040,1.7,-22.0,8.94,131.1,2,Active,18,153,429,1.833,5
0.342,74.9,0.09,1,4082.9,1,1,2.21,1925,0.284,1,854f8a078c5f5fe4,0.354,1,2071,26.7,14.7,19.52,85.0,5,Stopped,106,935,2807,0.953,5
0.302,22.6,0.09,1,12.9,4,1,0.22,1113,0.333,2,746b958555bd06dc,0.314,1,1113,0.3,0.0,0.81,94.7,5,Active,5,18,63,0.0,1
0.437,59.4,0.1,1,1626.3,2,1,2.47,2147,0.395,2,3eed1b04e7ab5ad1,0.455,2,2177,0.2,19.3,40.03,72.3,5,Active,142,2300,5853,2.655,5
0.462,22.0,2.67,5,181.3,3,0,1.38,1159,0.281,1,3dec761591db34c2,0.477,2,1276,1.1,4.7,13.59,100.0,4,Active,29,285,617,0.483,4
0.55,69.7,0.79,3,44959.9,1,0,0.55,702,0.286,1,cd7960a4e322f1ab,0.484,3,817,1.0,-2.7,5.17,98.7,4,Active,27,255,464,0.111,2
0.693,24.1,0.01,1,883.8,2,1,0.77,1256,0.55,4,e9969d9952a449d6,0.72,5,1256,4.7,24.5,15.34,142.2,2,Stopped,15,298,459,0.2,3
0.404,53.5,1.15,4,903.4,2,0,2.09,1398,0.304,2,bf16bfb151c17eaa,0.45,2,1577,3.6,7.1,11.03,75.1,5,Stopped,104,550,1425,0.577,4
0.485,23.3,5.3,5,3343.5,2,0,0.65,995,0.679,5,3f69ccf456a44631,0.516,3,1039,0.1,-7.7,8.85,104.8,4,Active,15,205,447,0.8,5
0.714,10.8,0.17,1,7.1,5,1,0.49,1010,0.4,3,adb8ddd1a826a5c7,0.857,5,1010,0.6,0.0,1.96,99.6,4,Active,5,20,28,0.0,1
0.511,8.8,0.48,2,6117.5,1,1,0.77,884,0.167,1,628ffbaf5338899b,0.479,3,884,0.7,0.0,15.45,125.2,3,Active,5,100,219,0.0,1
0.435,41.6,0.58,2,4988.8,1,0,0.81,1551,0.394,2,54c99581f5d915fc,0.47,2,1686,1.3,15.5,13.18,99.9,4,Active,32,519,1251,0.719,4
0.595,26.4,0.21,1,26.7,4,1,0.88,1268,0.333,2,9744fda61944019c,0.708,5,1335,0.4,-3.1,2.8,124.0,3,Active,23,73,126,0.435,4
0.418,9.6,3.96,5,8.9,4,0,0.68,870,1.0,5,a3bb12c88af2d4d5,0.396,1,870,0.9,0.0,6.05,121.6,3,Active,6,53,134,0.0,1
0.557,33.7,11.12,5,572.1,3,0,2.99,1034,0.176,1,78f4eafebccf1406,0.636,4,1077,29.4,26.0,13.17,126.4,3,Stopped,10,44,97,1.1,5
0.512,47.0,10.94,5,1119.4,2,0,1.34,2223,0.499,3,5c95795995dc9220,0.549,4,2272,2.2,26.0,23.88,85.0,5,Active,60,1070,2256,2.0,5
0.655,40.9,0.77,3,1522.6,2,0,2.21,1996,0.593,4,68ddf6364498b405,0.655,5,1996,1.9,5.4,10.36,83.2,5,Active,86,403,624,0.07,2
0.653,30.9,6.48,5,2866.9,2,0,0.88,1335,0.631,5,33bb63444d78119c,0.674,5,1370,1.6,41.4,96.51,114.0,3,Active,22,2414,4465,0.591,4
0.251,36.9,1.24,4,4203.7,1,0,0.23,1043,0.12,1,e89120e344aba779,0.29,1,1058,0.0,18.0,3.24,125.0,3,Active,8,115,470,0.0,1
0.442,43.2,0.24,1,4398.4,1,1,0.34,1169,0.2,1,78bed63d36d87d27,0.388,1,1303,0.4,50.0,1.81,121.6,3,Active,13,69,156,0.308,3
0.357,106.7,1.95,4,5215.8,1,0,1.14,1540,0.312,2,1a96b3e598f85a86,0.436,2,1883,4.1,9.8,8.12,144.8,1,Stopped,116,827,2353,0.474,4
0.608,6.7,0.68,3,6.1,5,0,1.47,1299,0.5,3,c9e3d1aebb6e715a,0.594,4,1374,1.0,0.0,8.83,153.1,1,Active,8,48,79,0.0,1
0.22,17.5,0.67,3,1964.9,2,0,1.87,703,0.0,1,ebf3de4a0035543b,0.25,1,842,4.3,-44.0,2.57,148.1,1,Stopped,8,11,50,0.125,2
0.488,33.0,0.41,2,12513.2,1,1,0.61,946,0.5,3,64eff13c0683a052,0.491,3,979,0.1,18.0,9.62,108.9,4,Active,20,317,658,0.2,3
0.471,22.2,3.9,5,5323.5,1,0,0.73,1057,0.441,3,6768a2cd4d8a2229,0.448,2,1149,0.2,29.0,8.53,139.6,2,Active,16,188,446,0.25,3
0.303,47.4,1.24,4,2575.4,2,0,0.35,1955,0.268,1,d22c94d2d1f58f7f,0.36,1,1955,1.0,40.0,10.65,134.5,2,Active,16,494,1944,0.562,4
0.455,36.8,0.34,2,721.2,3,1,0.36,1836,0.397,3,75feacbf07d618ec,0.512,3,1836,0.8,-22.7,10.14,201.5,1,Active,13,365,862,0.692,4
0.491,11.4,0.15,1,4.5,5,1,0.5,833,0.491,3,4380083397d98cf7,0.583,4,833,0.2,0.0,2.58,119.7,3,Active,5,26,53,0.0,1
0.446,31.8,1.61,4,18497.5,1,0,0.37,740,0.571,4,28dac0b81b1628bc,0.382,1,869,4.5,-7.0,8.64,130.4,2,Stopped,10,236,698,1.1,5
0.421,38.2,1.2,4,781.6,3,0,1.98,1625,0.343,2,d8027cd322e9965b,0.419,2,1625,0.7,7.3,16.17,75.9,5,Active,74,606,1528,0.541,4
0.414,14.7,3.52,5,209.1,3,0,1.0,946,0.514,4,19bc2409a8e33efa,0.451,2,946,0.0,33.5,12.35,126.8,3,Active,11,136,348,0.545,4
0.622,74.7,1.83,4,13946.4,1,0,0.1,1199,0.4,3,01144260ec249080,0.6,4,1199,13.8,0.0,0.71,156.4,1,Stopped,6,42,82,1.167,5
0.519,24.5,0.16,1,1733.6,2,1,0.89,918,1.0,5,00996df4ad926ade,0.439,2,995,7.4,-6.1,3.98,117.1,3,Stopped,15,67,131,0.6,4
0.317,31.8,0.6,2,11255.7,1,0,0.82,1016,0.0,1,59a3afd32e076bbb,0.55,4,1045,0.9,-16.0,3.74,133.2,2,Active,7,32,104,0.0,1
0.325,32.2,3.44,5,179.8,3,0,0.27,1030,0.286,1,fab1c269b8b24b95,0.375,1,1100,0.3,0.0,0.54,156.4,1,Active,6,12,40,0.333,3
0.333,9.3,0.49,2,1273.8,2,1,4.7,1158,0.5,3,153af87a7e100090,0.26,1,1218,4.8,6.3,12.76,123.0,3,Stopped,21,57,171,0.286,3
0.472,70.2,1.25,4,20255.3,1,0,0.89,1241,0.413,3,56420fde80cc1678,0.473,2,1241,10.9,27.1,15.1,76.3,5,Stopped,49,834,1983,1.041,5
0.573,22.2,0.98,3,302.3,3,0,1.23,1262,0.537,4,15989e15e988bbed,0.568,4,1303,0.3,37.3,9.59,104.8,4,Active,27,210,368,0.222,3
0.385,68.3,0.5,2,5859.9,1,0,1.05,1334,0.346,2,26b9b53b9f3cd159,0.364,1,1387,0.4,8.6,7.19,79.8,5,Active,71,488,1449,0.676,4
0.627,16.7,0.65,3,47.2,4,0,1.76,1038,0.462,3,21e7a0a89351ca29,0.65,5,1048,2.1,20.2,11.8,105.2,4,Active,25,168,268,0.04,2
0.81,23.5,1.1,4,3253.2,2,0,0.38,1310,0.786,5,c25e4285498346ca,0.831,5,1310,0.1,116.0,26.63,113.9,3,Active,9,624,805,0.444,4
0.579,18.0,0.2,1,4100.9,1,1,0.62,1081,0.385,2,592ca28f7fec5604,0.615,4,1140,0.4,65.0,10.38,136.7,2,Active,11,183,323,0.091,2
0.714,48.2,4.28,5,35.4,4,0,0.59,1608,0.562,4,04c03a00865e4d91,0.696,5,1608,0.8,67.3,5.59,132.1,2,Active,14,133,206,0.071,2
0.434,31.4,0.71,3,8347.2,1,0,1.11,772,0.423,3,ac7854cb9e59735b,0.455,2,955,0.4,-10.8,7.79,91.9,5,Active,34,239,625,0.5,4
0.496,52.7,2.26,5,5096.8,1,0,3.23,1759,0.451,3,7fe4f82b934dd212,0.52,3,1837,22.4,10.8,22.25,72.0,5,Stopped,97,669,1485,1.072,5
0.619,11.6,0.38,2,1097.9,2,1,3.06,1367,0.511,4,9efade9fe319e5f8,0.631,4,1421,0.4,12.8,48.83,95.8,4,Active,29,463,751,0.586,4
0.537,26.3,0.16,1,639.2,3,1,1.34,1266,0.473,3,cb2afcf9e785005f,0.545,4,1290,4.4,14.2,6.65,123.1,3,Stopped,29,144,361,2.138,5
0.72,22.3,1.8,4,482.2,3,0,2.43,1849,0.685,5,062209b272ba8bcb,0.698,5,1920,0.2,17.6,49.79,83.3,5,Active,51,1046,1463,0.49,4
0.62,84.0,0.05,1,1343.9,2,1,0.7,1373,0.597,4,0fb6d7537129bfcf,0.623,4,1648,4.4,-7.7,6.01,193.1,1,Stopped,56,478,885,1.375,5
0.614,32.7,0.65,3,2448.7,2,0,2.16,1538,0.536,4,018b44895956b570,0.653,5,1707,0.7,26.2,34.06,83.6,5,Active,69,1090,1818,0.29,3
0.466,9.5,0.83,3,128.7,3,0,2.78,987,0.375,2,43d6978a499ae0e4,0.446,2,995,2.7,8.1,10.34,108.7,4,Active,18,67,148,0.222,3
0.553,33.9,0.38,2,6.1,5,1,2.54,833,0.333,2,27e0748a49b2a54a,0.455,2,959,27.0,15.2,4.36,131.2,2,Stopped,14,24,47,0.0,1
0.652,59.8,0.14,1,819.4,3,1,0.24,903,0.618,5,94a80aa3664ee51c,0.615,4,1112,6.7,-46.7,13.25,139.1,2,Stopped,13,703,1243,0.538,4
0.493,22.0,3.73,5,4.6,5,0,0.27,1423,0.333,2,1994ecd6a5bd368b,0.49,3,1423,0.0,0.0,1.55,145.0,1,Active,6,34,71,0.0,1
0.5,10.8,2.2,5,49.4,4,0,0.72,858,0.0,1,271537df9dde8a52,0.417,2,858,0.3,0.0,3.3,125.4,3,Active,5,23,48,0.2,3
0.566,4.7,1.81,4,912.0,2,0,1.73,1518,0.61,4,145ff53c70c5b807,0.588,4,1518,0.0,21.0,62.33,163.0,1,Active,8,288,546,0.125,2
0.423,21.4,2.18,5,281.2,3,0,0.63,1603,0.368,2,895268f83083bfcd,0.466,2,1611,0.8,81.0,6.61,163.0,1,Active,13,136,324,1.231,5
0.485,26.4,81.4,5,452.0,3,0,0.28,1013,0.6,4,697657e2594894ae,0.478,3,1013,0.1,0.0,11.72,134.6,2,Active,7,290,824,1.286,5
0.549,69.1,0.14,1,820.4,3,1,0.58,1314,0.419,3,6d142fb12ee22245,0.527,3,1314,3.4,22.5,6.78,92.4,5,Stopped,38,446,847,0.526,4
0.308,124.3,0.04,1,11142.4,1,1,1.57,1907,0.254,1,cb98c2c1ce2e2591,0.336,1,2117,2.4,7.4,8.46,125.3,3,Active,191,1031,3466,0.445,4
0.374,68.7,0.24,1,147.1,3,1,0.19,1907,0.262,1,5ae05734775c54ff,0.446,2,1907,2.2,48.3,5.95,207.8,1,Active,12,381,1067,0.833,5
0.648,17.7,43.0,5,18.2,4,0,0.56,1054,0.5,3,45eb5631fe055a55,0.573,4,1123,1.5,-20.5,7.0,154.2,1,Active,9,113,176,0.0,1
0.62,34.4,1.54,4,66.9,4,0,0.68,1243,0.593,4,4ba64860b252a2b8,0.614,4,1243,12.4,43.0,3.49,120.5,3,Stopped,15,77,137,0.667,4
0.518,19.5,1.04,4,185.5,3,0,0.99,1687,0.526,4,bed2ea232c2b5f69,0.508,3,1730,0.3,62.0,20.71,121.0,3,Active,19,397,807,0.632,4
0.621,43.5,1.99,4,22662.9,1,0,0.47,1331,0.488,3,aa8f85db1ebd97ed,0.646,5,1338,0.6,23.8,6.46,106.8,4,Active,20,277,451,0.3,3
0.405,35.5,0.39,2,1593.9,2,1,2.21,1342,0.293,2,304360a9a758eb0b,0.399,1,1595,4.7,11.0,12.95,74.6,5,Stopped,68,398,1022,0.721,4
0.466,63.6,0.55,2,41.5,4,0,0.44,1911,0.339,2,be585d897be83e33,0.477,2,1952,0.4,1.3,6.02,119.6,3,Active,28,380,1113,1.786,5
0.612,9.8,0.23,1,1726.3,2,1,0.71,912,0.0,1,cfe60fab7539cebd,0.54,3,912,0.4,0.0,10.41,123.0,3,Active,6,88,147,0.167,3
0.365,30.4,0.38,2,47.3,4,1,0.36,1212,0.217,1,c98c90865272ffc2,0.393,1,1212,4.5,85.0,6.71,123.4,3,Stopped,9,166,556,0.222,3
0.466,37.7,1.0,3,14942.6,1,0,0.52,1159,1.0,5,d7e646b036552f2e,0.543,4,1159,0.2,0.0,2.39,115.9,3,Active,9,41,88,0.0,1
0.5,11.3,0.38,2,22.0,4,1,0.84,865,1.0,5,0e9b6057427b8b21,0.423,2,1011,0.6,-3.5,1.86,148.0,1,Active,9,20,40,0.0,1
0.412,45.8,0.64,3,5735.7,1,0,3.4,1387,0.426,3,3fadbefa084e0a43,0.388,1,1387,4.6,3.2,31.82,72.3,5,Stopped,134,1253,3895,1.821,5
0.539,13.6,0.87,3,1189.2,2,0,5.12,1016,0.463,3,eb897f6ca1c2915b,0.562,4,1018,0.0,4.4,20.78,82.7,5,Active,69,280,529,1.464,5
0.333,17.8,0.94,3,3.5,5,0,0.89,777,0.333,2,1f4c2887194d18ff,0.857,5,824,7.9,-42.0,1.34,151.0,1,Stopped,6,9,33,0.0,1
0.566,5.5,1.01,3,276.9,3,0,1.46,1008,1.0,5,0dbeba98f3e612b9,0.661,5,1008,0.0,0.0,16.06,114.7,3,Active,7,77,145,0.143,3
0.423,52.7,0.97,3,10176.8,1,0,4.38,1407,0.354,2,2e6eb51f77147461,0.408,2,1563,0.4,2.5,26.12,66.7,5,Active,229,1366,3476,0.659,4
0.639,56.8,8.0,5,22.6,4,0,0.16,817,1.0,5,afe349a76d0c9d28,0.642,5,907,0.2,-41.0,0.81,142.4,2,Active,8,41,72,0.25,3
0.448,46.9,7.11,5,13183.5,1,0,0.48,1479,0.494,3,d934162621571364,0.481,3,1479,3.8,92.0,6.69,114.3,3,Stopped,14,195,511,0.714,4
0.658,32.6,1.83,4,933.5,2,0,2.03,1113,0.643,5,477262d7307e99b8,0.665,5,1253,0.0,7.1,20.33,77.6,5,Active,66,662,1062,1.076,5
0.422,82.3,0.12,1,7717.6,1,1,0.22,1325,0.25,1,d62a412fa554f947,0.407,2,1404,0.5,-17.1,3.17,326.0,1,Active,18,259,778,0.611,4
0.529,27.0,3.53,5,46.2,4,0,0.71,1290,0.5,3,3c729f76fae05112,0.53,3,1290,4.4,-22.5,4.04,110.8,4,Stopped,16,91,172,0.0,1
0.624,22.3,1.12,4,290.3,3,0,3.37,1745,0.542,4,c4dc262db4b9c7a8,0.691,5,2170,0.0,9.5,45.68,140.3,2,Active,52,704,1158,0.538,4
0.495,56.6,32.31,5,2920.2,2,0,0.13,1477,0.457,3,890ed3e1cfd5cb3f,0.474,2,1477,2.4,0.0,2.66,97.7,4,Active,7,144,533,1.143,5
0.684,15.3,1.26,4,10.4,4,0,1.11,1055,1.0,5,38dbc719e5c104a2,0.677,5,1055,0.0,14.0,15.27,115.4,3,Active,14,193,301,0.071,2
0.403,11.6,1.18,4,494.2,3,0,0.54,891,0.433,3,6e592f7ae3539a4d,0.426,2,960,0.4,-52.0,5.44,158.6,1,Active,6,60,159,0.167,3
0.389,58.6,0.85,3,1424.1,2,0,4.72,1501,0.327,2,b3625a61a7e84c7e,0.431,2,1850,0.1,4.0,33.47,66.4,5,Active,258,1830,5181,0.977,5
0.5,17.2,0.91,3,108.0,3,0,1.75,1471,0.273,1,7a89c8cff251913b,0.481,3,1471,0.8,19.8,14.25,111.9,4,Active,19,155,310,0.105,2
0.544,51.1,0.26,1,1712.8,2,1,0.49,1434,0.483,3,a1a8948c7d7036cf,0.51,3,1434,20.4,9.5,10.41,96.4,4,Stopped,15,319,594,0.6,4
0.396,36.4,1.82,4,2916.7,2,0,0.31,1942,0.364,2,1b4b10b42f6ec7ae,0.565,4,1942,0.9,22.0,2.74,197.0,1,Active,11,97,245,0.182,3
0.465,173.8,0.03,1,88.3,4,1,0.08,1950,0.407,3,50bea4838f83527f,0.382,1,1950,0.4,83.4,1.33,406.3,1,Active,14,227,544,1.071,5
0.601,9.4,0.61,2,84.5,4,0,1.12,1028,0.5,3,b8aa9e3bd45b015c,0.593,4,1038,0.1,0.0,21.09,126.5,3,Active,7,132,228,0.286,3
0.493,8.3,1.06,4,973.9,2,0,1.06,1166,0.405,3,4f62262289163078,0.574,4,1166,0.0,0.0,37.08,125.2,3,Active,6,209,436,0.5,4
0.386,132.5,0.28,1,15420.4,1,1,0.29,2116,0.313,2,c6eb98e8733ba931,0.399,1,2116,0.1,15.4,5.32,284.0,1,Active,38,703,1916,1.079,5
0.412,49.6,0.05,1,2218.7,2,1,2.47,1205,0.471,3,caae0d1b3fa74211,0.444,2,1321,15.9,14.1,15.55,70.7,5,Stopped,83,523,1375,1.096,5
0.49,8.2,1.12,4,22.0,4,0,1.32,1321,0.342,2,c92f38bb292254e8,0.598,4,1321,0.6,89.0,12.29,135.5,2,Active,10,93,204,0.0,1
0.753,40.6,16.44,5,10.4,4,0,0.48,1201,0.75,5,e6f6bebd082323d1,0.762,5,1201,3.9,99.0,7.1,106.7,4,Stopped,13,192,279,0.308,3
0.565,23.6,1.2,4,5145.0,1,0,1.2,719,0.294,2,61e8426d44de4498,0.632,4,945,9.4,-11.8,14.5,119.9,3,Stopped,17,205,363,0.882,5
0.507,15.9,2.44,5,282.9,3,0,0.38,931,0.519,4,31206478bcca21dd,0.509,3,940,2.7,0.0,9.29,164.9,1,Active,5,123,268,0.2,3
0.645,24.3,16.83,5,59.2,4,0,0.3,1443,0.333,2,64e7ba8554878336,0.672,5,1443,1.1,0.0,2.88,95.6,4,Active,7,67,107,0.0,1
0.624,18.0,4.95,5,1070.9,2,0,1.84,1444,0.553,4,6a3bbff9a5ea6d82,0.657,5,1658,1.8,7.9,46.24,146.2,1,Active,25,627,1082,0.92,5
0.489,41.3,2.5,5,655.2,3,0,0.66,1690,0.473,3,5506ad6748ff48f9,0.446,2,1848,0.2,8.0,13.74,151.5,1,Active,27,566,1204,1.037,5
0.561,58.2,2.09,4,1224.5,2,0,0.97,1130,0.341,2,f0ed4c6904041626,0.581,4,1376,25.2,16.8,4.4,105.5,4,Stopped,31,141,253,0.419,4
0.516,6.8,4.19,5,4.0,5,0,1.44,1477,0.649,5,d5261cd09a47ab28,0.708,5,1585,1.7,0.0,14.16,182.0,1,Active,7,69,161,0.143,3
0.68,15.7,1.36,4,2898.7,2,0,0.37,859,0.429,3,5a2add7d8532f5be,0.667,5,859,1.0,0.0,10.13,119.0,3,Active,5,137,203,0.0,1
0.576,21.0,15.5,5,21.3,4,0,0.35,1206,0.577,4,21bb6b3a675eb99c,0.536,3,1206,0.0,0.0,5.49,84.5,5,Active,6,95,165,0.167,3
0.583,55.0,0.73,3,2679.0,2,0,2.25,1555,0.584,4,a03f37daf5613ad6,0.58,4,1699,0.8,12.4,21.38,76.6,5,Active,122,1159,2067,0.885,5
0.464,19.8,1.23,4,542.3,3,0,1.97,936,0.6,4,10ba698a1f715fbe,0.422,2,1082,0.1,2.3,8.99,85.0,5,Active,36,164,362,0.528,4
0.557,13.0,2.9,5,600.1,3,0,2.61,1299,0.37,2,494942e74dfd706a,0.527,3,1421,1.5,-6.0,11.82,106.5,4,Active,30,136,246,0.4,4
0.446,8.6,2.26,5,562.3,3,0,1.29,713,0.8,5,72bc3f624e8a3592,0.324,1,853,0.0,-41.5,5.28,135.2,2,Active,9,37,101,0.111,2
0.541,39.8,2.4,5,33.4,4,0,0.41,1386,0.385,2,e8c6f28e15340d9d,0.567,4,1508,0.1,7.8,1.09,150.9,1,Active,16,43,85,0.438,4
0.244,22.6,1.25,4,214.1,3,0,0.68,875,0.091,1,f9749c63b47d2acc,0.309,1,995,2.0,5.8,1.61,124.3,3,Active,14,33,135,0.071,2
0.5,21.3,15.0,5,2.0,5,0,0.43,1076,1.0,5,ca8399276ea3031f,0.438,2,1076,4.3,0.0,0.91,121.8,3,Stopped,7,15,32,0.0,1
0.344,28.8,1.2,4,2891.9,2,0,1.0,1608,0.317,2,711a5abb63cae755,0.441,2,1608,0.6,27.4,29.45,99.4,4,Active,27,793,2614,2.111,5
0.343,33.1,2.11,4,1922.6,2,0,1.6,1316,0.325,2,d0e4a56c8f669470,0.322,1,1316,0.0,18.8,14.1,74.0,5,Active,53,466,1388,0.585,4
0.52,35.7,0.35,2,169.6,3,1,0.24,859,0.57,4,06754e98f5f80370,0.504,3,882,1.2,14.0,11.08,131.7,2,Active,8,362,731,1.0,5
0.398,11.6,6.56,5,1798.6,2,0,1.27,982,0.412,3,f16ce2a0ab0366c6,0.407,2,1108,0.6,21.0,20.48,131.3,2,Active,14,225,673,0.857,5
0.555,26.7,0.65,3,133.7,3,0,0.62,1544,0.533,4,0f8c1825a747852a,0.524,3,1544,0.8,56.2,19.83,149.6,1,Active,16,511,988,0.25,3
0.695,59.7,0.93,3,3.5,5,0,0.11,1166,0.625,5,fa88d044ac6047ac,0.676,5,1166,1.1,0.0,1.33,136.4,2,Active,6,74,118,0.333,3
0.531,67.5,0.76,3,6737.1,1,0,0.42,1549,0.447,3,2b77f82627bb9389,0.54,3,1585,0.8,64.0,20.76,115.8,3,Active,28,1385,2812,0.893,5
0.407,12.4,0.92,3,440.7,3,0,4.89,1256,0.39,2,60696bb48140fab0,0.413,2,1428,0.3,6.3,60.36,79.6,5,Active,59,728,2076,2.0,5
0.495,42.3,0.21,1,8008.6,1,1,0.61,1292,0.529,4,32d9db851cdb5938,0.457,2,1292,9.4,35.0,11.12,104.7,4,Stopped,20,365,761,1.1,5
0.619,33.9,0.24,1,3.9,5,1,1.46,857,0.619,5,89e7c398f246287c,0.538,3,916,21.9,0.0,2.71,150.2,1,Stopped,7,13,21,0.0,1
0.488,23.0,1.69,4,188.6,3,0,0.26,1182,0.488,3,bf5faf362b873e7a,0.625,4,1182,0.1,0.0,0.92,149.0,1,Active,6,21,43,0.5,4
0.461,53.8,5.04,5,8025.4,1,0,0.37,1128,0.364,2,91d4586d709aba12,0.497,3,1251,0.6,25.0,4.22,119.1,3,Active,18,206,453,0.278,3
0.523,19.1,0.53,2,21.9,4,0,2.81,1318,0.444,3,3cad7a8ea74bc822,0.5,3,1440,9.5,12.4,13.24,123.4,3,Stopped,24,113,216,0.125,2
0.39,16.8,1.95,4,2562.5,2,0,0.48,1153,0.2,1,292977e742b19172,0.345,1,1169,0.2,35.0,1.32,144.8,1,Active,8,22,59,0.25,3
0.531,20.4,1.07,4,2457.8,2,0,1.57,1265,0.478,3,a44cabfff313811b,0.511,3,1286,14.7,-15.0,13.24,155.3,1,Stopped,9,76,147,1.111,5
0.497,40.0,2.43,5,102.1,3,0,1.99,595,0.247,1,f0e6946a9bcee492,0.458,2,1143,7.3,10.6,16.25,101.5,4,Stopped,65,530,1162,0.169,3
0.496,9.4,0.62,2,7.2,5,0,2.7,966,0.25,1,710b274f1a2d23ed,0.5,3,1316,0.5,-9.4,6.86,132.1,2,Active,24,61,123,0.125,2
0.43,20.3,2.32,5,5361.1,1,0,1.12,1049,0.375,2,d9d997407d05d70f,0.479,3,1049,0.5,35.0,3.21,110.7,4,Active,14,40,93,0.0,1
0.562,45.1,1.34,4,4.1,5,0,0.16,954,1.0,5,e7cf2bb331340fde,0.509,3,963,4.6,0.0,1.43,131.7,2,Stopped,5,45,89,0.0,1
0.416,45.8,4.22,5,2320.1,2,0,1.75,1706,0.343,2,fada7a2da9a563c5,0.452,2,1706,32.5,0.3,6.69,111.1,4,Stopped,22,84,214,0.409,4
0.582,20.7,1.45,4,6080.7,1,0,1.37,1377,0.601,4,9cd36035192106e3,0.584,4,1412,0.0,41.4,43.93,97.3,4,Active,26,832,1628,0.5,4
0.38,102.0,0.22,1,10590.8,1,1,0.19,1299,0.373,2,61a44d9346163f59,0.354,1,1412,50.2,-10.5,5.57,451.8,1,Stopped,9,269,755,0.222,3
0.554,40.7,0.26,1,12936.9,1,1,0.73,712,1.0,5,51c16b227550ae3c,0.548,4,858,0.2,-14.0,4.84,96.2,4,Active,26,172,316,0.115,2
0.433,43.9,0.46,2,29714.0,1,1,1.0,1537,0.385,2,232d019c713c3e9c,0.425,2,1813,0.5,26.4,5.43,110.9,4,Active,43,234,543,0.093,2
0.5,29.0,0.6,2,183.0,3,0,1.03,956,0.111,1,ee9850f3e961feea,0.622,4,1056,18.3,17.5,4.11,137.7,2,Stopped,11,44,88,0.0,1
0.386,10.3,2.43,5,9520.3,1,0,0.69,1006,0.386,2,7db38a8e8c02bc44,0.368,1,1006,0.1,0.0,4.8,115.3,3,Active,7,49,127,0.143,3
0.638,16.5,1.38,4,120.3,3,0,0.63,1802,0.581,4,9ee6bfdfb546cb9b,0.744,5,1978,0.6,-50.5,11.68,208.1,1,Active,10,185,293,0.4,4
0.451,21.1,4.23,5,333.3,3,0,0.55,1339,0.388,2,b136554ac85f23fb,0.453,2,1349,1.0,11.7,9.01,162.7,1,Active,11,180,408,1.182,5
0.485,8.8,0.01,1,439.6,3,1,2.58,1040,0.278,1,ee6d7828551a34e7,0.466,2,1237,0.2,-29.9,37.98,143.7,1,Active,22,324,687,0.318,3
0.605,12.6,0.41,2,2.8,5,1,0.41,920,0.605,4,8ac9193186600a38,0.381,1,920,0.4,0.0,1.88,144.4,1,Active,5,23,38,0.0,1
0.64,47.8,0.29,2,3156.7,2,1,0.53,1622,0.661,5,8ce911c9c01420c7,0.657,5,1632,1.1,-10.4,33.62,93.2,5,Active,24,1526,2500,0.917,5
0.534,12.4,0.16,1,707.1,3,1,4.65,1616,0.474,3,f4a19af267fc99b4,0.573,4,1627,2.1,27.9,30.0,116.7,3,Active,35,226,446,1.286,5
0.293,10.9,0.95,3,2.1,5,0,1.08,681,0.0,1,6ed00786b439c6c3,0.7,5,829,1.1,-29.7,1.43,143.0,2,Active,9,12,41,0.0,1
0.388,10.7,2.67,5,94.9,4,0,3.75,1722,0.317,2,65829b30e051da78,0.312,1,1830,8.5,88.0,21.1,233.4,1,Stopped,8,45,121,0.375,3
